0.000000,-0.004078886770764
0.001333,0.006992769229236
0.002667,-0.001608242770764
0.004000,-0.001819634770764
0.005333,-0.002751080770764
0.006667,-0.006959102770764
0.008000,-0.000472010770764
0.009333,-0.003642890770764
0.010667,-0.000366314770764
0.012000,-0.002632172770764
0.013333,-0.002414174770764
0.014667,-0.000775886770764
0.016000,-2.98477076412088E-06
0.017333,0.001285185229236
0.018667,-0.003372044770764
0.020000,0.000961491229236
0.021333,-0.001733756770764
0.022667,0.001925967229236
0.024000,-0.001813028770764
0.025333,0.001919361229236
0.026667,0.002533719229236
0.028000,0.008413059229236
0.029333,0.012508779229236
0.030667,0.014074401229236
0.032000,0.017516127229236
0.033333,0.017113161229236
0.034667,0.020132103229236
0.036000,0.020878581229236
0.037333,0.028283907229236
0.038667,0.042209355229236
0.040000,0.036990615229236
0.041333,0.037036857229236
0.042667,0.043999581229236
0.044000,0.050387583229236
0.045333,0.059153745229236
0.046667,0.055652565229236
0.048000,0.060270159229236
0.049333,0.060250341229236
0.050667,0.066744039229236
0.052000,0.070952061229236
0.053333,0.078344175229236
0.054667,0.083113707229236
0.056000,0.080755365229236
0.057333,0.085472049229236
0.058667,0.092705619229236
0.060000,0.092025201229236
0.061333,0.095916135229236
0.062667,0.099384285229236
0.064000,0.113963727229236
0.065333,0.121369053229236
0.066667,0.122023047229236
0.068000,0.125590287229236
0.069333,0.122987523229236
0.070667,0.121785231229236
0.072000,0.127188939229236
0.073333,0.136728003229236
0.074667,0.135849405229236
0.076000,0.149708793229236
0.077333,0.141530565229236
0.078667,0.149272797229236
0.080000,0.153104277229236
0.081333,0.156400671229236
0.082667,0.155621163229236
0.084000,0.166289853229236
0.085333,0.165477315229236
0.086667,0.171548229229236
0.088000,0.172440039229236
0.089333,0.171039567229236
0.090667,0.177856959229236
0.092000,0.185533131229236
0.093333,0.185473677229236
0.094667,0.187098753229236
0.096000,0.187230873229236
0.097333,0.193883115229236
0.098667,0.193724571229236
0.100000,0.199339671229236
0.101333,0.194173779229236
0.102667,0.197925987229236
0.104000,0.213357603229236
0.105333,0.208211529229236
0.106667,0.206758209229236
0.108000,0.204683925229236
0.109333,0.211580589229236
0.110667,0.212247795229236
0.112000,0.216482241229236
0.113333,0.213238695229236
0.114667,0.214480623229236
0.116000,0.211560771229236
0.117333,0.218794341229236
0.118667,0.225334281229236
0.120000,0.219170883229236
0.121333,0.228062559229236
0.122667,0.232032765229236
0.124000,0.237390231229236
0.125333,0.235791579229236
0.126667,0.243837687229236
0.128000,0.235765155229236
0.129333,0.239946753229236
0.130667,0.238929429229236
0.132000,0.243731991229236
0.133333,0.242681637229236
0.134667,0.225539067229236
0.136000,0.243401691229236
0.137333,0.252015915229236
0.138667,0.242734485229236
0.140000,0.249307455229236
0.141333,0.243421509229236
0.142667,0.249584907229236
0.144000,0.256858113229236
0.145333,0.247589895229236
0.146667,0.253991109229236
0.148000,0.259718511229236
0.149333,0.256289997229236
0.150667,0.249736845229236
0.152000,0.259236273229236
0.153333,0.253020027229236
0.154667,0.265954575229236
0.156000,0.263583021229236
0.157333,0.264137925229236
0.158667,0.261819219229236
0.160000,0.258027375229236
0.161333,0.262519455229236
0.162667,0.268035465229236
0.164000,0.264527679229236
0.165333,0.264243621229236
0.166667,0.275269035229236
0.168000,0.270393807229236
0.169333,0.271490403229236
0.170667,0.266410389229236
0.172000,0.272824815229236
0.173333,0.292966509229236
0.174667,0.267685347229236
0.176000,0.271602705229236
0.177333,0.274330983229236
0.178667,0.281571159229236
0.180000,0.264270045229236
0.181333,0.278545611229236
0.182667,0.269799267229236
0.184000,0.284841129229236
0.185333,0.285871665229236
0.186667,0.282661149229236
0.188000,0.277343319229236
0.189333,0.291843489229236
0.190667,0.282575271229236
0.192000,0.275004795229236
0.193333,0.288646185229236
0.194667,0.277825557229236
0.196000,0.277785921229236
0.197333,0.292807965229236
0.198667,0.299473419229236
0.200000,0.278842881229236
0.201333,0.282852723229236
0.202667,0.294624615229236
0.204000,0.285072339229236
0.205333,0.289656903229236
0.206667,0.279602571229236
0.208000,0.287014503229236
0.209333,0.279054273229236
0.210667,0.289115211229236
0.212000,0.297689799229236
0.213333,0.288051645229236
0.214667,0.290898831229236
0.216000,0.285884877229236
0.217333,0.298475913229236
0.218667,0.288454611229236
0.220000,0.292061487229236
0.221333,0.292087911229236
0.222667,0.294816189229236
0.224000,0.300959769229236
0.225333,0.300953163229236
0.226667,0.299968869229236
0.228000,0.292371969229236
0.229333,0.295998663229236
0.230667,0.292015245229236
0.232000,0.289736175229236
0.233333,0.298753365229236
0.234667,0.287893101229236
0.236000,0.282799875229236
0.237333,0.281425827229236
0.238667,0.284583495229236
0.240000,0.298938333229236
0.241333,0.286908807229236
0.242667,0.297762465229236
0.244000,0.313828257229236
0.245333,0.292173789229236
0.246667,0.301309887229236
0.248000,0.300398259229236
0.249333,0.301217403229236
0.250667,0.296778171229236
0.252000,0.282013761229236
0.253333,0.299202573229236
0.254667,0.301765701229236
0.256000,0.297293439229236
0.257333,0.301243827229236
0.258667,0.298740153229236
0.260000,0.292781541229236
0.261333,0.300048141229236
0.262667,0.298977969229236
0.264000,0.301983699229236
0.265333,0.290575137229236
0.266667,0.287120199229236
0.268000,0.302895327229236
0.269333,0.295311639229236
0.270667,0.292173789229236
0.272000,0.293177901229236
0.273333,0.287047533229236
0.274667,0.290707257229236
0.276000,0.304817673229236
0.277333,0.302122425229236
0.278667,0.294281103229236
0.280000,0.300067959229236
0.281333,0.287113593229236
0.282667,0.298911909229236
0.284000,0.298033311229236
0.285333,0.288626367229236
0.286667,0.293752623229236
0.288000,0.296910291229236
0.289333,0.298746759229236
0.290667,0.300371835229236
0.292000,0.297425559229236
0.293333,0.291281979229236
0.294667,0.290449623229236
0.296000,0.298766577229236
0.297333,0.296738535229236
0.298667,0.303978711229236
0.300000,0.291328221229236
0.301333,0.294254679229236
0.302667,0.288058251229236
0.304000,0.295846725229236
0.305333,0.291288585229236
0.306667,0.289055757229236
0.308000,0.287318379229236
0.309333,0.290892225229236
0.310667,0.286955049229236
0.312000,0.293997045229236
0.313333,0.294532131229236
0.314667,0.286935231229236
0.316000,0.299466813229236
0.317333,0.297214167229236
0.318667,0.289736175229236
0.320000,0.290158959229236
0.321333,0.289630479229236
0.322667,0.291116829229236
0.324000,0.303635199229236
0.325333,0.291044163229236
0.326667,0.285706515229236
0.328000,0.298925121229236
0.329333,0.288012009229236
0.330667,0.299156331229236
0.332000,0.296632839229236
0.333333,0.292880631229236
0.334667,0.295516425229236
0.336000,0.288976485229236
0.337333,0.288282855229236
0.338667,0.283803987229236
0.340000,0.289670115229236
0.341333,0.291493371229236
0.342667,0.292689057229236
0.344000,0.282106245229236
0.345333,0.286188753229236
0.346667,0.289841871229236
0.348000,0.288230007229236
0.349333,0.279140151229236
0.350667,0.282694179229236
0.352000,0.282766845229236
0.353333,0.278076585229236
0.354667,0.292484271229236
0.356000,0.292893843229236
0.357333,0.290925255229236
0.358667,0.289353027229236
0.360000,0.279410997229236
0.361333,0.282238365229236
0.362667,0.279860205229236
0.364000,0.284147499229236
0.365333,0.285296943229236
0.366667,0.275037825229236
0.368000,0.272725725229236
0.369333,0.280956801229236
0.370667,0.280164081229236
0.372000,0.286135905229236
0.373333,0.289234119229236
0.374667,0.288758487229236
0.376000,0.285277125229236
0.377333,0.278380461229236
0.378667,0.286142511229236
0.380000,0.274588617229236
0.381333,0.285713121229236
0.382667,0.273022995229236
0.384000,0.279774327229236
0.385333,0.270691077229236
0.386667,0.288527277229236
0.388000,0.282436545229236
0.389333,0.284629737229236
0.390667,0.281696673229236
0.392000,0.272798391229236
0.393333,0.281042679229236
0.394667,0.293640321229236
0.396000,0.282509211229236
0.397333,0.285065733229236
0.398667,0.275962665229236
0.400000,0.277277259229236
0.401333,0.273683595229236
0.402667,0.287133411229236
0.404000,0.279536511229236
0.405333,0.272732331229236
0.406667,0.271569675229236
0.408000,0.284524041229236
0.409333,0.282357273229236
0.410667,0.276603447229236
0.412000,0.284543859229236
0.413333,0.281518311229236
0.414667,0.271516827229236
0.416000,0.275414367229236
0.417333,0.269673753229236
0.418667,0.275771091229236
0.420000,0.259209849229236
0.421333,0.275837151229236
0.422667,0.286472811229236
0.424000,0.274212075229236
0.425333,0.273452385229236
0.426667,0.274416861229236
0.428000,0.277138533229236
0.429333,0.263886897229236
0.430667,0.271569675229236
0.432000,0.259936509229236
0.433333,0.274086561229236
0.434667,0.266450025229236
0.436000,0.278605065229236
0.437333,0.265062765229236
0.438667,0.275962665229236
0.440000,0.266542509229236
0.441333,0.271761249229236
0.442667,0.260220567229236
0.444000,0.268742307229236
0.445333,0.270796773229236
0.446667,0.265142037229236
0.448000,0.262308063229236
0.449333,0.255206613229236
0.450667,0.265128825229236
0.452000,0.262453395229236
0.453333,0.261277527229236
0.454667,0.261085953229236
0.456000,0.253627779229236
0.457333,0.262499637229236
0.458667,0.249267819229236
0.460000,0.270314535229236
0.461333,0.262592121229236
0.462667,0.259090941229236
0.464000,0.259315545229236
0.465333,0.264950463229236
0.466667,0.259976145229236
0.468000,0.273029601229236
0.469333,0.266364147229236
0.470667,0.267249351229236
0.472000,0.261713523229236
0.473333,0.257247867229236
0.474667,0.262519455229236
0.476000,0.257604591229236
0.477333,0.256957203229236
0.478667,0.248508129229236
0.480000,0.263398053229236
0.481333,0.256138059229236
0.482667,0.244134957229236
0.484000,0.250404051229236
0.485333,0.260451777229236
0.486667,0.253456023229236
0.488000,0.262519455229236
0.489333,0.252465123229236
0.490667,0.250529565229236
0.492000,0.256600479229236
0.493333,0.264580527229236
0.494667,0.259678875229236
0.496000,0.254400681229236
0.497333,0.256296603229236
0.498667,0.251844159229236
0.500000,0.257637621229236
0.501333,0.248276919229236
0.502667,0.255219825229236
0.504000,0.247279413229236
0.505333,0.253746687229236
0.506667,0.253839171229236
0.508000,0.256197513229236
0.509333,0.248613825229236
0.510667,0.240699837229236
0.512000,0.254816859229236
0.513333,0.250589019229236
0.514667,0.248541159229236
0.516000,0.252233913229236
0.517333,0.243897141229236
0.518667,0.253456023229236
0.520000,0.257842407229236
0.521333,0.257274291229236
0.522667,0.245343855229236
0.524000,0.247523835229236
0.525333,0.241241529229236
0.526667,0.242760909229236
0.528000,0.252643485229236
0.529333,0.229806543229236
0.530667,0.239266335229236
0.532000,0.249274425229236
0.533333,0.250503141229236
0.534667,0.244874829229236
0.536000,0.247959831229236
0.537333,0.231127743229236
0.538667,0.239768391229236
0.540000,0.240019419229236
0.541333,0.239490939229236
0.542667,0.241466133229236
0.544000,0.235164009229236
0.545333,0.249908601229236
0.546667,0.244029261229236
0.548000,0.239187063229236
0.549333,0.236491815229236
0.550667,0.233360571229236
0.552000,0.233386995229236
0.553333,0.233327541229236
0.554667,0.233386995229236
0.556000,0.238321677229236
0.557333,0.232838697229236
0.558667,0.238011195229236
0.560000,0.233327541229236
0.561333,0.240600747229236
0.562667,0.250489929229236
0.564000,0.240092085229236
0.565333,0.235322553229236
0.566667,0.226642269229236
0.568000,0.230401083229236
0.569333,0.232330035229236
0.570667,0.234424137229236
0.572000,0.222533337229236
0.573333,0.236260605229236
0.574667,0.223444965229236
0.576000,0.224343381229236
0.577333,0.225657975229236
0.578667,0.225169131229236
0.580000,0.224746347229236
0.581333,0.232766031229236
0.582667,0.231629799229236
0.584000,0.235315947229236
0.585333,0.219025551229236
0.586667,0.224290533229236
0.588000,0.223174119229236
0.589333,0.235388613229236
0.590667,0.235395219229236
0.592000,0.235236675229236
0.593333,0.227421777229236
0.594667,0.225552279229236
0.596000,0.227170749229236
0.597333,0.222275703229236
0.598667,0.228412677229236
0.600000,0.228491949229236
0.601333,0.228452313229236
0.602667,0.223530843229236
0.604000,0.231966705229236
0.605333,0.226259121229236
0.606667,0.224567985229236
0.608000,0.218391375229236
0.609333,0.219692757229236
0.610667,0.226754571229236
0.612000,0.220703475229236
0.613333,0.218397981229236
0.614667,0.213291543229236
0.616000,0.221819889229236
0.617333,0.212756457229236
0.618667,0.221179107229236
0.620000,0.216759693229236
0.621333,0.226615845229236
0.622667,0.220525113229236
0.624000,0.220062693229236
0.625333,0.217156053229236
0.626667,0.226860267229236
0.628000,0.220914867229236
0.629333,0.217664715229236
0.630667,0.214064445229236
0.632000,0.218946279229236
0.633333,0.216687027229236
0.634667,0.215887701229236
0.636000,0.212333673229236
0.637333,0.210457569229236
0.638667,0.211474893229236
0.640000,0.211712709229236
0.641333,0.217129629229236
0.642667,0.213245301229236
0.644000,0.211791981229236
0.645333,0.218179983229236
0.646667,0.211752345229236
0.648000,0.218265861229236
0.649333,0.217149447229236
0.650667,0.221298015229236
0.652000,0.207194205229236
0.653333,0.210345267229236
0.654667,0.210292419229236
0.656000,0.204736773229236
0.657333,0.214837347229236
0.658667,0.212657367229236
0.660000,0.214493835229236
0.661333,0.211065321229236
0.662667,0.211534347229236
0.664000,0.206427909229236
0.665333,0.206408091229236
0.666667,0.205529493229236
0.668000,0.205958883229236
0.669333,0.212109069229236
0.670667,0.207940683229236
0.672000,0.204796227229236
0.673333,0.206011731229236
0.674667,0.200548569229236
0.676000,0.203593935229236
0.677333,0.200865657229236
0.678667,0.212003373229236
0.680000,0.212928213229236
0.681333,0.201334683229236
0.682667,0.206018337229236
0.684000,0.204868893229236
0.685333,0.209915877229236
0.686667,0.198190227229236
0.688000,0.203567511229236
0.689333,0.201671589229236
0.690667,0.198930099229236
0.692000,0.198593193229236
0.693333,0.204756591229236
0.694667,0.200753355229236
0.696000,0.188809707229236
0.697333,0.204181869229236
0.698667,0.198117561229236
0.700000,0.207134751229236
0.701333,0.198104349229236
0.702667,0.193962387229236
0.704000,0.197357871229236
0.705333,0.199121673229236
0.706667,0.201843345229236
0.708000,0.190705629229236
0.709333,0.199881363229236
0.710667,0.193638693229236
0.712000,0.199861545229236
0.713333,0.190758477229236
0.714667,0.193314999229236
0.716000,0.192733671229236
0.717333,0.199418943229236
0.718667,0.202920123229236
0.720000,0.185962521229236
0.721333,0.198599799229236
0.722667,0.195587463229236
0.724000,0.198864039229236
0.725333,0.191095383229236
0.726667,0.197734413229236
0.728000,0.192641187229236
0.729333,0.205384161229236
0.730667,0.195468555229236
0.732000,0.190798113229236
0.733333,0.183121941229236
0.734667,0.189014493229236
0.736000,0.195428919229236
0.737333,0.192786519229236
0.738667,0.181311897229236
0.740000,0.184456353229236
0.741333,0.194087901229236
0.742667,0.197351265229236
0.744000,0.179515065229236
0.745333,0.186781665229236
0.746667,0.196380183229236
0.748000,0.192297675229236
0.749333,0.194233233229236
0.750667,0.187983957229236
0.752000,0.199451973229236
0.753333,0.182705763229236
0.754667,0.190824537229236
0.756000,0.176608425229236
0.757333,0.182567037229236
0.758667,0.184634715229236
0.760000,0.178920525229236
0.761333,0.177262419229236
0.762667,0.184205325229236
0.764000,0.181880013229236
0.765333,0.191313381229236
0.766667,0.181397775229236
0.768000,0.195197709229236
0.769333,0.187197843229236
0.770667,0.180585237229236
0.772000,0.183273879229236
0.773333,0.184020357229236
0.774667,0.182903943229236
0.776000,0.175994067229236
0.777333,0.176264913229236
0.778667,0.177526659229236
0.780000,0.189483519229236
0.781333,0.175967643229236
0.782667,0.178094775229236
0.784000,0.181358139229236
0.785333,0.190956657229236
0.786667,0.186530637229236
0.788000,0.178174047229236
0.789333,0.170042061229236
0.790667,0.171449139229236
0.792000,0.175181529229236
0.793333,0.174124569229236
0.794667,0.176958543229236
0.796000,0.177051027229236
0.797333,0.176885877229236
0.798667,0.185876643229236
0.800000,0.178603437229236
0.801333,0.190428177229236
0.802667,0.178570407229236
0.804000,0.176648061229236
0.805333,0.172367373229236
0.806667,0.181384563229236
0.808000,0.183201213229236
0.809333,0.185070711229236
0.810667,0.167842263229236
0.812000,0.164116479229236
0.813333,0.173622513229236
0.814667,0.164592111229236
0.816000,0.169110615229236
0.817333,0.167148633229236
0.818667,0.170808357229236
0.820000,0.174686079229236
0.821333,0.173080821229236
0.822667,0.167102391229236
0.824000,0.171753015229236
0.825333,0.168641589229236
0.826667,0.173437545229236
0.828000,0.174507717229236
0.829333,0.164459991229236
0.830667,0.172043679229236
0.832000,0.159122343229236
0.833333,0.172994943229236
0.834667,0.173140275229236
0.836000,0.169738185229236
0.837333,0.156915939229236
0.838667,0.158085201229236
0.840000,0.166996695229236
0.841333,0.172189011229236
0.842667,0.163178427229236
0.844000,0.164334477229236
0.845333,0.167478933229236
0.846667,0.161718501229236
0.848000,0.161203233229236
0.849333,0.157787931229236
0.850667,0.167108997229236
0.852000,0.159148767229236
0.853333,0.162491403229236
0.854667,0.166421973229236
0.856000,0.161236263229236
0.857333,0.163832421229236
0.858667,0.165734949229236
0.860000,0.169401279229236
0.861333,0.167056149229236
0.862667,0.164156115229236
0.864000,0.163753149229236
0.865333,0.168952071229236
0.866667,0.170953689229236
0.868000,0.174111357229236
0.869333,0.167432691229236
0.870667,0.165886887229236
0.872000,0.160859721229236
0.873333,0.159789549229236
0.874667,0.160139667229236
0.876000,0.169222917229236
0.877333,0.156909333229236
0.878667,0.170378967229236
0.880000,0.168681225229236
0.881333,0.161559957229236
0.882667,0.151333869229236
0.884000,0.169573035229236
0.885333,0.153401547229236
0.886667,0.170530905229236
0.888000,0.164308053229236
0.889333,0.159069495229236
0.890667,0.160146273229236
0.892000,0.160245363229236
0.893333,0.160793661229236
0.894667,0.163502121229236
0.896000,0.154022511229236
0.897333,0.156182673229236
0.898667,0.160615299229236
0.900000,0.157556721229236
0.901333,0.158184291229236
0.902667,0.157622781229236
0.904000,0.161209839229236
0.905333,0.154134813229236
0.906667,0.158659923229236
0.908000,0.148658439229236
0.909333,0.153870573229236
0.910667,0.157100907229236
0.912000,0.154868079229236
0.913333,0.147753417229236
0.914667,0.142290255229236
0.916000,0.147297603229236
0.917333,0.141477717229236
0.918667,0.161071113229236
0.920000,0.159195009229236
0.921333,0.150653451229236
0.922667,0.151868955229236
0.924000,0.144199389229236
0.925333,0.150488301229236
0.926667,0.156361035229236
0.928000,0.163006671229236
0.929333,0.149926791229236
0.930667,0.152846643229236
0.932000,0.158369259229236
0.933333,0.152826825229236
0.934667,0.154973775229236
0.936000,0.145381863229236
0.937333,0.148070505229236
0.938667,0.152040711229236
0.940000,0.152027499229236
0.941333,0.139139193229236
0.942667,0.140665179229236
0.944000,0.146940879229236
0.945333,0.148744317229236
0.946667,0.148473471229236
0.948000,0.150085335229236
0.949333,0.143281155229236
0.950667,0.139317555229236
0.952000,0.145626285229236
0.953333,0.141200265229236
0.954667,0.144523083229236
0.956000,0.138339867229236
0.957333,0.142706433229236
0.958667,0.144047451229236
0.960000,0.164625141229236
0.961333,0.141220083229236
0.962667,0.142785705229236
0.964000,0.141418263229236
0.965333,0.141319173229236
0.966667,0.146729487229236
0.968000,0.142964067229236
0.969333,0.145837677229236
0.970667,0.136424127229236
0.972000,0.135129351229236
0.973333,0.148110141229236
0.974667,0.139000467229236
0.976000,0.152067135229236
0.977333,0.150600603229236
0.978667,0.136397703229236
0.980000,0.136860123229236
0.981333,0.143162247229236
0.982667,0.140202759229236
0.984000,0.147370269229236
0.985333,0.148050687229236
0.986667,0.134924565229236
0.988000,0.145025139229236
0.989333,0.135479469229236
0.990667,0.138445563229236
0.992000,0.138379503229236
0.993333,0.141735351229236
0.994667,0.127605117229236
0.996000,0.129619947229236
0.997333,0.138756045229236
0.998667,0.133636395229236
1.000000,0.141728745229236
1.001333,0.139310949229236
1.002667,0.147594873229236
1.004000,0.133960089229236
1.005333,0.131344113229236
1.006667,0.132989007229236
1.008000,0.132942765229236
1.009333,0.139066527229236
1.010667,0.126997365229236
1.012000,0.134911353229236
1.013333,0.142303467229236
1.014667,0.145111017229236
1.016000,0.130769391229236
1.017333,0.128166627229236
1.018667,0.129302859229236
1.020000,0.129712431229236
1.021333,0.134620689229236
1.022667,0.127136091229236
1.024000,0.134039361229236
1.025333,0.137137575229236
1.026667,0.135558741229236
1.028000,0.127552269229236
1.029333,0.136113645229236
1.030667,0.136060797229236
1.032000,0.127552269229236
1.033333,0.125999859229236
1.034667,0.127149303229236
1.036000,0.129150921229236
1.037333,0.132407679229236
1.038667,0.133636395229236
1.040000,0.137249877229236
1.041333,0.138386109229236
1.042667,0.121593657229236
1.044000,0.139192041229236
1.045333,0.141504141229236
1.046667,0.125577075229236
1.048000,0.127644753229236
1.049333,0.133028643229236
1.050667,0.127446573229236
1.052000,0.129798309229236
1.053333,0.119995005229236
1.054667,0.130941147229236
1.056000,0.126871851229236
1.057333,0.131264841229236
1.058667,0.129071649229236
1.060000,0.137989749229236
1.061333,0.134270571229236
1.062667,0.120820755229236
1.064000,0.136754427229236
1.065333,0.130914723229236
1.066667,0.133722273229236
1.068000,0.118363323229236
1.069333,0.138161505229236
1.070667,0.128516745229236
1.072000,0.132268953229236
1.073333,0.126065919229236
1.074667,0.123648123229236
1.076000,0.127776873229236
1.077333,0.126673671229236
1.078667,0.126224463229236
1.080000,0.118244415229236
1.081333,0.130095579229236
1.082667,0.122881827229236
1.084000,0.121659717229236
1.085333,0.126224463229236
1.086667,0.117141213229236
1.088000,0.121507779229236
1.089333,0.115773771229236
1.090667,0.117729147229236
1.092000,0.120582939229236
1.093333,0.129699219229236
1.094667,0.118673805229236
1.096000,0.125557257229236
1.097333,0.114881961229236
1.098667,0.119770401229236
1.100000,0.119862885229236
1.101333,0.120404577229236
1.102667,0.122128743229236
1.104000,0.122148561229236
1.105333,0.123443337229236
1.106667,0.124784355229236
1.108000,0.115786983229236
1.109333,0.116692005229236
1.110667,0.121910745229236
1.112000,0.123707577229236
1.113333,0.120933057229236
1.114667,0.123674547229236
1.116000,0.119935551229236
1.117333,0.125847921229236
1.118667,0.125629923229236
1.120000,0.122075895229236
1.121333,0.116969457229236
1.122667,0.116540067229236
1.124000,0.115007475229236
1.125333,0.112345257229236
1.126667,0.120596151229236
1.128000,0.111922473229236
1.129333,0.118217991229236
1.130667,0.124275693229236
1.132000,0.117861267229236
1.133333,0.112860525229236
1.134667,0.120279063229236
1.136000,0.110753211229236
1.137333,0.118667199229236
1.138667,0.116262615229236
1.140000,0.110185095229236
1.141333,0.109273467229236
1.142667,0.115773771229236
1.144000,0.115278321229236
1.145333,0.110812665229236
1.146667,0.119849673229236
1.148000,0.109154559229236
1.149333,0.114604509229236
1.150667,0.118052841229236
1.152000,0.116843943229236
1.153333,0.114128877229236
1.154667,0.118435989229236
1.156000,0.114855537229236
1.157333,0.107027427229236
1.158667,0.105897801229236
1.160000,0.107423787229236
1.161333,0.117636663229236
1.162667,0.115047111229236
1.164000,0.112530225229236
1.165333,0.118350111229236
1.166667,0.112860525229236
1.168000,0.104503935229236
1.169333,0.116658975229236
1.170667,0.120741483229236
1.172000,0.115218867229236
1.173333,0.122934675229236
1.174667,0.112193319229236
1.176000,0.111565749229236
1.177333,0.113263491229236
1.178667,0.115826619229236
1.180000,0.113355975229236
1.181333,0.113983545229236
1.182667,0.117808419229236
1.184000,0.107298273229236
1.185333,0.107780511229236
1.186667,0.103268613229236
1.188000,0.107007609229236
1.189333,0.114796083229236
1.190667,0.109577343229236
1.192000,0.110759817229236
1.193333,0.104596419229236
1.194667,0.104933325229236
1.196000,0.113983545229236
1.197333,0.116434371229236
1.198667,0.109709463229236
1.200000,0.105534471229236
1.201333,0.099060591229236
1.202667,0.104708721229236
1.204000,0.106882095229236
1.205333,0.109491465229236
1.206667,0.107001003229236
1.208000,0.100956513229236
1.209333,0.102409833229236
1.210667,0.111869625229236
1.212000,0.107734269229236
1.213333,0.108097599229236
1.214667,0.107932449229236
1.216000,0.102720315229236
1.217333,0.109768917229236
1.218667,0.103010979229236
1.220000,0.101868141229236
1.221333,0.101478387229236
1.222667,0.106386645229236
1.224000,0.104365209229236
1.225333,0.103017585229236
1.226667,0.105587319229236
1.228000,0.107060457229236
1.229333,0.106855671229236
1.230667,0.099139863229236
1.232000,0.104299149229236
1.233333,0.107780511229236
1.234667,0.106558401229236
1.236000,0.105389139229236
1.237333,0.104642661229236
1.238667,0.099476769229236
1.240000,0.093861669229236
1.241333,0.100038279229236
1.242667,0.102072927229236
1.244000,0.099674949229236
1.245333,0.093564399229236
1.246667,0.103737639229236
1.248000,0.107205789229236
1.249333,0.100883847229236
1.250667,0.096563523229236
1.252000,0.098994531229236
1.253333,0.100236459229236
1.254667,0.101894565229236
1.256000,0.095156445229236
1.257333,0.098215023229236
1.258667,0.095968983229236
1.260000,0.101775657229236
1.261333,0.111222237229236
1.262667,0.094310877229236
1.264000,0.100791363229236
1.265333,0.099456951229236
1.266667,0.096464433229236
1.268000,0.101491599229236
1.269333,0.098604777229236
1.270667,0.099067197229236
1.272000,0.103691397229236
1.273333,0.098809563229236
1.274667,0.101511417229236
1.276000,0.103083645229236
1.277333,0.100461063229236
1.278667,0.093656883229236
1.280000,0.092692407229236
1.281333,0.102984555229236
1.282667,0.092791497229236
1.284000,0.102707103229236
1.285333,0.090756849229236
1.286667,0.095817045229236
1.288000,0.098908653229236
1.289333,0.097164669229236
1.290667,0.091483509229236
1.292000,0.100071309229236
1.293333,0.092566893229236
1.294667,0.098690655229236
1.296000,0.091324965229236
1.297333,0.098168781229236
1.298667,0.100897059229236
1.300000,0.090320853229236
1.301333,0.095618865229236
1.302667,0.100414821229236
1.304000,0.084441513229236
1.305333,0.097118427229236
1.306667,0.092864163229236
1.308000,0.088801473229236
1.309333,0.098386779229236
1.310667,0.085623987229236
1.312000,0.094614753229236
1.313333,0.098248053229236
1.314667,0.097072185229236
1.316000,0.090406731229236
1.317333,0.095077173229236
1.318667,0.082882497229236
1.320000,0.103539459229236
1.321333,0.096728673229236
1.322667,0.098452839229236
1.324000,0.093888093229236
1.325333,0.087414213229236
1.326667,0.085696653229236
1.328000,0.093557793229236
1.329333,0.082677711229236
1.330667,0.097858299229236
1.332000,0.091919505229236
1.333333,0.088642929229236
1.334667,0.092005383229236
1.336000,0.088444749229236
1.337333,0.090882363229236
1.338667,0.095949165229236
1.340000,0.095123415229236
1.341333,0.090796485229236
1.342667,0.095295171229236
1.344000,0.089039289229236
1.345333,0.092249805229236
1.346667,0.095929347229236
1.348000,0.094872387229236
1.349333,0.094766691229236
1.350667,0.097977207229236
1.352000,0.086192103229236
1.353333,0.090981453229236
1.354667,0.090803091229236
1.356000,0.091556175229236
1.357333,0.083992305229236
1.358667,0.094859175229236
1.360000,0.083813943229236
1.361333,0.089508315229236
1.362667,0.087103731229236
1.364000,0.086443131229236
1.365333,0.091305147229236
1.366667,0.080411853229236
1.368000,0.086780037229236
1.369333,0.087017853229236
1.370667,0.095209293229236
1.372000,0.090776667229236
1.373333,0.080174037229236
1.374667,0.087480273229236
1.376000,0.087506697229236
1.377333,0.086548827229236
1.378667,0.083807337229236
1.380000,0.090479397229236
1.381333,0.086562039229236
1.382667,0.084045153229236
1.384000,0.089396013229236
1.385333,0.086277981229236
1.386667,0.086905551229236
1.388000,0.085412595229236
1.389333,0.092718831229236
1.390667,0.089917887229236
1.392000,0.084560421229236
1.393333,0.079658769229236
1.394667,0.086225133229236
1.396000,0.088900563229236
1.397333,0.080801607229236
1.398667,0.087434031229236
1.400000,0.085802349229236
1.401333,0.084533997229236
1.402667,0.084012123229236
1.404000,0.080841243229236
1.405333,0.087585969229236
1.406667,0.077221155229236
1.408000,0.083615763229236
1.409333,0.088167297229236
1.410667,0.079599315229236
1.412000,0.073442523229236
1.413333,0.090188733229236
1.414667,0.086608281229236
1.416000,0.091523145229236
1.417333,0.074988327229236
1.418667,0.081845355229236
1.420000,0.081561297229236
1.421333,0.085802349229236
1.422667,0.083483643229236
1.424000,0.085254051229236
1.425333,0.080392035229236
1.426667,0.088220145229236
1.428000,0.082195473229236
1.429333,0.085511685229236
1.430667,0.087176397229236
1.432000,0.081851961229236
1.433333,0.075536625229236
1.434667,0.083192979229236
1.436000,0.071401269229236
1.437333,0.083800731229236
1.438667,0.087685059229236
1.440000,0.085439019229236
1.441333,0.079295439229236
1.442667,0.081303663229236
1.444000,0.080068341229236
1.445333,0.081079059229236
1.446667,0.081178149229236
1.448000,0.078185631229236
1.449333,0.077221155229236
1.450667,0.076309527229236
1.452000,0.078397023229236
1.453333,0.084388665229236
1.454667,0.078628233229236
1.456000,0.078383811229236
1.457333,0.074638209229236
1.458667,0.079546467229236
1.460000,0.081316875229236
1.461333,0.070681215229236
1.462667,0.075966015229236
1.464000,0.074651421229236
1.465333,0.071586237229236
1.466667,0.074578755229236
1.468000,0.072722469229236
1.469333,0.078271509229236
1.470667,0.079394529229236
1.472000,0.068943837229236
1.473333,0.074790147229236
1.474667,0.074922267229236
1.476000,0.077584485229236
1.477333,0.080392035229236
1.478667,0.077802483229236
1.480000,0.074889237229236
1.481333,0.074281485229236
1.482667,0.083417583229236
1.484000,0.073627491229236
1.485333,0.076144377229236
1.486667,0.067140399229236
1.488000,0.076388799229236
1.489333,0.078780171229236
1.490667,0.077115459229236
1.492000,0.073647309229236
1.493333,0.076501101229236
1.494667,0.078806595229236
1.496000,0.078641445229236
1.497333,0.080828031229236
1.498667,0.073416099229236
1.500000,0.073402887229236
1.501333,0.072643197229236
1.502667,0.073898337229236
1.504000,0.081442389229236
1.505333,0.063302313229236
1.506667,0.063553341229236
1.508000,0.067847241229236
1.509333,0.076725705229236
1.510667,0.070575519229236
1.512000,0.079856949229236
1.513333,0.076177407229236
1.514667,0.073237737229236
1.516000,0.074116335229236
1.517333,0.072696045229236
1.518667,0.073165071229236
1.520000,0.073653915229236
1.521333,0.080008887229236
1.522667,0.073528401229236
1.524000,0.077359881229236
1.525333,0.074618391229236
1.526667,0.072022233229236
1.528000,0.066446769229236
1.529333,0.076474677229236
1.530667,0.073085799229236
1.532000,0.067437669229236
1.533333,0.072075081229236
1.534667,0.066400527229236
1.536000,0.062027355229236
1.537333,0.073264161229236
1.538667,0.071427693229236
1.540000,0.064319637229236
1.541333,0.070238613229236
1.542667,0.075259173229236
1.544000,0.069135411229236
1.545333,0.063341949229236
1.546667,0.075985833229236
1.548000,0.075153477229236
1.549333,0.067622637229236
1.550667,0.074089911229236
1.552000,0.073891731229236
1.553333,0.070014009229236
1.554667,0.077868543229236
1.556000,0.078833019229236
1.557333,0.070714245229236
1.558667,0.075847107229236
1.560000,0.063744915229236
1.561333,0.059807739229236
1.562667,0.069875283229236
1.564000,0.068930625229236
1.565333,0.065938107229236
1.566667,0.061102515229236
1.568000,0.065852229229236
1.569333,0.069115593229236
1.570667,0.061591359229236
1.572000,0.064134669229236
1.573333,0.067074339229236
1.574667,0.063883641229236
1.576000,0.073971003229236
1.577333,0.067820817229236
1.578667,0.066638343229236
1.580000,0.076765341229236
1.581333,0.064960419229236
1.582667,0.066321255229236
1.584000,0.065872047229236
1.585333,0.060408885229236
1.586667,0.066222165229236
1.588000,0.071559813229236
1.589333,0.068184147229236
1.590667,0.073521795229236
1.592000,0.066367497229236
1.593333,0.066499617229236
1.594667,0.066057015229236
1.596000,0.079480407229236
1.597333,0.065594595229236
1.598667,0.070740669229236
1.600000,0.065587989229236
1.601333,0.066757251229236
1.602667,0.074314515229236
1.604000,0.072220413229236
1.605333,0.065568171229236
1.606667,0.063850611229236
1.608000,0.063044679229236
1.609333,0.059761497229236
1.610667,0.064709391229236
1.612000,0.075199719229236
1.613333,0.063863823229236
1.614667,0.065052903229236
1.616000,0.063553341229236
1.617333,0.060977001229236
1.618667,0.063130557229236
1.620000,0.058387449229236
1.621333,0.070000797229236
1.622667,0.064101639229236
1.624000,0.062588865229236
1.625333,0.063817581229236
1.626667,0.062991831229236
1.628000,0.066869553229236
1.629333,0.065185023229236
1.630667,0.062377473229236
1.632000,0.063936489229236
1.633333,0.059120715229236
1.634667,0.059094291229236
1.636000,0.066796887229236
1.637333,0.060514581229236
1.638667,0.064161093229236
1.640000,0.063764733229236
1.641333,0.059404773229236
1.642667,0.066294831229236
1.644000,0.064610301229236
1.645333,0.061921659229236
1.646667,0.057548487229236
1.648000,0.062384079229236
1.649333,0.062872923229236
1.650667,0.062284989229236
1.652000,0.058235511229236
1.653333,0.066426951229236
1.654667,0.061115727229236
1.656000,0.065019873229236
1.657333,0.061848993229236
1.658667,0.060943971229236
1.660000,0.066942219229236
1.661333,0.060501369229236
1.662667,0.062179293229236
1.664000,0.056650071229236
1.665333,0.060560823229236
1.666667,0.061155363229236
1.668000,0.068719233229236
1.669333,0.054727725229236
1.670667,0.059431197229236
1.672000,0.065673867229236
1.673333,0.054866451229236
1.674667,0.066664767229236
1.676000,0.056854857229236
1.677333,0.054463485229236
1.678667,0.055771473229236
1.680000,0.065356779229236
1.681333,0.062972013229236
1.682667,0.063559947229236
1.684000,0.055844139229236
1.685333,0.054318153229236
1.686667,0.058506357229236
1.688000,0.058367631229236
1.689333,0.057475821229236
1.690667,0.059721861229236
1.692000,0.058162845229236
1.693333,0.059417985229236
1.694667,0.055923411229236
1.696000,0.059728467229236
1.697333,0.060164463229236
1.698667,0.059556711229236
1.700000,0.056478315229236
1.701333,0.059001807229236
1.702667,0.054958935229236
1.704000,0.057251217229236
1.705333,0.059384955229236
1.706667,0.060164463229236
1.708000,0.049099413229236
1.709333,0.057033219229236
1.710667,0.054390819229236
1.712000,0.057839151229236
1.713333,0.059682225229236
1.714667,0.056075349229236
1.716000,0.060858093229236
1.717333,0.055645959229236
1.718667,0.056735949229236
1.720000,0.054040701229236
1.721333,0.057931635229236
1.722667,0.061492269229236
1.724000,0.055269417229236
1.725333,0.054602211229236
1.726667,0.057601335229236
1.728000,0.053697189229236
1.729333,0.060990213229236
1.730667,0.054721119229236
1.732000,0.051054789229236
1.733333,0.052541139229236
1.734667,0.054991965229236
1.736000,0.053472585229236
1.737333,0.052911075229236
1.738667,0.058909323229236
1.740000,0.050863215229236
1.741333,0.056280135229236
1.742667,0.050235645229236
1.744000,0.059550105229236
1.745333,0.064616907229236
1.746667,0.062377473229236
1.748000,0.054859845229236
1.749333,0.049191897229236
1.750667,0.058843263229236
1.752000,0.047183673229236
1.753333,0.061591359229236
1.754667,0.061630995229236
1.756000,0.053968035229236
1.757333,0.057806121229236
1.758667,0.055044813229236
1.760000,0.058427085229236
1.761333,0.054939117229236
1.762667,0.061730085229236
1.764000,0.048187785229236
1.765333,0.055863957229236
1.766667,0.055850745229236
1.768000,0.057931635229236
1.769333,0.044798907229236
1.770667,0.052646835229236
1.772000,0.055051419229236
1.773333,0.058334601229236
1.774667,0.050268675229236
1.776000,0.054252093229236
1.777333,0.056042319229236
1.778667,0.053518827229236
1.780000,0.048445419229236
1.781333,0.056114985229236
1.782667,0.055930017229236
1.784000,0.050367765229236
1.785333,0.052917681229236
1.786667,0.050499885229236
1.788000,0.053736825229236
1.789333,0.045049935229236
1.790667,0.049264563229236
1.792000,0.050949093229236
1.793333,0.053598099229236
1.794667,0.054186033229236
1.796000,0.060792033229236
1.797333,0.056399043229236
1.798667,0.052290111229236
1.800000,0.052263687229236
1.801333,0.047335611229236
1.802667,0.046516467229236
1.804000,0.057997695229236
1.805333,0.053558463229236
1.806667,0.053901975229236
1.808000,0.054509727229236
1.809333,0.054846633229236
1.810667,0.043319163229236
1.812000,0.050374371229236
1.813333,0.044904603229236
1.814667,0.051437937229236
1.816000,0.043860855229236
1.817333,0.050499885229236
1.818667,0.049627893229236
1.820000,0.054106761229236
1.821333,0.047784819229236
1.822667,0.051285999229236
1.824000,0.049112625229236
1.825333,0.053842521229236
1.826667,0.052514715229236
1.828000,0.051081213229236
1.829333,0.047210097229236
1.830667,0.048821961229236
1.832000,0.053677371229236
1.833333,0.043411647229236
1.834667,0.050816973229236
1.836000,0.051285999229236
1.837333,0.046595739229236
1.838667,0.049053171229236
1.840000,0.041026881229236
1.841333,0.055256205229236
1.842667,0.043722129229236
1.844000,0.046417377229236
1.845333,0.042889773229236
1.846667,0.052210839229236
1.848000,0.051490785229236
1.849333,0.055203357229236
1.850667,0.048894627229236
1.852000,0.047718759229236
1.853333,0.051074607229236
1.854667,0.051371877229236
1.856000,0.050810367229236
1.857333,0.045598233229236
1.858667,0.053247981229236
1.860000,0.045518961229236
1.861333,0.053479191229236
1.862667,0.053736825229236
1.864000,0.051973023229236
1.865333,0.046126713229236
1.866667,0.051391695229236
1.868000,0.045809625229236
1.869333,0.050129949229236
1.870667,0.050955699229236
1.872000,0.054047307229236
1.873333,0.045082965229236
1.874667,0.050169585229236
1.876000,0.051451149229236
1.877333,0.051939993229236
1.878667,0.043325769229236
1.880000,0.041588391229236
1.881333,0.045327387229236
1.882667,0.053452767229236
1.884000,0.047111007229236
1.885333,0.045168843229236
1.886667,0.047104401229236
1.888000,0.047824455229236
1.889333,0.053512221229236
1.890667,0.045320781229236
1.892000,0.039078111229236
1.893333,0.054159609229236
1.894667,0.046344711229236
1.896000,0.051094425229236
1.897333,0.047395065229236
1.898667,0.042248991229236
1.900000,0.052937499229236
1.901333,0.047890515229236
1.902667,0.041238273229236
1.904000,0.047190279229236
1.905333,0.046298469229236
1.906667,0.037908849229236
1.908000,0.049350441229236
1.909333,0.045221691229236
1.910667,0.039494289229236
1.912000,0.047765001229236
1.913333,0.042255597229236
1.914667,0.050301705229236
1.916000,0.038120241229236
1.917333,0.037862607229236
1.918667,0.043140801229236
1.920000,0.037974909229236
1.921333,0.047309187229236
1.922667,0.038609085229236
1.924000,0.044805513229236
1.925333,0.039725499229236
1.926667,0.039646227229236
1.928000,0.040524825229236
1.929333,0.043834431229236
1.930667,0.050975517229236
1.932000,0.042784077229236
1.933333,0.038391087229236
1.934667,0.047527185229236
1.936000,0.042083841229236
1.937333,0.044818725229236
1.938667,0.044204367229236
1.940000,0.047454519229236
1.941333,0.047183673229236
1.942667,0.050083707229236
1.944000,0.037875819229236
1.945333,0.043451283229236
1.946667,0.044032611229236
1.948000,0.049145655229236
1.949333,0.041997963229236
1.950667,0.042420747229236
1.952000,0.047599851229236
1.953333,0.043893885229236
1.954667,0.038734599229236
1.956000,0.046536285229236
1.957333,0.040670157229236
1.958667,0.048656811229236
1.960000,0.037109523229236
1.961333,0.036415893229236
1.962667,0.047276157229236
1.964000,0.033984885229236
1.965333,0.048042453229236
1.966667,0.038767629229236
1.968000,0.038926173229236
1.969333,0.041449665229236
1.970667,0.040267191229236
1.972000,0.040392705229236
1.973333,0.042625533229236
1.974667,0.039870831229236
1.976000,0.040756035229236
1.977333,0.046668405229236
1.978667,0.041396817229236
1.980000,0.037135947229236
1.981333,0.039467865229236
1.982667,0.040359675229236
1.984000,0.047850879229236
1.985333,0.040386099229236
1.986667,0.033172347229236
1.988000,0.038827083229236
1.989333,0.040214343229236
1.990667,0.049178685229236
1.992000,0.038087211229236
1.993333,0.034341609229236
1.994667,0.040194525229236
1.996000,0.036164865229236
1.997333,0.039917073229236
1.998667,0.045142419229236
2.000000,0.044270427229236
2.001333,0.047315793229236
2.002667,0.042876561229236
2.004000,0.037763517229236
2.005333,0.045518961229236
2.006667,0.037565337229236
2.008000,0.036587649229236
2.009333,0.038543025229236
2.010667,0.035385357229236
2.012000,0.041687481229236
2.013333,0.043391829229236
2.014667,0.040531431229236
2.016000,0.036950979229236
2.017333,0.043424859229236
2.018667,0.039091323229236
2.020000,0.043979763229236
2.021333,0.038985627229236
2.022667,0.035999715229236
2.024000,0.046417377229236
2.025333,0.042691593229236
2.026667,0.040835307229236
2.028000,0.040194525229236
2.029333,0.038767629229236
2.030667,0.037922061229236
2.032000,0.039507501229236
2.033333,0.043761765229236
2.034667,0.038430723229236
2.036000,0.040346463229236
2.037333,0.044230791229236
2.038667,0.038595873229236
2.040000,0.039956709229236
2.041333,0.040320039229236
2.042667,0.033258225229236
2.044000,0.041456271229236
2.045333,0.044197761229236
2.046667,0.039263079229236
2.048000,0.037301097229236
2.049333,0.032214477229236
2.050667,0.046787313229236
2.052000,0.039434835229236
2.053333,0.039573561229236
2.054667,0.037162371229236
2.056000,0.041053305229236
2.057333,0.045723747229236
2.058667,0.037552125229236
2.060000,0.047150643229236
2.061333,0.040069011229236
2.062667,0.037347339229236
2.064000,0.037822971229236
2.065333,0.026790951229236
2.066667,0.033634767229236
2.068000,0.032934531229236
2.069333,0.037320915229236
2.070667,0.042275415229236
2.072000,0.039540531229236
2.073333,0.041865843229236
2.074667,0.040577673229236
2.076000,0.044897997229236
2.077333,0.032016297229236
2.078667,0.042572685229236
2.080000,0.039804771229236
2.081333,0.040689975229236
2.082667,0.038794053229236
2.084000,0.040425735229236
2.085333,0.039448047229236
2.086667,0.035127723229236
2.088000,0.032491929229236
2.089333,0.038272179229236
2.090667,0.041806389229236
2.092000,0.034764393229236
2.093333,0.029757045229236
2.094667,0.042869955229236
2.096000,0.038721387229236
2.097333,0.038701569229236
2.098667,0.037406793229236
2.100000,0.042116871229236
2.101333,0.031045215229236
2.102667,0.032240901229236
2.104000,0.040115253229236
2.105333,0.036964191229236
2.106667,0.039639621229236
2.108000,0.031712421229236
2.109333,0.034784211229236
2.110667,0.028600995229236
2.112000,0.030463887229236
2.113333,0.032960955229236
2.114667,0.035728869229236
2.116000,0.034420881229236
2.117333,0.038027757229236
2.118667,0.036561225229236
2.120000,0.033403557229236
2.121333,0.027841305229236
2.122667,0.036865101229236
2.124000,0.033555495229236
2.125333,0.039150777229236
2.126667,0.035114511229236
2.128000,0.027788457229236
2.129333,0.030774369229236
2.130667,0.028046091229236
2.132000,0.035491053229236
2.133333,0.036330015229236
2.134667,0.035206995229236
2.136000,0.040379493229236
2.137333,0.030648855229236
2.138667,0.029856135229236
2.140000,0.035094693229236
2.141333,0.034368033229236
2.142667,0.032663685229236
2.144000,0.039362169229236
2.145333,0.034103793229236
2.146667,0.032386233229236
2.148000,0.035966685229236
2.149333,0.036382863229236
2.150667,0.036587649229236
2.152000,0.031183941229236
2.153333,0.028013061229236
2.154667,0.036343227229236
2.156000,0.031672785229236
2.157333,0.031567089229236
2.158667,0.031976661229236
2.160000,0.038107029229236
2.161333,0.037069887229236
2.162667,0.031785087229236
2.164000,0.038219331229236
2.165333,0.034440699229236
2.166667,0.033522465229236
2.168000,0.033377133229236
2.169333,0.032597625229236
2.170667,0.039362169229236
2.172000,0.034288761229236
2.173333,0.029347473229236
2.174667,0.028739721229236
2.176000,0.038212725229236
2.177333,0.037010433229236
2.178667,0.027742215229236
2.180000,0.028224453229236
2.181333,0.029657955229236
2.182667,0.032379627229236
2.184000,0.024961089229236
2.185333,0.035616567229236
2.186667,0.024221217229236
2.188000,0.031923813229236
2.189333,0.035728869229236
2.190667,0.034764393229236
2.192000,0.027656337229236
2.193333,0.032320173229236
2.194667,0.030596007229236
2.196000,0.030880065229236
2.197333,0.038516601229236
2.198667,0.040353069229236
2.200000,0.032465505229236
2.201333,0.030602613229236
2.202667,0.033786705229236
2.204000,0.026658831229236
2.205333,0.037228431229236
2.206667,0.031124487229236
2.208000,0.035061663229236
2.209333,0.026903253229236
2.210667,0.026817375229236
2.212000,0.036666921229236
2.213333,0.026929677229236
2.214667,0.028541541229236
2.216000,0.025628295229236
2.217333,0.036732981229236
2.218667,0.025885929229236
2.220000,0.031448181229236
2.221333,0.031712421229236
2.222667,0.029221959229236
2.224000,0.027405309229236
2.225333,0.027867729229236
2.226667,0.032538171229236
2.228000,0.033231801229236
2.229333,0.034031127229236
2.230667,0.034500153229236
2.232000,0.029677773229236
2.233333,0.038404299229236
2.234667,0.037208613229236
2.236000,0.030378009229236
2.237333,0.027603489229236
2.238667,0.030695097229236
2.240000,0.024518487229236
2.241333,0.031633149229236
2.242667,0.032254113229236
2.244000,0.025780233229236
2.245333,0.029618319229236
2.246667,0.031540665229236
2.248000,0.028072515229236
2.249333,0.030668673229236
2.250667,0.029294625229236
2.252000,0.026335137229236
2.253333,0.028832205229236
2.254667,0.035002209229236
2.256000,0.026685255229236
2.257333,0.031025397229236
2.258667,0.028865235229236
2.260000,0.025687749229236
2.261333,0.030001467229236
2.262667,0.030047709229236
2.264000,0.027425127229236
2.265333,0.033932037229236
2.266667,0.033192165229236
2.268000,0.035226813229236
2.269333,0.027894153229236
2.270667,0.030305343229236
2.272000,0.027762033229236
2.273333,0.036865101229236
2.274667,0.029413533229236
2.276000,0.033839553229236
2.277333,0.027649731229236
2.278667,0.030245889229236
2.280000,0.027220341229236
2.281333,0.027861123229236
2.282667,0.028488693229236
2.284000,0.028805781229236
2.285333,0.028019667229236
2.286667,0.027359067229236
2.288000,0.024564729229236
2.289333,0.025496175229236
2.290667,0.027108039229236
2.292000,0.039487683229236
2.293333,0.026520105229236
2.294667,0.024710061229236
2.296000,0.027524217229236
2.297333,0.028290513229236
2.298667,0.027200523229236
2.300000,0.023970189229236
2.301333,0.029664561229236
2.302667,0.025403691229236
2.304000,0.025007331229236
2.305333,0.025866111229236
2.306667,0.026672043229236
2.308000,0.024617577229236
2.309333,0.031388727229236
2.310667,0.031791693229236
2.312000,0.027114645229236
2.313333,0.029750439229236
2.314667,0.026341743229236
2.316000,0.028164999229236
2.317333,0.025588659229236
2.318667,0.037102917229236
2.320000,0.033958461229236
2.321333,0.019841439229236
2.322667,0.020660583229236
2.324000,0.030728127229236
2.325333,0.029875953229236
2.326667,0.030536553229236
2.328000,0.031976661229236
2.329333,0.025945383229236
2.330667,0.029697591229236
2.332000,0.026962707229236
2.333333,0.029043597229236
2.334667,0.020132103229236
2.336000,0.020350101229236
2.337333,0.028871841229236
2.338667,0.025146057229236
2.340000,0.023349225229236
2.341333,0.030866853229236
2.342667,0.029169111229236
2.344000,0.029585289229236
2.345333,0.022054449229236
2.346667,0.021598635229236
2.348000,0.026969313229236
2.349333,0.029955225229236
2.350667,0.020587917229236
2.352000,0.025879323229236
2.353333,0.025132845229236
2.354667,0.026064291229236
2.356000,0.028402815229236
2.357333,0.026236047229236
2.358667,0.030979155229236
2.360000,0.025172481229236
2.361333,0.028640631229236
2.362667,0.028878447229236
2.364000,0.022893411229236
2.365333,0.023302983229236
2.366667,0.017410431229236
2.368000,0.028620813229236
2.369333,0.024267459229236
2.370667,0.020323677229236
2.372000,0.024214611229236
2.373333,0.022609353229236
2.374667,0.027887547229236
2.376000,0.023375649229236
2.377333,0.026685255229236
2.378667,0.025324419229236
2.380000,0.021175851229236
2.381333,0.028006455229236
2.382667,0.022239417229236
2.384000,0.025020543229236
2.385333,0.021175851229236
2.386667,0.021677907229236
2.388000,0.032604231229236
2.389333,0.029763651229236
2.390667,0.021816633229236
2.392000,0.018520239229236
2.393333,0.026691861229236
2.394667,0.026784345229236
2.396000,0.027511005229236
2.397333,0.030338373229236
2.398667,0.022682019229236
2.400000,0.026229441229236
2.401333,0.028574571229236
2.402667,0.023818251229236
2.404000,0.020548281229236
2.405333,0.023170863229236
2.406667,0.018071031229236
2.408000,0.021638271229236
2.409333,0.027828093229236
2.410667,0.022662201229236
2.412000,0.028409421229236
2.413333,0.022596141229236
2.414667,0.027398703229236
2.416000,0.029367291229236
2.417333,0.024399579229236
2.418667,0.017245281229236
2.420000,0.021902511229236
2.421333,0.028283907229236
2.422667,0.028957719229236
2.424000,0.031408545229236
2.425333,0.027464763229236
2.426667,0.028845417229236
2.428000,0.026341743229236
2.429333,0.020303859229236
2.430667,0.021783603229236
2.432000,0.021123003229236
2.433333,0.024828969229236
2.434667,0.019861257229236
2.436000,0.021803421229236
2.437333,0.023349225229236
2.438667,0.026526711229236
2.440000,0.016875345229236
2.441333,0.022028025229236
2.442667,0.021558999229236
2.444000,0.023302983229236
2.445333,0.015673053229236
2.446667,0.020026407229236
2.448000,0.026797557229236
2.449333,0.021856269229236
2.450667,0.020680401229236
2.452000,0.021525969229236
2.453333,0.026130351229236
2.454667,0.021136215229236
2.456000,0.023738979229236
2.457333,0.024610971229236
2.458667,0.021413667229236
2.460000,0.027927183229236
2.461333,0.027755427229236
2.462667,0.013380771229236
2.464000,0.023336013229236
2.465333,0.026883435229236
2.466667,0.028336755229236
2.468000,0.020330283229236
2.469333,0.026407803229236
2.470667,0.026857011229236
2.472000,0.020264223229236
2.473333,0.021625059229236
2.474667,0.024518487229236
2.476000,0.022464021229236
2.477333,0.013235439229236
2.478667,0.022470627229236
2.480000,0.025410297229236
2.481333,0.019643259229236
2.482667,0.015415419229236
2.484000,0.022351719229236
2.485333,0.029585289229236
2.486667,0.019544169229236
2.488000,0.021519363229236
2.489333,0.022668807229236
2.490667,0.013942281229236
2.492000,0.017298129229236
2.493333,0.026057685229236
2.494667,0.022338507229236
2.496000,0.014483973229236
2.497333,0.022265841229236
2.498667,0.024029643229236
2.500000,0.019960347229236
2.501333,0.023593647229236
2.502667,0.027847911229236
2.504000,0.024855393229236
2.505333,0.030708309229236
2.506667,0.023593647229236
2.508000,0.022807533229236
2.509333,0.017066919229236
2.510667,0.014952999229236
2.512000,0.024340125229236
2.513333,0.020660583229236
2.514667,0.015501297229236
2.516000,0.020812521229236
2.517333,0.018672177229236
2.518667,0.018447573229236
2.520000,0.023699343229236
2.521333,0.018526845229236
2.522667,0.025053573229236
2.524000,0.023091591229236
2.525333,0.022338507229236
2.526667,0.022054449229236
2.528000,0.017516127229236
2.529333,0.019312959229236
2.530667,0.027947001229236
2.532000,0.021182457229236
2.533333,0.018705207229236
2.534667,0.015184209229236
2.536000,0.019715925229236
2.537333,0.015897657229236
2.538667,0.023137833229236
2.540000,0.023897523229236
2.541333,0.023111409229236
2.542667,0.019735743229236
2.544000,0.019332777229236
2.545333,0.017126373229236
2.546667,0.022212993229236
2.548000,0.011484849229236
2.549333,0.022919835229236
2.550667,0.021968571229236
2.552000,0.024967695229236
2.553333,0.013281681229236
2.554667,0.025588659229236
2.556000,0.023725767229236
2.557333,0.021803421229236
2.558667,0.017839821229236
2.560000,0.020627553229236
2.561333,0.020118891229236
2.562667,0.022510263229236
2.564000,0.021988389229236
2.565333,0.020587917229236
2.566667,0.022067661229236
2.568000,0.021096579229236
2.569333,0.023851281229236
2.570667,0.027861123229236
2.572000,0.017800185229236
2.573333,0.022021419229236
2.574667,0.022530081229236
2.576000,0.025060179229236
2.577333,0.021981783229236
2.578667,0.029757045229236
2.580000,0.016901769229236
2.581333,0.018018183229236
2.582667,0.019478109229236
2.584000,0.024042855229236
2.585333,0.023620071229236
2.586667,0.020006589229236
2.588000,0.017377401229236
2.589333,0.020488827229236
2.590667,0.019471503229236
2.592000,0.020369919229236
2.593333,0.021334395229236
2.594667,0.026103927229236
2.596000,0.012944775229236
2.597333,0.016525227229236
2.598667,0.023091591229236
2.600000,0.016670559229236
2.601333,0.013499679229236
2.602667,0.014193309229236
2.604000,0.015884445229236
2.605333,0.011669817229236
2.606667,0.015824991229236
2.608000,0.013460043229236
2.609333,0.018480603229236
2.610667,0.019273323229236
2.612000,0.020918217229236
2.613333,0.016062807229236
2.614667,0.024842181229236
2.616000,0.024254247229236
2.617333,0.015369177229236
2.618667,0.020363313229236
2.620000,0.023666313229236
2.621333,0.016062807229236
2.622667,0.014041371229236
2.624000,0.014668941229236
2.625333,0.018725025229236
2.626667,0.015950505229236
2.628000,0.022563111229236
2.629333,0.016412925229236
2.630667,0.021770391229236
2.632000,0.023065167229236
2.633333,0.017350977229236
2.634667,0.019497927229236
2.636000,0.016948011229236
2.637333,0.015891051229236
2.638667,0.013393983229236
2.640000,0.018711813229236
2.641333,0.014279187229236
2.642667,0.008201667229236
2.644000,0.016459167229236
2.645333,0.017919093229236
2.646667,0.014299005229236
2.648000,0.018216363229236
2.649333,0.011273457229236
2.650667,0.020746461229236
2.652000,0.017826609229236
2.653333,0.017568975229236
2.654667,0.013744101229236
2.656000,0.014417913229236
2.657333,0.018784479229236
2.658667,0.011815149229236
2.660000,0.024710061229236
2.661333,0.015712689229236
2.662667,0.015844809229236
2.664000,0.012436113229236
2.665333,0.016591287229236
2.666667,0.017588793229236
2.668000,0.015316329229236
2.669333,0.018262605229236
2.670667,0.019260111229236
2.672000,0.018784479229236
2.673333,0.015025665229236
2.674667,0.016815891229236
2.676000,0.014127249229236
2.677333,0.017370795229236
2.678667,0.016095837229236
2.680000,0.020059437229236
2.681333,0.017357583229236
2.682667,0.015791961229236
2.684000,0.020739855229236
2.685333,0.016168503229236
2.686667,0.013070289229236
2.688000,0.012330417229236
2.689333,0.021189063229236
2.690667,0.017245281229236
2.692000,0.014510397229236
2.693333,0.012429507229236
2.694667,0.011253639229236
2.696000,0.017000859229236
2.697333,0.016049595229236
2.698667,0.015151179229236
2.700000,0.024373155229236
2.701333,0.014820879229236
2.702667,0.016829103229236
2.704000,0.015514509229236
2.705333,0.010289163229236
2.706667,0.020601129229236
2.708000,0.013228833229236
2.709333,0.015501297229236
2.710667,0.019656471229236
2.712000,0.012971199229236
2.713333,0.009588927229236
2.714667,0.016155291229236
2.716000,0.017450067229236
2.717333,0.021109791229236
2.718667,0.017489703229236
2.720000,0.015058695229236
2.721333,0.015877839229236
2.722667,0.016056201229236
2.724000,0.019312959229236
2.725333,0.016452561229236
2.726667,0.018725025229236
2.728000,0.012621081229236
2.729333,0.017258493229236
2.730667,0.018678783229236
2.732000,0.018619329229236
2.733333,0.014153673229236
2.734667,0.016908375229236
2.736000,0.012204903229236
2.737333,0.017185827229236
2.738667,0.014503791229236
2.740000,0.020885187229236
2.741333,0.014735001229236
2.742667,0.018236181229236
2.744000,0.011841573229236
2.745333,0.017760549229236
2.746667,0.006986163229236
2.748000,0.010097589229236
2.749333,0.012997623229236
2.750667,0.014695365229236
2.752000,0.017489703229236
2.753333,0.012000117229236
2.754667,0.011108307229236
2.756000,0.014232945229236
2.757333,0.017245281229236
2.758667,0.023805039229236
2.760000,0.008505543229236
2.761333,0.013149561229236
2.762667,0.010196679229236
2.764000,0.009998499229236
2.765333,0.010051347229236
2.766667,0.013790343229236
2.768000,0.012079389229236
2.769333,0.009278445229236
2.770667,0.014517003229236
2.772000,0.009912621229236
2.773333,0.008485725229236
2.774667,0.016802679229236
2.776000,0.011557515229236
2.777333,0.013790343229236
2.778667,0.017509521229236
2.780000,0.018553269229236
2.781333,0.008109183229236
2.782667,0.013308105229236
2.784000,0.013512891229236
2.785333,0.010315587229236
2.786667,0.013281681229236
2.788000,0.010361829229236
2.789333,0.014761425229236
2.790667,0.013598769229236
2.792000,0.017562369229236
2.793333,0.017344371229236
2.794667,0.015369177229236
2.796000,0.013578951229236
2.797333,0.011319699229236
2.798667,0.012746595229236
2.800000,0.019610229229236
2.801333,0.015494691229236
2.802667,0.009654987229236
2.804000,0.012515385229236
2.805333,0.018447573229236
2.806667,0.015758931229236
2.808000,0.011484849229236
2.809333,0.012237933229236
2.810667,0.013314711229236
2.812000,0.015613599229236
2.813333,0.012858897229236
2.814667,0.011636787229236
2.816000,0.009668199229236
2.817333,0.020046225229236
2.818667,0.012733383229236
2.820000,0.014305611229236
2.821333,0.011663211229236
2.822667,0.007448583229236
2.824000,0.013354347229236
2.825333,0.012079389229236
2.826667,0.012323811229236
2.828000,0.017251887229236
2.829333,0.017436855229236
2.830667,0.017674671229236
2.832000,0.011557515229236
2.833333,0.009318081229236
2.834667,0.016604499229236
2.836000,0.015038877229236
2.837333,0.009007599229236
2.838667,0.005519631229236
2.840000,0.011623575229236
2.841333,0.013261863229236
2.842667,0.011861391229236
2.844000,0.015593781229236
2.845333,0.010566615229236
2.846667,0.013988523229236
2.848000,0.007666581229236
2.849333,0.012409689229236
2.850667,0.013427013229236
2.852000,0.007290039229236
2.853333,0.018546663229236
2.854667,0.009899409229236
2.856000,0.013228833229236
2.857333,0.012059571229236
2.858667,0.012991017229236
2.860000,0.011273457229236
2.861333,0.008822631229236
2.862667,0.024617577229236
2.864000,0.018480603229236
2.865333,0.018255999229236
2.866667,0.014589669229236
2.868000,0.011623575229236
2.869333,0.015547539229236
2.870667,0.010216497229236
2.872000,0.015283299229236
2.873333,0.011174367229236
2.874667,0.015646629229236
2.876000,0.009648381229236
2.877333,0.007706217229236
2.878667,0.014655729229236
2.880000,0.011121519229236
2.881333,0.003947403229236
2.882667,0.016009959229236
2.884000,0.015937293229236
2.885333,0.013539315229236
2.886667,0.011511273229236
2.888000,0.010262739229236
2.889333,0.014279187229236
2.890667,0.005532843229236
2.892000,0.014464155229236
2.893333,0.012891927229236
2.894667,0.011636787229236
2.896000,0.006913497229236
2.897333,0.007072041229236
2.898667,0.013955493229236
2.900000,0.014047977229236
2.901333,0.003887949229236
2.902667,0.012389871229236
2.904000,0.010090983229236
2.905333,0.014391489229236
2.906667,0.004020069229236
2.908000,0.009608745229236
2.909333,0.011352729229236
2.910667,0.011742483229236
2.912000,0.013228833229236
2.913333,0.009370929229236
2.914667,0.018130485229236
2.916000,0.012376659229236
2.917333,0.012806049229236
2.918667,0.010262739229236
2.920000,0.014332035229236
2.921333,0.013228833229236
2.922667,0.016478985229236
2.924000,0.013413801229236
2.925333,0.014094219229236
2.926667,0.011134731229236
2.928000,0.008743359229236
2.929333,0.010038135229236
2.930667,0.011187579229236
2.932000,0.009978681229236
2.933333,0.008353605229236
2.934667,0.014497185229236
2.936000,0.014768031229236
2.937333,0.010560009229236
2.938667,0.015309723229236
2.940000,0.012085995229236
2.941333,0.012072783229236
2.942667,0.010401465229236
2.944000,0.013869615229236
2.945333,0.010005105229236
2.946667,0.016247775229236
2.948000,0.009958863229236
2.949333,0.010943157229236
2.950667,0.016056201229236
2.952000,0.011504667229236
2.953333,0.017199039229236
2.954667,0.007640157229236
2.956000,0.014279187229236
2.957333,0.010057953229236
2.958667,0.012528597229236
2.960000,0.008882085229236
2.961333,0.010612857229236
2.962667,0.014602881229236
2.964000,0.014880333229236
2.965333,0.006490713229236
2.966667,0.012746595229236
2.968000,0.004680669229236
2.969333,0.009628563229236
2.970667,0.011326305229236
2.972000,0.014543427229236
2.973333,0.017377401229236
2.974667,0.011841573229236
2.976000,0.009007599229236
2.977333,0.015428631229236
2.978667,0.007759065229236
2.980000,0.016954617229236
2.981333,0.012885321229236
2.982667,0.011590545229236
2.984000,0.007666581229236
2.985333,0.012039753229236
2.986667,0.011108307229236
2.988000,0.009377535229236
2.989333,0.012766413229236
2.990667,0.013473255229236
2.992000,0.016624317229236
2.993333,0.008062941229236
2.994667,0.011432001229236
2.996000,0.009740865229236
2.997333,0.002157177229236
2.998667,0.008505543229236
3.000000,0.002890443229236
3.001333,0.008730147229236
3.002667,0.006041505229236
3.004000,0.013189197229236
3.005333,0.007441977229236
3.006667,0.011458425229236
3.008000,0.016545045229236
3.009333,0.009318081229236
3.010667,0.008941539229236
3.012000,0.006616227229236
3.013333,0.010744977229236
3.014667,0.006669075229236
3.016000,0.009833349229236
3.017333,0.008961357229236
3.018667,0.011775513229236
3.020000,0.008247909229236
3.021333,0.012621081229236
3.022667,0.006675681229236
3.024000,0.004099341229236
3.025333,0.009767289229236
3.026667,0.016036383229236
3.028000,0.012660717229236
3.029333,0.012125631229236
3.030667,0.010731765229236
3.032000,0.005942415229236
3.033333,0.011405577229236
3.034667,0.008624451229236
3.036000,0.008901903229236
3.037333,0.008386635229236
3.038667,0.006702105229236
3.040000,0.005968839229236
3.041333,0.007475007229236
3.042667,0.015250269229236
3.044000,0.015052089229236
3.045333,0.006385017229236
3.046667,0.010157043229236
3.048000,0.015045483229236
3.049333,0.012416295229236
3.050667,0.013123137229236
3.052000,0.012370053229236
3.053333,0.010553403229236
3.054667,0.009337899229236
3.056000,0.002441235229236
3.057333,0.007402341229236
3.058667,0.012673929229236
3.060000,0.008789601229236
3.061333,0.006028293229236
3.062667,0.009780501229236
3.064000,0.005248785229236
3.065333,0.004244673229236
3.066667,0.005532843229236
3.068000,0.009635169229236
3.069333,0.003848313229236
3.070667,0.013466649229236
3.072000,0.007270221229236
3.073333,0.007448583229236
3.074667,0.004931697229236
3.076000,0.011564121229236
3.077333,0.007389129229236
3.078667,0.006358593229236
3.080000,0.009351111229236
3.081333,0.007792095229236
3.082667,0.010302375229236
3.084000,0.002461053229236
3.085333,0.010692129229236
3.086667,0.008472513229236
3.088000,0.011716059229236
3.089333,0.016412925229236
3.090667,0.016743225229236
3.092000,0.008915115229236
3.093333,0.006979557229236
3.094667,0.008373423229236
3.096000,0.007190949229236
3.097333,0.007045617229236
3.098667,0.009688017229236
3.100000,0.007805307229236
3.101333,0.006827619229236
3.102667,0.011894421229236
3.104000,0.006682287229236
3.105333,0.014741607229236
3.106667,0.003854919229236
3.108000,0.011029035229236
3.109333,0.007309857229236
3.110667,0.005810295229236
3.112000,0.012779625229236
3.113333,0.005010969229236
3.114667,0.009879591229236
3.116000,0.009053841229236
3.117333,0.010996005229236
3.118667,0.016373289229236
3.120000,0.005909385229236
3.121333,0.006114171229236
3.122667,0.008082759229236
3.124000,0.004826001229236
3.125333,0.013129743229236
3.126667,0.008531967229236
3.128000,0.005565873229236
3.129333,0.007554279229236
3.130667,0.010962975229236
3.132000,0.007455189229236
3.133333,0.006094353229236
3.134667,0.002758323229236
3.136000,0.007164525229236
3.137333,0.011214003229236
3.138667,0.005684781229236
3.140000,0.000241437229236
3.141333,0.006655863229236
3.142667,0.008948145229236
3.144000,0.008954751229236
3.145333,0.007818519229236
3.146667,0.005136483229236
3.148000,0.007085253229236
3.149333,0.011590545229236
3.150667,0.003907767229236
3.152000,0.009998499229236
3.153333,0.003762435229236
3.154667,0.004878849229236
3.156000,0.006807801229236
3.157333,0.012845685229236
3.158667,0.005631933229236
3.160000,0.003035775229236
3.161333,0.007204161229236
3.162667,0.004799577229236
3.164000,0.011372547229236
3.165333,0.002143965229236
3.166667,0.012145449229236
3.168000,0.008611239229236
3.169333,0.007719429229236
3.170667,0.009489837229236
3.172000,0.005506419229236
3.173333,0.008003487229236
3.174667,0.008029911229236
3.176000,0.005935809229236
3.177333,0.008056335229236
3.178667,0.010011711229236
3.180000,0.004958121229236
3.181333,0.006365199229236
3.182667,0.008525361229236
3.184000,0.005440359229236
3.185333,0.005427147229236
3.186667,0.011180973229236
3.188000,0.009100083229236
3.189333,0.006279321229236
3.190667,-6.90447707641171E-05
3.192000,0.011167761229236
3.193333,0.007633551229236
3.194667,0.005777265229236
3.196000,0.005519631229236
3.197333,0.008148819229236
3.198667,0.003927585229236
3.200000,0.002044875229236
3.201333,-0.002262236770764
3.202667,0.004198431229236
3.204000,0.010342011229236
3.205333,0.001271973229236
3.206667,0.008129001229236
3.208000,0.010375041229236
3.209333,0.006490713229236
3.210667,0.002335539229236
3.212000,0.004508913229236
3.213333,0.002381781229236
3.214667,0.010566615229236
3.216000,0.006470895229236
3.217333,0.004066311229236
3.218667,0.006285927229236
3.220000,0.002606385229236
3.221333,0.006147201229236
3.222667,0.003115047229236
3.224000,0.007481613229236
3.225333,0.005242179229236
3.226667,0.000769917229236
3.228000,0.012449325229236
3.229333,0.005605509229236
3.230667,0.010401465229236
3.232000,0.005334663229236
3.233333,0.010295769229236
3.234667,0.004475883229236
3.236000,0.009714441229236
3.237333,0.003597285229236
3.238667,0.012673929229236
3.240000,0.006741741229236
3.241333,0.007917609229236
3.242667,0.003247167229236
3.244000,0.004561761229236
3.245333,0.004502307229236
3.246667,0.006986163229236
3.248000,-0.000960854770764
3.249333,0.004172007229236
3.250667,0.007323069229236
3.252000,0.004561761229236
3.253333,0.011828361229236
3.254667,0.007904397229236
3.256000,0.002077905229236
3.257333,0.002203419229236
3.258667,0.006979557229236
3.260000,0.009727653229236
3.261333,0.007706217229236
3.262667,0.008730147229236
3.264000,-0.000604130770764
3.265333,0.002309115229236
3.266667,0.012535203229236
3.268000,0.001906149229236
3.269333,0.010586433229236
3.270667,0.007296645229236
3.272000,0.005136483229236
3.273333,0.005030787229236
3.274667,0.005638539229236
3.276000,0.010097589229236
3.277333,0.011438607229236
3.278667,0.006583197229236
3.280000,0.005882961229236
3.281333,0.003247167229236
3.282667,0.002262873229236
3.284000,0.006061323229236
3.285333,0.009430383229236
3.286667,0.009661593229236
3.288000,0.005116665229236
3.289333,0.003848313229236
3.290667,0.007078647229236
3.292000,0.002857413229236
3.293333,0.007283433229236
3.294667,0.006279321229236
3.296000,0.002441235229236
3.297333,0.009958863229236
3.298667,0.002579961229236
3.300000,0.006100959229236
3.301333,0.007039011229236
3.302667,0.007223979229236
3.304000,0.008994387229236
3.305333,0.004548549229236
3.306667,0.004555155229236
3.308000,0.001377669229236
3.309333,0.005816901229236
3.310667,0.006114171229236
3.312000,0.005295027229236
3.313333,0.004205037229236
3.314667,0.007329675229236
3.316000,0.001357851229236
3.317333,0.010731765229236
3.318667,0.001655121229236
3.320000,0.008102577229236
3.321333,0.006972951229236
3.322667,0.008168637229236
3.324000,0.009205779229236
3.325333,0.004759941229236
3.326667,0.012356841229236
3.328000,0.005704599229236
3.329333,-0.001654484770764
3.330667,0.006616227229236
3.332000,0.001622091229236
3.333333,0.008650875229236
3.334667,0.004006857229236
3.336000,0.003775647229236
3.337333,0.013057077229236
3.338667,0.001509789229236
3.340000,0.003101835229236
3.341333,0.007276827229236
3.342667,0.003504801229236
3.344000,0.004132371229236
3.345333,0.004588185229236
3.346667,0.001840089229236
3.348000,0.005915991229236
3.349333,0.007494825229236
3.350667,0.000294285229236
3.352000,0.003095229229236
3.353333,0.007395735229236
3.354667,0.007263615229236
3.356000,0.005750841229236
3.357333,0.009998499229236
3.358667,0.006015081229236
3.360000,0.007356099229236
3.361333,0.002619597229236
3.362667,0.006404835229236
3.364000,0.009463413229236
3.365333,0.001655121229236
3.366667,0.007930821229236
3.368000,0.006708711229236
3.369333,0.007693005229236
3.370667,0.006219867229236
3.372000,0.005347875229236
3.373333,0.004693881229236
3.374667,0.005420541229236
3.376000,0.007052223229236
3.377333,0.008049729229236
3.378667,0.002817777229236
3.380000,0.012759807229236
3.381333,0.000327315229236
3.382667,0.003511407229236
3.384000,0.003769041229236
3.385333,0.003035775229236
3.386667,0.003445347229236
3.388000,0.007362705229236
3.389333,0.007924215229236
3.390667,0.003300015229236
3.392000,0.005889567229236
3.393333,0.006873861229236
3.394667,0.006299139229236
3.396000,0.002593173229236
3.397333,0.003907767229236
3.398667,0.008796207229236
3.400000,0.003603891229236
3.401333,0.000842583229236
3.402667,0.005433753229236
3.404000,0.011874603229236
3.405333,0.006887073229236
3.406667,0.004317339229236
3.408000,0.004720305229236
3.409333,0.003181107229236
3.410667,0.002381781229236
3.412000,0.002844201229236
3.413333,0.005427147229236
3.414667,-0.004224218770764
3.416000,0.010077771229236
3.417333,-0.000544676770764
3.418667,0.005513025229236
3.420000,0.003207531229236
3.421333,-0.001898906770764
3.422667,0.006867255229236
3.424000,-0.007031768770764
3.425333,0.002203419229236
3.426667,0.005380905229236
3.428000,0.004350369229236
3.429333,0.004971333229236
3.430667,0.005783871229236
3.432000,0.006801195229236
3.433333,0.004720305229236
3.434667,0.004290915229236
3.436000,0.007864761229236
3.437333,0.001668333229236
3.438667,0.004059705229236
3.440000,0.006021687229236
3.441333,0.006001869229236
3.442667,0.012541809229236
3.444000,-0.000313466770764
3.445333,0.002520507229236
3.446667,0.002963109229236
3.448000,0.001879725229236
3.449333,0.001159671229236
3.450667,-0.003973190770764
3.452000,0.004865637229236
3.453333,0.004806183229236
3.454667,0.002335539229236
3.456000,0.002573355229236
3.457333,0.002725293229236
3.458667,0.006609621229236
3.460000,0.004918485229236
3.461333,-0.001059944770764
3.462667,-0.005585054770764
3.464000,0.001774029229236
3.465333,0.000433011229236
3.466667,-0.003134228770764
3.468000,0.004224855229236
3.469333,0.005268603229236
3.470667,0.001608879229236
3.472000,0.008531967229236
3.473333,0.008452695229236
3.474667,0.004099341229236
3.476000,-0.000571100770764
3.477333,0.002520507229236
3.478667,0.003432135229236
3.480000,0.004165401229236
3.481333,0.006675681229236
3.482667,0.001093611229236
3.484000,0.000241437229236
3.485333,0.001912755229236
3.486667,0.005764053229236
3.488000,0.003643527229236
3.489333,0.007937427229236
3.490667,-0.002295266770764
3.492000,0.004911879229236
3.493333,-0.002235812770764
3.494667,0.002870625229236
3.496000,0.000195195229236
3.497333,0.000822765229236
3.498667,0.004125765229236
3.500000,-0.000412556770764
3.501333,0.003848313229236
3.502667,0.007270221229236
3.504000,0.002256267229236
3.505333,0.005169513229236
3.506667,0.003544437229236
3.508000,0.002249661229236
3.509333,0.006596409229236
3.510667,0.006596409229236
3.512000,0.005532843229236
3.513333,0.004442853229236
3.514667,0.001476759229236
3.516000,0.007177737229236
3.517333,0.000499071229236
3.518667,0.008432877229236
3.520000,0.000221619229236
3.521333,0.007726035229236
3.522667,0.008961357229236
3.524000,0.004416429229236
3.525333,0.004277703229236
3.526667,0.006708711229236
3.528000,-0.002731262770764
3.529333,0.001826877229236
3.530667,0.006167019229236
3.532000,0.009635169229236
3.533333,0.003148077229236
3.534667,0.010414677229236
3.536000,0.001615485229236
3.537333,0.001139853229236
3.538667,0.001371063229236
3.540000,0.000855795229236
3.541333,0.003742617229236
3.542667,0.007118283229236
3.544000,0.005539449229236
3.545333,0.004224855229236
3.546667,0.008109183229236
3.548000,0.001133247229236
3.549333,0.005314845229236
3.550667,0.006966345229236
3.552000,-0.000148316770764
3.553333,0.000875613229236
3.554667,0.000611373229236
3.556000,0.000347133229236
3.557333,0.001007733229236
3.558667,0.006728529229236
3.560000,0.001582455229236
3.561333,0.004977939229236
3.562667,0.001423911229236
3.564000,0.004693881229236
3.565333,-0.002665202770764
3.566667,0.001390881229236
3.568000,-0.001931936770764
3.569333,0.002256267229236
3.570667,0.007448583229236
3.572000,-0.003054956770764
3.573333,0.005275209229236
3.574667,-0.003259742770764
3.576000,-0.001628060770764
3.577333,-0.003623072770764
3.578667,0.003484983229236
3.580000,0.005070423229236
3.581333,0.005493207229236
3.582667,0.005684781229236
3.584000,0.007177737229236
3.585333,0.007336281229236
3.586667,-0.000888188770764
3.588000,0.008122395229236
3.589333,0.000181983229236
3.590667,0.002084511229236
3.592000,-0.002777504770764
3.593333,0.008287545229236
3.594667,-0.002473628770764
3.596000,-8.88627707641234E-05
3.597333,0.002190207229236
3.598667,0.008690511229236
3.600000,0.001126641229236
3.601333,0.009364323229236
3.602667,0.003636921229236
3.604000,0.000505677229236
3.605333,0.002104329229236
3.606667,-0.007368674770764
3.608000,-0.002770898770764
3.609333,-0.000822128770764
3.610667,0.001106823229236
3.612000,-0.000425768770764
3.613333,0.001450335229236
3.614667,-0.000742856770764
3.616000,-0.004904636770764
3.617333,0.000809553229236
3.618667,0.002480871229236
3.620000,0.003881343229236
3.621333,0.000796341229236
3.622667,0.003154683229236
3.624000,0.001040763229236
3.625333,0.005479995229236
3.626667,-0.000386132770764
3.628000,0.003445347229236
3.629333,0.000102711229236
3.630667,0.006034899229236
3.632000,-0.004825364770764
3.633333,0.000869007229236
3.634667,0.005017575229236
3.636000,0.002091117229236
3.637333,0.001100217229236
3.638667,0.004872243229236
3.640000,-0.001429880770764
3.641333,0.004026675229236
3.642667,0.004654245229236
3.644000,0.001635303229236
3.645333,-0.003973190770764
3.646667,-0.001007096770764
3.648000,0.004918485229236
3.649333,0.001139853229236
3.650667,-0.001476122770764
3.652000,-0.000637160770764
3.653333,0.000809553229236
3.654667,0.000551919229236
3.656000,0.003656739229236
3.657333,0.004244673229236
3.658667,-0.001238306770764
3.660000,0.008380029229236
3.661333,0.002137359229236
3.662667,0.008789601229236
3.664000,0.003636921229236
3.665333,-0.000154922770764
3.666667,-0.001330790770764
3.668000,0.001919361229236
3.669333,-0.003127622770764
3.670667,0.003676557229236
3.672000,0.003161289229236
3.673333,0.006972951229236
3.674667,0.005427147229236
3.676000,-0.005439722770764
3.677333,0.004964727229236
3.678667,0.005380905229236
3.680000,-9.59077076412466E-06
3.681333,0.002936685229236
3.682667,0.009397353229236
3.684000,-0.003101198770764
3.685333,0.009410565229236
3.686667,0.008102577229236
3.688000,0.005869749229236
3.689333,-0.005558630770764
3.690667,0.006358593229236
3.692000,1.68332292358827E-05
3.693333,-0.005822870770764
3.694667,-0.004917848770764
3.696000,-0.005756810770764
3.697333,-0.001978178770764
3.698667,0.003062199229236
3.700000,0.005043999229236
3.701333,2.34392292358802E-05
3.702667,0.000750099229236
3.704000,-0.000571100770764
3.705333,-0.003140834770764
3.706667,0.002573355229236
3.708000,0.004508913229236
3.709333,0.002692263229236
3.710667,0.005757447229236
3.712000,-0.003794828770764
3.713333,-0.001059944770764
3.714667,-0.001198670770764
3.716000,-0.000571100770764
3.717333,0.004059705229236
3.718667,0.002137359229236
3.720000,-9.54687707641174E-05
3.721333,-0.003127622770764
3.722667,-0.002896412770764
3.724000,0.008346999229236
3.725333,0.002500689229236
3.726667,-0.004217612770764
3.728000,0.004660851229236
3.729333,-8.88627707641186E-05
3.730667,-0.004660214770764
3.732000,0.001813665229236
3.733333,0.002692263229236
3.734667,-0.002955866770764
3.736000,-0.003200288770764
3.737333,0.000928461229236
3.738667,0.002877231229236
3.740000,0.001569243229236
3.741333,0.002771535229236
3.742667,-0.000703220770764
3.744000,0.004158795229236
3.745333,-0.002031026770764
3.746667,0.006867255229236
3.748000,0.003048987229236
3.749333,0.005268603229236
3.750667,-0.000894794770764
3.752000,-0.001377032770764
3.753333,0.001754211229236
3.754667,-0.000115286770764
3.756000,0.003531225229236
3.757333,-0.001251518770764
3.758667,0.002157177229236
3.760000,0.004284309229236
3.761333,-0.005030150770764
3.762667,-0.001859270770764
3.764000,-0.004442216770764
3.765333,0.008915115229236
3.766667,0.005308239229236
3.768000,0.000433011229236
3.769333,-0.007051586770764
3.770667,-0.000260618770764
3.772000,-0.000102074770764
3.773333,0.005123271229236
3.774667,-0.006390986770764
3.776000,-0.000412556770764
3.777333,-0.007963214770764
3.778667,0.000314103229236
3.780000,0.001285185229236
3.781333,-0.002552900770764
3.782667,-0.000696614770764
3.784000,-0.002149934770764
3.785333,0.004238067229236
3.786667,-0.001317578770764
3.788000,-0.002077268770764
3.789333,-0.001429880770764
3.790667,0.000234831229236
3.792000,0.003366075229236
3.793333,-0.001013702770764
3.794667,-0.008082122770764
3.796000,0.002560143229236
3.797333,-0.001872482770764
3.798667,-0.004349732770764
3.800000,0.002408205229236
3.801333,0.007164525229236
3.802667,-0.007084616770764
3.804000,0.003755829229236
3.805333,0.001384275229236
3.806667,0.000703857229236
3.808000,-0.000386132770764
3.809333,-0.006509894770764
3.810667,0.001093611229236
3.812000,-0.000505040770764
3.813333,-0.002552900770764
3.814667,-0.000557888770764
3.816000,0.002203419229236
3.817333,0.002216631229236
3.818667,-0.003874100770764
3.820000,0.001892937229236
3.821333,-0.008478482770764
3.822667,0.000954885229236
3.824000,-0.001013702770764
3.825333,0.000300891229236
3.826667,0.004608003229236
3.828000,0.006589803229236
3.829333,-0.002969078770764
3.830667,-0.001628060770764
3.832000,0.001364457229236
3.833333,0.001324821229236
3.834667,1.02272292358847E-05
3.836000,-0.002381144770764
3.837333,-0.004409186770764
3.838667,-0.004693244770764
3.840000,-0.004224218770764
3.841333,-0.002612354770764
3.842667,-0.003629678770764
3.844000,-0.000115286770764
3.845333,-0.002381144770764
3.846667,0.004356975229236
3.848000,0.008459301229236
3.849333,0.001595667229236
3.850667,0.005856537229236
3.852000,-0.002618960770764
3.853333,-0.001661090770764
3.854667,-0.003484346770764
3.856000,-0.003035138770764
3.857333,-0.008194424770764
3.858667,-0.000121892770764
3.860000,0.003471771229236
3.861333,-0.007857518770764
3.862667,-0.000650372770764
3.864000,0.007481613229236
3.865333,-8.22567707641221E-05
3.866667,-0.004118522770764
3.868000,0.000875613229236
3.869333,0.000353739229236
3.870667,0.007897791229236
3.872000,-0.005545418770764
3.873333,0.001100217229236
3.874667,-0.002916230770764
3.876000,-0.001918724770764
3.877333,0.000485859229236
3.878667,0.000631191229236
3.880000,-0.001720544770764
3.881333,0.000624585229236
3.882667,0.002249661229236
3.884000,0.002322327229236
3.885333,0.004759941229236
3.886667,-0.005552024770764
3.888000,0.001100217229236
3.889333,0.005308239229236
3.890667,-0.001396850770764
3.892000,0.000479253229236
3.893333,-0.000577706770764
3.894667,-0.006377774770764
3.896000,-0.000399344770764
3.897333,-0.002539688770764
3.898667,-0.002288660770764
3.900000,-0.000868370770764
3.901333,2.34392292358857E-05
3.902667,0.001258761229236
3.904000,-0.002044238770764
3.905333,-0.008775752770764
3.906667,-0.001172246770764
3.908000,0.001562637229236
3.909333,0.004416429229236
3.910667,-0.001211882770764
3.912000,-0.010123376770764
3.913333,-0.007745216770764
3.914667,-0.001205276770764
3.916000,-0.007461158770764
3.917333,-0.000630554770764
3.918667,-0.001139216770764
3.920000,0.001166277229236
3.921333,-0.002103692770764
3.922667,-0.004462034770764
3.924000,0.000135741229236
3.925333,-0.002262236770764
3.926667,-0.006556136770764
3.928000,0.001020945229236
3.929333,-0.004964090770764
3.930667,-0.004580942770764
3.932000,0.000690645229236
3.933333,0.001800453229236
3.934667,-0.002387750770764
3.936000,-0.002698232770764
3.937333,-0.005043362770764
3.938667,0.002949897229236
3.940000,-0.002724656770764
3.941333,0.001133247229236
3.942667,-0.004012826770764
3.944000,0.000333921229236
3.945333,-0.001931936770764
3.946667,0.003504801229236
3.948000,-0.001535576770764
3.949333,0.002295903229236
3.950667,-0.000630554770764
3.952000,-0.000841946770764
3.953333,-0.004151552770764
3.954667,0.001080399229236
3.956000,-0.002242418770764
3.957333,0.001120035229236
3.958667,-0.001310972770764
3.960000,0.000558525229236
3.961333,-0.003054956770764
3.962667,-0.006087110770764
3.964000,0.009113295229236
3.965333,-0.000214376770764
3.966667,-0.004429004770764
3.968000,-0.001542182770764
3.969333,-0.001720544770764
3.970667,-0.003087986770764
3.972000,-0.012613838770764
3.973333,-0.000194558770764
3.974667,-0.002420780770764
3.976000,-0.000590918770764
3.977333,-0.002169752770764
3.978667,0.000869007229236
3.980000,-0.004765910770764
3.981333,-0.007190312770764
3.982667,0.000274467229236
3.984000,0.001139853229236
3.985333,0.002276085229236
3.986667,0.002315721229236
3.988000,-0.002341508770764
3.989333,0.004944909229236
3.990667,-0.006523106770764
3.992000,0.002328933229236
3.993333,-0.004362944770764
3.994667,-0.005855900770764
3.996000,-0.001046732770764
3.997333,-0.004442216770764
3.998667,0.002091117229236
