0.000000,-0.00168099655814
0.001333,-0.00044567455814
0.002667,-0.00305504455814
0.004000,0.00084910144186
0.005333,0.00163521544186
0.006667,-0.00161493655814
0.008000,-0.00251335255814
0.009333,-0.00181972255814
0.010667,-0.00021446455814
0.012000,0.00164182144186
0.013333,0.00135776344186
0.014667,0.00368968144186
0.016000,0.00718425544186
0.017333,0.011081795441861
0.018667,0.020224499441861
0.020000,0.035821265441861
0.021333,0.055995989441861
0.022667,0.081977387441861
0.024000,0.12249859144186
0.025333,0.16056236344186
0.026667,0.21497598544186
0.028000,0.25482337744186
0.029333,0.31717741144186
0.030667,0.40021483144186
0.032000,0.45887611144186
0.033333,0.537223271441861
0.034667,0.61971239344186
0.036000,0.695945633441861
0.037333,0.79682585944186
0.038667,0.866063345441861
0.040000,0.971534741441861
0.041333,1.06675362544186
0.042667,1.14427503544186
0.044000,1.26045475744186
0.045333,1.35303784744186
0.046667,1.45514678944186
0.048000,1.54293392344186
0.049333,1.62367245544186
0.050667,1.73303478544186
0.052000,1.83550045144186
0.053333,1.90319213344186
0.054667,2.00670154744186
0.056000,2.09165470744186
0.057333,2.14640523544186
0.058667,2.24333507344186
0.060000,2.34701624344186
0.061333,2.38897094944186
0.062667,2.47643438944186
0.064000,2.53715013544186
0.065333,2.61663352744186
0.066667,2.69498068744186
0.068000,2.74805329144186
0.069333,2.80999114744186
0.070667,2.87136088744186
0.072000,2.92109085544186
0.073333,2.97725506744186
0.074667,3.00990852544186
0.076000,3.09636124744186
0.077333,3.12698666344186
0.078667,3.17057305144186
0.080000,3.21553348744186
0.081333,3.23313847744186
0.082667,3.30250147744186
0.084000,3.33892035544186
0.085333,3.39000455344186
0.086667,3.38825396344186
0.088000,3.43664951944186
0.089333,3.48180152944186
0.090667,3.51512219344186
0.092000,3.54350817544186
0.093333,3.54138764944186
0.094667,3.58296581344186
0.096000,3.61587690544186
0.097333,3.61940450944186
0.098667,3.63807967144186
0.100000,3.67081240144186
0.101333,3.69654937744186
0.102667,3.68577499144186
0.104000,3.74211095944186
0.105333,3.73409788144186
0.106667,3.70928574544186
0.108000,3.76424105944186
0.109333,3.75593731744186
0.110667,3.77390563744186
0.112000,3.77869498744186
0.113333,3.79382933344186
0.114667,3.84618848944186
0.116000,3.84848077144186
0.117333,3.80272100944186
0.118667,3.83739590344186
0.120000,3.83638518544186
0.121333,3.86492971144186
0.122667,3.86358869344186
0.124000,3.84843452944186
0.125333,3.85216031344186
0.126667,3.86847052744186
0.128000,3.86114447344186
0.129333,3.84076496344186
0.130667,3.80948555344186
0.132000,3.85841619544186
0.133333,3.89207376544186
0.134667,3.85117601944186
0.136000,3.86799489544186
0.137333,3.87199152544186
0.138667,3.83449586944186
0.140000,3.84114150544186
0.141333,3.83052566344186
0.142667,3.85599839944186
0.144000,3.83040675544186
0.145333,3.84128023144186
0.146667,3.83678815144186
0.148000,3.81891231544186
0.149333,3.83007645544186
0.150667,3.78272464744186
0.152000,3.84889694944186
0.153333,3.77883371344186
0.154667,3.81636900544186
0.156000,3.78036630544186
0.157333,3.73878814144186
0.158667,3.78789053944186
0.160000,3.77040445744186
0.161333,3.80132053744186
0.162667,3.77047712344186
0.164000,3.74261301544186
0.165333,3.77391224344186
0.166667,3.75964328344186
0.168000,3.71445163744186
0.169333,3.71849450944186
0.170667,3.72826478344186
0.172000,3.71093063944186
0.173333,3.69283019944186
0.174667,3.70167563344186
0.176000,3.68883356944186
0.177333,3.65265911344186
0.178667,3.63537121144186
0.180000,3.67110967144186
0.181333,3.65624617144186
0.182667,3.55855003744186
0.184000,3.63698307544186
0.185333,3.59963935744186
0.186667,3.60943605544186
0.188000,3.58068013744186
0.189333,3.57301057144186
0.190667,3.61442358544186
0.192000,3.57055974544186
0.193333,3.54021178144186
0.194667,3.53649920944186
0.196000,3.53427959344186
0.197333,3.54495488944186
0.198667,3.53959742344186
0.200000,3.50781595744186
0.201333,3.48341339344186
0.202667,3.51518825344186
0.204000,3.50320496944186
0.205333,3.49945936744186
0.206667,3.48254140144186
0.208000,3.49447183744186
0.209333,3.42736148344186
0.210667,3.44028281944186
0.212000,3.41708915344186
0.213333,3.41331712744186
0.214667,3.43452238744186
0.216000,3.36325685944186
0.217333,3.39650485744186
0.218667,3.36796693744186
0.220000,3.34898789944186
0.221333,3.33923744344186
0.222667,3.33010795144186
0.224000,3.34133815144186
0.225333,3.31965725944186
0.226667,3.32625665344186
0.228000,3.30187390744186
0.229333,3.31754994544186
0.230667,3.26893639144186
0.232000,3.29809527544186
0.233333,3.29113915744186
0.234667,3.23634899344186
0.236000,3.24426298144186
0.237333,3.24139597744186
0.238667,3.25127855344186
0.240000,3.22531697344186
0.241333,3.22520467144186
0.242667,3.21676880944186
0.244000,3.22324929544186
0.245333,3.18565454944186
0.246667,3.18831016144186
0.248000,3.18306499744186
0.249333,3.14656684744186
0.250667,3.14543061544186
0.252000,3.14523243544186
0.253333,3.13422023344186
0.254667,3.15104571544186
0.256000,3.11579609944186
0.257333,3.09727948144186
0.258667,3.07775214544186
0.260000,3.09293273344186
0.261333,3.06646909744186
0.262667,3.08013691144186
0.264000,3.07693960744186
0.265333,3.04916798344186
0.266667,3.02446814944186
0.268000,3.01449308944186
0.269333,3.00147926944186
0.270667,3.00721988344186
0.272000,2.97950771344186
0.273333,3.02842514344186
0.274667,2.98220956744186
0.276000,2.96021158744186
0.277333,2.95826942344186
0.278667,2.94258017344186
0.280000,2.93285614144186
0.281333,2.92914356944186
0.282667,2.90562620944186
0.284000,2.91021737944186
0.285333,2.88224757544186
0.286667,2.86492003744186
0.288000,2.88345647344186
0.289333,2.88189745744186
0.290667,2.85852542944186
0.292000,2.86354598944186
0.293333,2.84352320344186
0.294667,2.85232239544186
0.296000,2.85056519944186
0.297333,2.82971005744186
0.298667,2.80794328744186
0.300000,2.81182761544186
0.301333,2.78770250344186
0.302667,2.77030890544186
0.304000,2.77491328744186
0.305333,2.78618972944186
0.306667,2.77394881144186
0.308000,2.77018339144186
0.309333,2.74970479144186
0.310667,2.74327715344186
0.312000,2.74650088144186
0.313333,2.70347600344186
0.314667,2.69675109544186
0.316000,2.70085342144186
0.317333,2.70271631344186
0.318667,2.69539686544186
0.320000,2.68526986744186
0.321333,2.65485584344186
0.322667,2.66465914744186
0.324000,2.63844653944186
0.325333,2.65404991144186
0.326667,2.64760906144186
0.328000,2.64886420144186
0.329333,2.61138836344186
0.330667,2.61271616944186
0.332000,2.62468624144186
0.333333,2.60412176344186
0.334667,2.58119233744186
0.336000,2.58172081744186
0.337333,2.57702395144186
0.338667,2.56597211344186
0.340000,2.57068219144186
0.341333,2.56152627544186
0.342667,2.54895505744186
0.344000,2.54575114744186
0.345333,2.53435579744186
0.346667,2.54473382344186
0.348000,2.52921632944186
0.349333,2.52058228744186
0.350667,2.49691959544186
0.352000,2.50700035144186
0.353333,2.49484531144186
0.354667,2.49879569944186
0.356000,2.46098956144186
0.357333,2.46850718944186
0.358667,2.48393880544186
0.360000,2.43469768144186
0.361333,2.41999933144186
0.362667,2.41582433944186
0.364000,2.43568858144186
0.365333,2.42500007344186
0.366667,2.43168534544186
0.368000,2.38052848144186
0.369333,2.41066505344186
0.370667,2.40197816344186
0.372000,2.40664860544186
0.373333,2.39627718544186
0.374667,2.36588297944186
0.376000,2.36746841944186
0.377333,2.36092187344186
0.378667,2.36149659544186
0.380000,2.33928722344186
0.381333,2.31298213144186
0.382667,2.34023188144186
0.384000,2.30625722344186
0.385333,2.31263861944186
0.386667,2.29239783544186
0.388000,2.31209692744186
0.389333,2.29529126344186
0.390667,2.29721360944186
0.392000,2.28180181144186
0.393333,2.29147299544186
0.394667,2.26831896544186
0.396000,2.26809436144186
0.397333,2.24815084744186
0.398667,2.23886941744186
0.400000,2.22082843144186
0.401333,2.21648168344186
0.402667,2.22637747144186
0.404000,2.23150372744186
0.405333,2.20291956544186
0.406667,2.20209381544186
0.408000,2.18690662144186
0.409333,2.15345383744186
0.410667,2.15129367544186
0.412000,2.17693156144186
0.413333,2.17757894944186
0.414667,2.17773749344186
0.416000,2.14694032144186
0.417333,2.15404177144186
0.418667,2.15071234744186
0.420000,2.14501136944186
0.421333,2.12557651744186
0.422667,2.14714510744186
0.424000,2.09510964544186
0.425333,2.14648450744186
0.426667,2.11044217144186
0.428000,2.10201291544186
0.429333,2.08265072944186
0.430667,2.07233215744186
0.432000,2.08306030144186
0.433333,2.08716262744186
0.434667,2.06043475144186
0.436000,2.08101244144186
0.437333,2.02991503144186
0.438667,2.02828334944186
0.440000,2.02780771744186
0.441333,2.03381917744186
0.442667,2.02402247944186
0.444000,2.02632136744186
0.445333,2.00619949144186
0.446667,1.98903049744186
0.448000,1.99888664944186
0.449333,1.99743993544186
0.450667,1.97692830544186
0.452000,1.98173747344186
0.453333,1.93896362344186
0.454667,1.97986136944186
0.456000,1.97799187144186
0.457333,1.98068051344186
0.458667,1.95329864344186
0.460000,1.97240980144186
0.461333,1.96715142544186
0.462667,1.92522974944186
0.464000,1.94823844744186
0.465333,1.92973504144186
0.466667,1.90932910744186
0.468000,1.92083675944186
0.469333,1.90640925544186
0.470667,1.92408691144186
0.472000,1.89564808144186
0.473333,1.87732964344186
0.474667,1.87201841944186
0.476000,1.86745367344186
0.477333,1.86549169144186
0.478667,1.87003001344186
0.480000,1.85032431544186
0.481333,1.85430112744186
0.482667,1.84605683944186
0.484000,1.84788670144186
0.485333,1.83695377144186
0.486667,1.82872269544186
0.488000,1.81265029744186
0.489333,1.82321329144186
0.490667,1.81049013544186
0.492000,1.82005562344186
0.493333,1.82374177144186
0.494667,1.79860594144186
0.496000,1.81897884544186
0.497333,1.78271190544186
0.498667,1.78153603744186
0.500000,1.76999535544186
0.501333,1.74828143344186
0.502667,1.76011277944186
0.504000,1.74625999744186
0.505333,1.72323148144186
0.506667,1.73239400344186
0.508000,1.75402865344186
0.509333,1.76282784544186
0.510667,1.72843040344186
0.512000,1.70336723944186
0.513333,1.73304139144186
0.514667,1.69067711344186
0.516000,1.72909760944186
0.517333,1.71424071544186
0.518667,1.69834667944186
0.520000,1.71644051344186
0.521333,1.70726477944186
0.522667,1.69319399944186
0.524000,1.71660566344186
0.525333,1.68204967744186
0.526667,1.68391917544186
0.528000,1.67169146944186
0.529333,1.65833413744186
0.530667,1.66699460344186
0.532000,1.63536507544186
0.533333,1.65818880544186
0.534667,1.61318212744186
0.536000,1.65239534344186
0.537333,1.63644185344186
0.538667,1.62529753144186
0.540000,1.61443726744186
0.541333,1.63146753544186
0.542667,1.61730427144186
0.544000,1.61927285944186
0.545333,1.60556540944186
0.546667,1.58965155544186
0.548000,1.59897922744186
0.549333,1.57990770544186
0.550667,1.58138084344186
0.552000,1.56757430344186
0.553333,1.56846611344186
0.554667,1.58286719344186
0.556000,1.56370979344186
0.557333,1.54477699744186
0.558667,1.55446139344186
0.560000,1.56957592144186
0.561333,1.55929037944186
0.562667,1.53094403344186
0.564000,1.52621413744186
0.565333,1.53868626544186
0.566667,1.54613783344186
0.568000,1.53077227744186
0.569333,1.52022249544186
0.570667,1.53319667944186
0.572000,1.49111645944186
0.573333,1.50934901944186
0.574667,1.49577368944186
0.576000,1.47324062344186
0.577333,1.48595056744186
0.578667,1.49390419144186
0.580000,1.49518575544186
0.581333,1.46538608944186
0.582667,1.46778406744186
0.584000,1.49116930744186
0.585333,1.46070243544186
0.586667,1.44048807544186
0.588000,1.44734510344186
0.589333,1.45434746344186
0.590667,1.46080813144186
0.592000,1.45423516144186
0.593333,1.44126097744186
0.594667,1.42709110744186
0.596000,1.43557981744186
0.597333,1.43860536544186
0.598667,1.41560327344186
0.600000,1.42481864344186
0.601333,1.40739862144186
0.602667,1.41300711544186
0.604000,1.38036686944186
0.605333,1.40305847944186
0.606667,1.39257475744186
0.608000,1.37083441144186
0.609333,1.40058122944186
0.610667,1.38242794144186
0.612000,1.38203158144186
0.613333,1.36885261144186
0.614667,1.37739416944186
0.616000,1.35985523944186
0.617333,1.35206015944186
0.618667,1.35818392144186
0.620000,1.34526919144186
0.621333,1.34903461144186
0.622667,1.33748071744186
0.624000,1.33388705344186
0.625333,1.35434583544186
0.626667,1.32136868344186
0.628000,1.32580130944186
0.629333,1.31274124744186
0.630667,1.30354569544186
0.632000,1.31377838944186
0.633333,1.31417474944186
0.634667,1.28744687344186
0.636000,1.30670996944186
0.637333,1.28355593944186
0.638667,1.27379227144186
0.640000,1.27741235944186
0.641333,1.29173416744186
0.642667,1.28696463544186
0.644000,1.27799368744186
0.645333,1.25851259344186
0.646667,1.27311845944186
0.648000,1.26165704944186
0.649333,1.27527862144186
0.650667,1.26226480144186
0.652000,1.26511859344186
0.653333,1.24277049544186
0.654667,1.24595458744186
0.656000,1.24288279744186
0.657333,1.25821532344186
0.658667,1.25032115344186
0.660000,1.21840096144186
0.661333,1.21654467544186
0.662667,1.20715754944186
0.664000,1.21489317544186
0.665333,1.22141329744186
0.666667,1.20819469144186
0.668000,1.20246728944186
0.669333,1.21398154744186
0.670667,1.21548110944186
0.672000,1.20774548344186
0.673333,1.17730503544186
0.674667,1.18359394744186
0.676000,1.18180372144186
0.677333,1.18058821744186
0.678667,1.17760230544186
0.680000,1.16661652744186
0.681333,1.17394918744186
0.682667,1.17222502144186
0.684000,1.17153799744186
0.685333,1.13504645344186
0.686667,1.14506775544186
0.688000,1.14871426744186
0.689333,1.14518666344186
0.690667,1.13357992144186
0.692000,1.13879866144186
0.693333,1.13839569544186
0.694667,1.14075403744186
0.696000,1.12099549144186
0.697333,1.13313071344186
0.698667,1.11312113944186
0.700000,1.13391022144186
0.701333,1.10178524344186
0.702667,1.11702528544186
0.704000,1.10327159344186
0.705333,1.09519245544186
0.706667,1.11689316544186
0.708000,1.08829579144186
0.709333,1.09255005544186
0.710667,1.09179697144186
0.712000,1.08170300344186
0.713333,1.08686228944186
0.714667,1.07041334944186
0.716000,1.08041483344186
0.717333,1.09126188544186
0.718667,1.06944887344186
0.720000,1.07987314144186
0.721333,1.05197600344186
0.722667,1.07221678744186
0.724000,1.06099319344186
0.725333,1.04735840944186
0.726667,1.05397101544186
0.728000,1.04623538944186
0.729333,1.03737013744186
0.730667,1.04340141544186
0.732000,1.04726592544186
0.733333,1.05858200344186
0.734667,1.04550872944186
0.736000,1.03015638544186
0.737333,1.00871330944186
0.738667,1.02779143744186
0.740000,1.01232018544186
0.741333,1.02129773944186
0.742667,1.01257121344186
0.744000,1.03171540144186
0.745333,1.00922857744186
0.746667,0.985427159441861
0.748000,0.996076031441861
0.749333,0.986761571441861
0.750667,0.980413205441861
0.752000,1.00124852944186
0.753333,1.00238476144186
0.754667,0.982011857441861
0.756000,0.967855199441861
0.757333,0.970827899441861
0.758667,0.971191229441861
0.760000,0.977817047441861
0.761333,0.978378557441861
0.762667,0.971884859441861
0.764000,0.961070837441861
0.765333,0.977684927441861
0.766667,0.96373305544186
0.768000,0.969308519441861
0.769333,0.949642457441861
0.770667,0.955686947441861
0.772000,0.947726717441861
0.773333,0.946319639441861
0.774667,0.952674611441861
0.776000,0.955792643441861
0.777333,0.924572687441861
0.778667,0.933629513441861
0.780000,0.934660049441861
0.781333,0.914412659441861
0.782667,0.920443937441861
0.784000,0.937295843441861
0.785333,0.923859239441861
0.786667,0.91279418944186
0.788000,0.916526579441861
0.789333,0.904417781441861
0.790667,0.917755295441861
0.792000,0.913897391441861
0.793333,0.900434363441861
0.794667,0.89991909544186
0.796000,0.890518757441861
0.797333,0.905646497441861
0.798667,0.90268700944186
0.800000,0.895717679441861
0.801333,0.888332171441861
0.802667,0.88678636744186
0.804000,0.879440495441861
0.805333,0.883569245441861
0.806667,0.871513295441861
0.808000,0.87736621144186
0.809333,0.86307743344186
0.810667,0.879288557441861
0.812000,0.85110075544186
0.813333,0.868454717441861
0.814667,0.856814945441861
0.816000,0.85013627944186
0.817333,0.846549221441861
0.818667,0.84616607344186
0.820000,0.857904935441861
0.821333,0.851087543441861
0.822667,0.84199768744186
0.824000,0.839460983441861
0.825333,0.83611834744186
0.826667,0.848464961441861
0.828000,0.824478575441861
0.829333,0.82577335144186
0.830667,0.83301352744186
0.832000,0.81127978744186
0.833333,0.83542471744186
0.834667,0.804865361441861
0.836000,0.80995198144186
0.837333,0.823765127441861
0.838667,0.807190673441861
0.840000,0.831996203441861
0.841333,0.80341204144186
0.842667,0.80614031944186
0.844000,0.80708497744186
0.845333,0.798543419441861
0.846667,0.801938903441861
0.848000,0.788753327441861
0.849333,0.79181190544186
0.850667,0.786982919441861
0.852000,0.790200041441861
0.853333,0.78077327944186
0.854667,0.773903039441861
0.856000,0.79500260344186
0.857333,0.78358082944186
0.858667,0.774656123441861
0.860000,0.76762733944186
0.861333,0.76839363544186
0.862667,0.77799215344186
0.864000,0.760314497441861
0.865333,0.76238878144186
0.866667,0.76820206144186
0.868000,0.752717597441861
0.869333,0.746838257441861
0.870667,0.75654907744186
0.872000,0.75119821744186
0.873333,0.762890837441861
0.874667,0.747525281441861
0.876000,0.75676046944186
0.877333,0.75577617544186
0.878667,0.74060879944186
0.880000,0.74015298544186
0.881333,0.73774179544186
0.882667,0.73595817544186
0.884000,0.72618790144186
0.885333,0.73811833744186
0.886667,0.711416885441861
0.888000,0.73537024144186
0.889333,0.70856969944186
0.890667,0.71586932944186
0.892000,0.71454812944186
0.893333,0.700616075441861
0.894667,0.71425085944186
0.896000,0.71424425344186
0.897333,0.711562217441861
0.898667,0.70632365944186
0.900000,0.70366144144186
0.901333,0.71469346144186
0.902667,0.70192406344186
0.904000,0.69709507744186
0.905333,0.697458407441861
0.906667,0.69579369544186
0.908000,0.693937409441861
0.909333,0.680256383441861
0.910667,0.698264339441861
0.912000,0.689967203441861
0.913333,0.685561001441861
0.914667,0.677151563441861
0.916000,0.69184330744186
0.917333,0.68951799544186
0.918667,0.676127633441861
0.920000,0.65939463544186
0.921333,0.67435722544186
0.922667,0.67077677344186
0.924000,0.66966696544186
0.925333,0.65580757744186
0.926667,0.653211419441861
0.928000,0.66193133944186
0.929333,0.65255081944186
0.930667,0.673154933441861
0.932000,0.645944819441861
0.933333,0.654004139441861
0.934667,0.652828271441861
0.936000,0.640085297441861
0.937333,0.64556167144186
0.938667,0.64371199144186
0.940000,0.63355196344186
0.941333,0.63746932144186
0.942667,0.64640063344186
0.944000,0.637581623441861
0.945333,0.63768731944186
0.946667,0.64283999944186
0.948000,0.63597636544186
0.949333,0.61533922144186
0.950667,0.62712432544186
0.952000,0.626496755441861
0.953333,0.62058438544186
0.954667,0.62202449344186
0.956000,0.61716247744186
0.957333,0.61508819344186
0.958667,0.61294784944186
0.960000,0.60714117544186
0.961333,0.61716247744186
0.962667,0.60543682744186
0.964000,0.61351596544186
0.965333,0.60833686144186
0.966667,0.600046331441861
0.968000,0.605582159441861
0.969333,0.589364429441861
0.970667,0.600799415441861
0.972000,0.601129715441861
0.973333,0.58695323944186
0.974667,0.58094177944186
0.976000,0.59447747344186
0.977333,0.60110329144186
0.978667,0.59998027144186
0.980000,0.57395263144186
0.981333,0.579818759441861
0.982667,0.58466095744186
0.984000,0.579858395441861
0.985333,0.57557770744186
0.986667,0.57227470744186
0.988000,0.56506095544186
0.989333,0.56628306544186
0.990667,0.572558765441861
0.992000,0.566653001441861
0.993333,0.57064302544186
0.994667,0.565008107441861
0.996000,0.56539786144186
0.997333,0.55888434544186
0.998667,0.55799914144186
1.000000,0.55531710544186
1.001333,0.566917241441861
1.002667,0.553394759441861
1.004000,0.55371845344186
1.005333,0.55922125144186
1.006667,0.550666481441861
1.008000,0.549708611441861
1.009333,0.55369863544186
1.010667,0.542580737441861
1.012000,0.54757487344186
1.013333,0.54579785944186
1.014667,0.54894892144186
1.016000,0.540519665441861
1.017333,0.539053133441861
1.018667,0.548724317441861
1.020000,0.52531925944186
1.021333,0.52590719344186
1.022667,0.53027375944186
1.024000,0.52311946144186
1.025333,0.529381949441861
1.026667,0.53201774344186
1.028000,0.525319259441861
1.029333,0.51611049544186
1.030667,0.51053503144186
1.032000,0.50307685744186
1.033333,0.50184153544186
1.034667,0.51139381144186
1.036000,0.51179677744186
1.037333,0.50868535144186
1.038667,0.508870319441861
1.040000,0.50324200744186
1.041333,0.506386463441861
1.042667,0.49956907144186
1.044000,0.51024436744186
1.045333,0.50608258744186
1.046667,0.49145029744186
1.048000,0.49098787744186
1.049333,0.49180702144186
1.050667,0.50984140144186
1.052000,0.48921086344186
1.053333,0.503136311441861
1.054667,0.49640479744186
1.056000,0.49932464944186
1.057333,0.48489714544186
1.058667,0.49206465544186
1.060000,0.493167857441861
1.061333,0.489554375441861
1.062667,0.48091372744186
1.064000,0.47103115144186
1.065333,0.49090199944186
1.066667,0.476738735441861
1.068000,0.46894365544186
1.069333,0.475311839441861
1.070667,0.46673064544186
1.072000,0.47452572544186
1.073333,0.47405669944186
1.074667,0.467833847441861
1.076000,0.47027806744186
1.077333,0.462905771441861
1.078667,0.47712188344186
1.080000,0.46315019344186
1.081333,0.45134527144186
1.082667,0.458856293441861
1.084000,0.447242945441861
1.085333,0.44905298944186
1.086667,0.44911244344186
1.088000,0.45186053944186
1.089333,0.451503815441861
1.090667,0.44376818944186
1.092000,0.458704355441861
1.093333,0.44652949744186
1.094667,0.442995287441861
1.096000,0.45134527144186
1.097333,0.44913226144186
1.098667,0.44341807144186
1.100000,0.45692734144186
1.101333,0.43381955344186
1.102667,0.433542101441861
1.104000,0.43981119544186
1.105333,0.42926141344186
1.106667,0.43045049344186
1.108000,0.43764442744186
1.109333,0.429935225441861
1.110667,0.43434142744186
1.112000,0.43705649344186
1.113333,0.427570277441861
1.114667,0.42956528944186
1.116000,0.41807084944186
1.117333,0.41841436144186
1.118667,0.416795891441861
1.120000,0.41629383544186
1.121333,0.41836811944186
1.122667,0.41519063344186
1.124000,0.42098409544186
1.125333,0.40910650744186
1.126667,0.41114115544186
1.128000,0.420501857441861
1.129333,0.420151739441861
1.130667,0.410797643441861
1.132000,0.41347967944186
1.133333,0.400736705441861
1.134667,0.41150448544186
1.136000,0.39973919944186
1.137333,0.409687835441861
1.138667,0.40146336544186
1.140000,0.39485075944186
1.141333,0.39488378944186
1.142667,0.404336975441861
1.144000,0.400855613441861
1.145333,0.39004159144186
1.146667,0.39849727144186
1.148000,0.39695807344186
1.149333,0.403405529441861
1.150667,0.39755921944186
1.152000,0.39615214144186
1.153333,0.39364846744186
1.154667,0.38889214744186
1.156000,0.38811263944186
1.157333,0.38682446944186
1.158667,0.38411600944186
1.160000,0.39140903344186
1.161333,0.37703437744186
1.162667,0.39753279544186
1.164000,0.37649929144186
1.165333,0.37501294144186
1.166667,0.38616386944186
1.168000,0.37657856344186
1.169333,0.37586511544186
1.170667,0.37400882944186
1.172000,0.37095685744186
1.173333,0.37056710344186
1.174667,0.37157782144186
1.176000,0.36286450744186
1.177333,0.36244832944186
1.178667,0.37101631144186
1.180000,0.37052746744186
1.181333,0.36776615944186
1.182667,0.36069773944186
1.184000,0.36654404944186
1.185333,0.36208499944186
1.186667,0.35247326944186
1.188000,0.34929578344186
1.189333,0.353550047441861
1.190667,0.34245196744186
1.192000,0.35393980144186
1.193333,0.35271769144186
1.194667,0.35853757744186
1.196000,0.35475233944186
1.197333,0.35351701744186
1.198667,0.35750043544186
1.200000,0.35689268344186
1.201333,0.34600599544186
1.202667,0.34420916344186
1.204000,0.33727946944186
1.205333,0.33722001544186
1.206667,0.34470461344186
1.208000,0.33986902144186
1.209333,0.34876730344186
1.210667,0.33840248944186
1.212000,0.33806558344186
1.213333,0.33651317344186
1.214667,0.33276757144186
1.216000,0.33000626344186
1.217333,0.34093919344186
1.218667,0.32259433144186
1.220000,0.32996662744186
1.221333,0.32747616544186
1.222667,0.34061549944186
1.224000,0.32724495544186
1.225333,0.33568742344186
1.226667,0.33568081744186
1.228000,0.33698880544186
1.229333,0.33012517144186
1.230667,0.32037471544186
1.232000,0.32901536344186
1.233333,0.32698732144186
1.234667,0.33336211144186
1.236000,0.31553251744186
1.237333,0.32579163544186
1.238667,0.32572557544186
1.240000,0.31292975344186
1.241333,0.32364468544186
1.242667,0.31160855344186
1.244000,0.32212530544186
1.245333,0.31746146944186
1.246667,0.30648229744186
1.248000,0.31314114544186
1.249333,0.32346632344186
1.250667,0.31814849344186
1.252000,0.30619823944186
1.253333,0.29905054744186
1.254667,0.30422965144186
1.256000,0.30435516544186
1.257333,0.30803470744186
1.258667,0.30261118144186
1.260000,0.30220160944186
1.261333,0.30512806744186
1.262667,0.30199021744186
1.264000,0.28645290544186
1.265333,0.30078131944186
1.266667,0.29587306144186
1.268000,0.29778219544186
1.269333,0.29761043944186
1.270667,0.29249078944186
1.272000,0.29353453744186
1.273333,0.29747831944186
1.274667,0.30101252944186
1.276000,0.29331653944186
1.277333,0.28834222144186
1.278667,0.299004305441861
1.280000,0.28606315144186
1.281333,0.28856021944186
1.282667,0.29130831544186
1.284000,0.28513170544186
1.285333,0.29333635744186
1.286667,0.28900282144186
1.288000,0.28262142544186
1.289333,0.27188667544186
1.290667,0.28166355544186
1.292000,0.28184191744186
1.293333,0.28787980144186
1.294667,0.27987993544186
1.296000,0.27725735344186
1.297333,0.26678023744186
1.298667,0.27494525344186
1.300000,0.27693365944186
1.301333,0.28085762344186
1.302667,0.27540106744186
1.304000,0.26736156544186
1.305333,0.26878846144186
1.306667,0.28403510944186
1.308000,0.27499810144186
1.309333,0.26872900744186
1.310667,0.27114680344186
1.312000,0.26557794544186
1.313333,0.26150864944186
1.314667,0.26187858544186
1.316000,0.26717659744186
1.317333,0.26463328744186
1.318667,0.26627818144186
1.320000,0.27057868744186
1.321333,0.26948869744186
1.322667,0.24950554744186
1.324000,0.26456722744186
1.325333,0.25571518744186
1.326667,0.25223382544186
1.328000,0.25921636744186
1.329333,0.26030635744186
1.330667,0.25529900944186
1.332000,0.26059702144186
1.333333,0.25874073544186
1.334667,0.25571518744186
1.336000,0.24906294544186
1.337333,0.25849631344186
1.338667,0.24682351144186
1.340000,0.25206206944186
1.341333,0.26127083344186
1.342667,0.24854767744186
1.344000,0.24375832744186
1.345333,0.24644036344186
1.346667,0.25173176944186
1.348000,0.24311093944186
1.349333,0.23904164344186
1.350667,0.25146092344186
1.352000,0.24225876544186
1.353333,0.24465674344186
1.354667,0.23848673944186
1.356000,0.24192185944186
1.357333,0.23900200744186
1.358667,0.24544285744186
1.360000,0.24336196744186
1.361333,0.23263382344186
1.362667,0.23538852544186
1.364000,0.24114235144186
1.365333,0.24387723544186
1.366667,0.24018448144186
1.368000,0.23490628744186
1.369333,0.23431174744186
1.370667,0.23184110344186
1.372000,0.22759344544186
1.373333,0.23188734544186
1.374667,0.23339351344186
1.376000,0.21936897544186
1.377333,0.23304339544186
1.378667,0.23368417744186
1.380000,0.23372381344186
1.381333,0.23283200344186
1.382667,0.22839277144186
1.384000,0.22865701144186
1.385333,0.21983800144186
1.386667,0.22507655944186
1.388000,0.22301548744186
1.389333,0.22461413944186
1.390667,0.22003618144186
1.392000,0.22503692344186
1.393333,0.21745984144186
1.394667,0.21756553744186
1.396000,0.21699081544186
1.397333,0.22732259944186
1.398667,0.22028060344186
1.400000,0.21927649144186
1.401333,0.22038629944186
1.402667,0.22466038144186
1.404000,0.20580685744186
1.405333,0.21099917344186
1.406667,0.20925518944186
1.408000,0.20774902144186
1.409333,0.21140874544186
1.410667,0.20984972944186
1.412000,0.21421629544186
1.413333,0.21375387544186
1.414667,0.20485559344186
1.416000,0.21007433344186
1.417333,0.20578043344186
1.418667,0.20852852944186
1.420000,0.21591403744186
1.421333,0.20852852944186
1.422667,0.21083402344186
1.424000,0.21036499744186
1.425333,0.19669718344186
1.426667,0.20972421544186
1.428000,0.20198858944186
1.429333,0.20778865744186
1.430667,0.20825107744186
1.432000,0.20674490944186
1.433333,0.20609752144186
1.434667,0.20377220944186
1.436000,0.20210089144186
1.437333,0.20229246544186
1.438667,0.20312482144186
1.440000,0.19689536344186
1.441333,0.19566004144186
1.442667,0.19931976544186
1.444000,0.20749799344186
1.445333,0.19244291944186
1.446667,0.19851383344186
1.448000,0.19245613144186
1.449333,0.19500604744186
1.450667,0.19172286544186
1.452000,0.18875016544186
1.453333,0.19688215144186
1.454667,0.18904082944186
1.456000,0.18216398344186
1.457333,0.19440490144186
1.458667,0.18038696944186
1.460000,0.19184837944186
1.461333,0.18964197544186
1.462667,0.18717133144186
1.464000,0.18709866544186
1.465333,0.18559249744186
1.466667,0.19005154744186
1.468000,0.18820847344186
1.469333,0.18472711144186
1.470667,0.18758750944186
1.472000,0.18016897144186
1.473333,0.18460820344186
1.474667,0.19198049944186
1.476000,0.17819377744186
1.477333,0.18267925144186
1.478667,0.17424999544186
1.480000,0.17730196744186
1.481333,0.17812111144186
1.482667,0.18203186344186
1.484000,0.18561892144186
1.485333,0.17257207144186
1.486667,0.17942249344186
1.488000,0.17230122544186
1.489333,0.17278346344186
1.490667,0.16876040944186
1.492000,0.17469259744186
1.493333,0.17368187944186
1.494667,0.17498326144186
1.496000,0.17700469744186
1.497333,0.17203698544186
1.498667,0.17203037944186
1.500000,0.17622518944186
1.501333,0.16994948944186
1.502667,0.17617894744186
1.504000,0.17034584944186
1.505333,0.18101453944186
1.506667,0.17226819544186
1.508000,0.16870095544186
1.509333,0.17058366544186
1.510667,0.16335009544186
1.512000,0.16751187544186
1.513333,0.16154665744186
1.514667,0.16316512744186
1.516000,0.16642849144186
1.517333,0.15815117344186
1.518667,0.16677860944186
1.520000,0.17152832344186
1.521333,0.16048969744186
1.522667,0.16801393144186
1.524000,0.15983570344186
1.525333,0.16092569344186
1.526667,0.16042363744186
1.528000,0.15906940744186
1.529333,0.15821062744186
1.530667,0.15900334744186
1.532000,0.15707439544186
1.533333,0.16111066144186
1.534667,0.15851450344186
1.536000,0.15992158144186
1.537333,0.15084493744186
1.538667,0.15389030344186
1.540000,0.15229825744186
1.541333,0.15178298944186
1.542667,0.16179107944186
1.544000,0.15568052944186
1.545333,0.15361285144186
1.546667,0.16315191544186
1.548000,0.15464338744186
1.549333,0.16076714944186
1.550667,0.14995973344186
1.552000,0.14234962144186
1.553333,0.14916040744186
1.554667,0.15381103144186
1.556000,0.15194813944186
1.557333,0.15289279744186
1.558667,0.14583098344186
1.560000,0.14955676744186
1.561333,0.14608861744186
1.562667,0.15677712544186
1.564000,0.14775332944186
1.565333,0.15121487344186
1.566667,0.14282525344186
1.568000,0.14450317744186
1.569333,0.14407378744186
1.570667,0.14674261144186
1.572000,0.14481365944186
1.573333,0.14057921344186
1.574667,0.13898716744186
1.576000,0.14820253744186
1.577333,0.14611504144186
1.578667,0.14644534144186
1.580000,0.13808214544186
1.581333,0.14342639944186
1.582667,0.14314894744186
1.584000,0.14092933144186
1.585333,0.14356512544186
1.586667,0.13602107344186
1.588000,0.14176829344186
1.589333,0.14131247944186
1.590667,0.13919195344186
1.592000,0.13529441344186
1.593333,0.14591686144186
1.594667,0.13868329144186
1.596000,0.14457584344186
1.597333,0.14262707344186
1.598667,0.13360988344186
1.600000,0.13937692144186
1.601333,0.13909286344186
1.602667,0.13625228344186
1.604000,0.13898716744186
1.605333,0.13349097544186
1.606667,0.13509623344186
1.608000,0.13663543144186
1.609333,0.13870971544186
1.610667,0.13310122144186
1.612000,0.13133081344186
1.613333,0.12734739544186
1.614667,0.13256613544186
1.616000,0.13105996744186
1.617333,0.12852326344186
1.618667,0.12773054344186
1.620000,0.13376842744186
1.621333,0.12525329344186
1.622667,0.13133081344186
1.624000,0.12670000744186
1.625333,0.13085518144186
1.626667,0.12239950144186
1.628000,0.13274449744186
1.629333,0.12858271744186
1.630667,0.12274961944186
1.632000,0.12755218144186
1.633333,0.12916404544186
1.634667,0.12888659344186
1.636000,0.12617813344186
1.637333,0.12335076544186
1.638667,0.12210223144186
1.640000,0.12319222144186
1.641333,0.11757712144186
1.642667,0.12344324944186
1.644000,0.12208901944186
1.645333,0.12500226544186
1.646667,0.12581480344186
1.648000,0.12530614144186
1.649333,0.11899741144186
1.650667,0.11909650144186
1.652000,0.12333094744186
1.653333,0.11597186344186
1.654667,0.12078763744186
1.656000,0.12045733744186
1.657333,0.11094469744186
1.658667,0.12020630944186
1.660000,0.11635501144186
1.661333,0.12084048544186
1.662667,0.10992076744186
1.664000,0.11142032944186
1.665333,0.12122363344186
1.666667,0.12033842944186
1.668000,0.11811220744186
1.669333,0.11691652144186
1.670667,0.11459120944186
1.672000,0.11905025944186
1.673333,0.11657300944186
1.674667,0.11188935544186
1.676000,0.10997361544186
1.677333,0.10927337944186
1.678667,0.11578028944186
1.680000,0.11163172144186
1.681333,0.11047567144186
1.682667,0.11000003944186
1.684000,0.11137408744186
1.685333,0.10613552944186
1.686667,0.11376545944186
1.688000,0.10721891344186
1.689333,0.11759033344186
1.690667,0.10198696144186
1.692000,0.11101075744186
1.693333,0.11014537144186
1.694667,0.10510499344186
1.696000,0.10904877544186
1.697333,0.11491490344186
1.698667,0.101676479441861
1.700000,0.11149960144186
1.701333,0.10505214544186
1.702667,0.10840799344186
1.704000,0.10955743744186
1.705333,0.11010573544186
1.706667,0.10762187944186
1.708000,0.10456330144186
1.709333,0.10498608544186
1.710667,0.10319585944186
1.712000,0.10529656744186
1.713333,0.10300428544186
1.714667,0.10353937144186
1.716000,0.10534280944186
1.717333,0.10093000144186
1.718667,0.10381021744186
1.720000,0.10310998144186
1.721333,0.10018352344186
1.722667,0.10085733544186
1.724000,0.095466839441861
1.725333,0.10056667144186
1.726667,0.10894968544186
1.728000,0.10106212144186
1.729333,0.093888005441861
1.730667,0.09662288944186
1.732000,0.09942383344186
1.733333,0.09709852144186
1.734667,0.095579141441861
1.736000,0.10194071944186
1.737333,0.097673243441861
1.738667,0.092414867441861
1.740000,0.097666637441861
1.741333,0.09793087744186
1.742667,0.091238999441861
1.744000,0.09177408544186
1.745333,0.091674995441861
1.746667,0.09373606744186
1.748000,0.094456121441861
1.749333,0.099199229441861
1.750667,0.095552717441861
1.752000,0.094436303441861
1.753333,0.095724473441861
1.754667,0.094112609441861
1.756000,0.089263805441861
1.757333,0.08746697344186
1.758667,0.09464769544186
1.760000,0.09263286544186
1.761333,0.086918675441861
1.762667,0.09229595944186
1.764000,0.092560199441861
1.765333,0.089752649441861
1.766667,0.09461466544186
1.768000,0.086053289441861
1.769333,0.089594105441861
1.770667,0.085551233441861
1.772000,0.09100778944186
1.773333,0.08960071144186
1.774667,0.089838527441861
1.776000,0.088371995441861
1.777333,0.091324877441861
1.778667,0.089514833441861
1.780000,0.087288611441861
1.781333,0.08723576344186
1.782667,0.097666637441861
1.784000,0.09100118344186
1.785333,0.09170802544186
1.786667,0.086086319441861
1.788000,0.090551975441861
1.789333,0.08629771144186
1.790667,0.087334853441861
1.792000,0.083305193441861
1.793333,0.093676613441861
1.794667,0.083998823441861
1.796000,0.087533033441861
1.797333,0.086773343441861
1.798667,0.08327216344186
1.800000,0.090717125441861
1.801333,0.082400171441861
1.802667,0.078575297441861
1.804000,0.089052413441861
1.805333,0.083556221441861
1.806667,0.083998823441861
1.808000,0.091859963441861
1.809333,0.08242659544186
1.810667,0.080735459441861
1.812000,0.081693329441861
1.813333,0.080352311441861
1.814667,0.083107013441861
1.816000,0.082017023441861
1.817333,0.080246615441861
1.818667,0.076210349441861
1.820000,0.079552985441861
1.821333,0.080187161441861
1.822667,0.083146649441861
1.824000,0.079579409441861
1.825333,0.084025247441861
1.826667,0.085557839441861
1.828000,0.077591003441861
1.829333,0.072088205441861
1.830667,0.073191407441861
1.832000,0.078079847441861
1.833333,0.07833087544186
1.834667,0.076124471441861
1.836000,0.078727235441861
1.837333,0.075767747441861
1.838667,0.080927033441861
1.840000,0.079751165441861
1.841333,0.076461377441861
1.842667,0.075794171441861
1.844000,0.072933773441861
1.845333,0.078396935441861
1.846667,0.076514225441861
1.848000,0.073825583441861
1.849333,0.067193159441861
1.850667,0.073290497441861
1.852000,0.07978419544186
1.853333,0.07493539144186
1.854667,0.073924673441861
1.856000,0.074400305441861
1.857333,0.078278027441861
1.858667,0.070839671441861
1.860000,0.069961073441861
1.861333,0.074294609441861
1.862667,0.077141795441861
1.864000,0.069472229441861
1.865333,0.068844659441861
1.866667,0.074043581441861
1.868000,0.069571319441861
1.869333,0.071381363441861
1.870667,0.071460635441861
1.872000,0.070093193441861
1.873333,0.070264949441861
1.874667,0.071487059441861
1.876000,0.063995855441861
1.877333,0.073442435441861
1.878667,0.073713281441861
1.880000,0.073112135441861
1.881333,0.069485441441861
1.882667,0.068692721441861
1.884000,0.064861241441861
1.885333,0.065739839441861
1.886667,0.066175835441861
1.888000,0.070106405441861
1.889333,0.070113011441861
1.890667,0.071652209441861
1.892000,0.074030369441861
1.893333,0.063817493441861
1.894667,0.065627537441861
1.896000,0.063328649441861
1.897333,0.069895013441861
1.898667,0.068963567441861
1.900000,0.066241895441861
1.901333,0.064722515441861
1.902667,0.060388979441861
1.904000,0.066902495441861
1.905333,0.062945501441861
1.906667,0.065957837441861
1.908000,0.067047827441861
1.909333,0.067609337441861
1.910667,0.064742333441861
1.912000,0.060534311441861
1.913333,0.061663937441861
1.914667,0.064630031441861
1.916000,0.065918201441861
1.917333,0.062952107441861
1.918667,0.068177453441861
1.920000,0.066466499441861
1.921333,0.062304719441861
1.922667,0.065250995441861
1.924000,0.063473981441861
1.925333,0.063018167441861
1.926667,0.059952983441861
1.928000,0.064372397441861
1.929333,0.060732491441861
1.930667,0.063051197441861
1.932000,0.064451669441861
1.933333,0.062701079441861
1.934667,0.058261847441861
1.936000,0.059649107441861
1.937333,0.060071891441861
1.938667,0.060448433441861
1.940000,0.061485575441861
1.941333,0.058228817441861
1.942667,0.060824975441861
1.944000,0.057013313441861
1.945333,0.059616077441861
1.946667,0.055434479441861
1.948000,0.059569835441861
1.949333,0.058109909441861
1.950667,0.056101685441861
1.952000,0.061102427441861
1.953333,0.054503033441861
1.954667,0.057660701441861
1.956000,0.058202393441861
1.957333,0.054833333441861
1.958667,0.05761445944186
1.960000,0.064207247441861
1.961333,0.058975295441861
1.962667,0.058413785441861
1.964000,0.062641625441861
1.965333,0.056550893441861
1.966667,0.057000101441861
1.968000,0.057924941441861
1.969333,0.059067779441861
1.970667,0.055282541441861
1.972000,0.052574081441861
1.973333,0.057806033441861
1.974667,0.052389113441861
1.976000,0.054952241441861
1.977333,0.052283417441861
1.978667,0.056240411441861
1.980000,0.051305729441861
1.981333,0.054727637441861
1.982667,0.059371655441861
1.984000,0.054820121441861
1.985333,0.054529457441861
1.986667,0.053036501441861
1.988000,0.052653353441861
1.989333,0.052640141441861
1.990667,0.050830097441861
1.992000,0.052580687441861
1.993333,0.047698853441861
1.994667,0.050361071441861
1.996000,0.052706201441861
1.997333,0.058268453441861
1.998667,0.054912605441861
2.000000,0.051715301441861
2.001333,0.051794573441861
2.002667,0.051583181441861
2.004000,0.051556757441861
2.005333,0.053479103441861
2.006667,0.049079507441861
2.008000,0.053076137441861
2.009333,0.050579069441861
2.010667,0.050684765441861
2.012000,0.052085237441861
2.013333,0.052891169441861
2.014667,0.052778867441861
2.016000,0.051523727441861
2.017333,0.048808661441861
2.018667,0.048564239441861
2.020000,0.049885439441861
2.021333,0.048233939441861
2.022667,0.048418907441861
2.024000,0.048861509441861
2.025333,0.047084495441861
2.026667,0.046714559441861
2.028000,0.047421401441861
2.029333,0.050902763441861
2.030667,0.046807043441861
2.032000,0.048048971441861
2.033333,0.044204279441861
2.034667,0.049502291441861
2.036000,0.046965587441861
2.037333,0.052692989441861
2.038667,0.042909503441861
2.040000,0.051041489441861
2.041333,0.046126625441861
2.042667,0.046774013441861
2.044000,0.047593157441861
2.045333,0.049654229441861
2.046667,0.047824367441861
2.048000,0.048055577441861
2.049333,0.046701347441861
2.050667,0.046833467441861
2.052000,0.047784731441861
2.053333,0.042618839441861
2.054667,0.049337141441861
2.056000,0.046166261441861
2.057333,0.046740983441861
2.058667,0.046780619441861
2.060000,0.044091977441861
2.061333,0.041119277441861
2.062667,0.043411559441861
2.064000,0.042361205441861
2.065333,0.044878091441861
2.066667,0.043180349441861
2.068000,0.046727771441861
2.069333,0.042797201441861
2.070667,0.045082877441861
2.072000,0.045578327441861
2.073333,0.045518873441861
2.074667,0.046443713441861
2.076000,0.046073777441861
2.077333,0.045419783441861
2.078667,0.042942533441861
2.080000,0.043305863441861
2.081333,0.043576709441861
2.082667,0.044554397441861
2.084000,0.042519749441861
2.085333,0.039989651441861
2.086667,0.042797201441861
2.088000,0.040861643441861
2.089333,0.040993763441861
2.090667,0.039124265441861
2.092000,0.040709705441861
2.093333,0.042942533441861
2.094667,0.045366935441861
2.096000,0.042116783441861
2.097333,0.042235691441861
2.098667,0.044646881441861
2.100000,0.040914491441861
2.101333,0.045432995441861
2.102667,0.039672563441861
2.104000,0.042790595441861
2.105333,0.038648633441861
2.106667,0.042546173441861
2.108000,0.040630433441861
2.109333,0.037631309441861
2.110667,0.040973945441861
2.112000,0.038357969441861
2.113333,0.041535455441861
2.114667,0.037829489441861
2.116000,0.042268721441861
2.117333,0.038747723441861
2.118667,0.039190325441861
2.120000,0.038721299441861
2.121333,0.040240679441861
2.122667,0.038153183441861
2.124000,0.040577585441861
2.125333,0.040782371441861
2.126667,0.041317457441861
2.128000,0.039243173441861
2.129333,0.043722041441861
2.130667,0.038424029441861
2.132000,0.041416547441861
2.133333,0.037499189441861
2.134667,0.038146577441861
2.136000,0.038939297441861
2.137333,0.037710581441861
2.138667,0.033165653441861
2.140000,0.035741993441861
2.141333,0.040663463441861
2.142667,0.036964103441861
2.144000,0.038701481441861
2.145333,0.042737747441861
2.146667,0.036191201441861
2.148000,0.037188707441861
2.149333,0.035021939441861
2.150667,0.037974821441861
2.152000,0.035008727441861
2.153333,0.040504919441861
2.154667,0.037604885441861
2.156000,0.033284561441861
2.157333,0.038179607441861
2.158667,0.033370439441861
2.160000,0.032121905441861
2.161333,0.029228477441861
2.162667,0.034341521441861
2.164000,0.034143341441861
2.165333,0.036012839441861
2.166667,0.034367945441861
2.168000,0.032187965441861
2.169333,0.035874113441861
2.170667,0.036329927441861
2.172000,0.033806435441861
2.173333,0.031560395441861
2.174667,0.035035151441861
2.176000,0.037591673441861
2.177333,0.032993897441861
2.178667,0.033918737441861
2.180000,0.031282943441861
2.181333,0.033482741441861
2.182667,0.035292785441861
2.184000,0.034427399441861
2.185333,0.037030163441861
2.186667,0.036534713441861
2.188000,0.032115299441861
2.189333,0.035629691441861
2.190667,0.038245667441861
2.192000,0.030041015441861
2.193333,0.033984797441861
2.194667,0.032577719441861
2.196000,0.034552913441861
2.197333,0.033733769441861
2.198667,0.034011221441861
2.200000,0.035160665441861
2.201333,0.031666091441861
2.202667,0.031223489441861
2.204000,0.033984797441861
2.205333,0.031144217441861
2.206667,0.032181359441861
2.208000,0.027530735441861
2.209333,0.035933567441861
2.210667,0.032306873441861
2.212000,0.028911389441861
2.213333,0.033674315441861
2.214667,0.031930331441861
2.216000,0.029235083441861
2.217333,0.030899795441861
2.218667,0.028283819441861
2.220000,0.030952643441861
2.221333,0.032551295441861
2.222667,0.032181359441861
2.224000,0.032016209441861
2.225333,0.026275595441861
2.226667,0.029360597441861
2.228000,0.030166529441861
2.229333,0.033918737441861
2.230667,0.029558777441861
2.232000,0.027808187441861
2.233333,0.028951025441861
2.234667,0.031104581441861
2.236000,0.032280449441861
2.237333,0.028303637441861
2.238667,0.026414321441861
2.240000,0.030450587441861
2.241333,0.029737139441861
2.242667,0.031124399441861
2.244000,0.029585201441861
2.245333,0.031996391441861
2.246667,0.026586077441861
2.248000,0.031368821441861
2.249333,0.031454699441861
2.250667,0.027524129441861
2.252000,0.031164035441861
2.253333,0.029347385441861
2.254667,0.024769427441861
2.256000,0.032524871441861
2.257333,0.028323455441861
2.258667,0.027372191441861
2.260000,0.027015467441861
2.261333,0.031084763441861
2.262667,0.026777651441861
2.264000,0.026553047441861
2.265333,0.027358979441861
2.266667,0.031784999441861
2.268000,0.025410209441861
2.269333,0.029003873441861
2.270667,0.026262383441861
2.272000,0.026467169441861
2.273333,0.025476269441861
2.274667,0.026863529441861
2.276000,0.026328443441861
2.277333,0.024406097441861
2.278667,0.025066697441861
2.280000,0.026724803441861
2.281333,0.027590189441861
2.282667,0.028647149441861
2.284000,0.022397873441861
2.285333,0.026176505441861
2.286667,0.027471281441861
2.288000,0.024643913441861
2.289333,0.026282201441861
2.290667,0.025720691441861
2.292000,0.027114557441861
2.293333,0.025145969441861
2.294667,0.026308625441861
2.296000,0.026982437441861
2.297333,0.024141857441861
2.298667,0.025641419441861
2.300000,0.026084021441861
2.301333,0.023289683441861
2.302667,0.027775157441861
2.304000,0.028495211441861
2.305333,0.023976707441861
2.306667,0.023302895441861
2.308000,0.021486245441861
2.309333,0.025991537441861
2.310667,0.023738891441861
2.312000,0.024498581441861
2.313333,0.021367337441861
2.314667,0.024934577441861
2.316000,0.026909771441861
2.317333,0.027160799441861
2.318667,0.022503569441861
2.320000,0.026566259441861
2.321333,0.023408591441861
2.322667,0.023752103441861
2.324000,0.025251665441861
2.325333,0.025951901441861
2.326667,0.025264877441861
2.328000,0.026361473441861
2.329333,0.025918871441861
2.330667,0.022457327441861
2.332000,0.020805827441861
2.333333,0.022913141441861
2.334667,0.025145969441861
2.336000,0.026949407441861
2.337333,0.020984189441861
2.338667,0.023448227441861
2.340000,0.025258271441861
2.341333,0.020277347441861
2.342667,0.021875999441861
2.344000,0.022417691441861
2.345333,0.021750485441861
2.346667,0.022470539441861
2.348000,0.024141857441861
2.349333,0.023950283441861
2.350667,0.025377179441861
2.352000,0.019610141441861
2.353333,0.023157563441861
2.354667,0.024676943441861
2.356000,0.023018837441861
2.357333,0.024782639441861
2.358667,0.019075055441861
2.360000,0.022602659441861
2.361333,0.018374819441861
2.362667,0.016399625441861
2.364000,0.024881729441861
2.365333,0.017377313441861
2.366667,0.023276471441861
2.368000,0.018625847441861
2.369333,0.021638183441861
2.370667,0.019458203441861
2.372000,0.023349137441861
2.373333,0.018804209441861
2.374667,0.024914759441861
2.376000,0.022999019441861
2.377333,0.017086649441861
2.378667,0.022239329441861
2.380000,0.019352507441861
2.381333,0.026731409441861
2.382667,0.021261641441861
2.384000,0.025225241441861
2.385333,0.019233599441861
2.386667,0.022965989441861
2.388000,0.020918129441861
2.389333,0.024927971441861
2.390667,0.020885099441861
2.392000,0.021149339441861
2.393333,0.023058473441861
2.394667,0.017727431441861
2.396000,0.020812433441861
2.397333,0.020515163441861
2.398667,0.018460697441861
2.400000,0.018757967441861
2.401333,0.020350013441861
2.402667,0.018275729441861
2.404000,0.020006501441861
2.405333,0.019517657441861
2.406667,0.019471415441861
2.408000,0.019610141441861
2.409333,0.016723319441861
2.410667,0.014853821441861
2.412000,0.020383043441861
2.413333,0.020105591441861
2.414667,0.019722443441861
2.416000,0.016895075441861
2.417333,0.018790997441861
2.418667,0.020574617441861
2.420000,0.021704243441861
2.421333,0.017350889441861
2.422667,0.015864539441861
2.424000,0.022292177441861
2.425333,0.020878493441861
2.426667,0.020250923441861
2.428000,0.017529251441861
2.429333,0.017251799441861
2.430667,0.016604411441861
2.432000,0.021631577441861
2.433333,0.016386413441861
2.434667,0.017727431441861
2.436000,0.015322847441861
2.437333,0.018500333441861
2.438667,0.018916511441861
2.440000,0.015679571441861
2.441333,0.016280717441861
2.442667,0.016042901441861
2.444000,0.020911523441861
2.445333,0.016399625441861
2.446667,0.018658877441861
2.448000,0.016564775441861
2.449333,0.017331071441861
2.450667,0.019326083441861
2.452000,0.016624229441861
2.453333,0.014457461441861
2.454667,0.017119679441861
2.456000,0.016340171441861
2.457333,0.020904917441861
2.458667,0.019273235441861
2.460000,0.016128779441861
2.461333,0.016485503441861
2.462667,0.013321229441861
2.464000,0.018520151441861
2.465333,0.016267505441861
2.466667,0.016544957441861
2.468000,0.016703501441861
2.469333,0.017654765441861
2.470667,0.017317859441861
2.472000,0.018645665441861
2.473333,0.014318735441861
2.474667,0.013506197441861
2.476000,0.013486379441861
2.477333,0.015018971441861
2.478667,0.017456585441861
2.480000,0.014708489441861
2.481333,0.011881121441861
2.482667,0.014834003441861
2.484000,0.015772055441861
2.485333,0.017549069441861
2.486667,0.016102355441861
2.488000,0.016789379441861
2.489333,0.017106467441861
2.490667,0.020145227441861
2.492000,0.016947923441861
2.493333,0.016492109441861
2.494667,0.015791873441861
2.496000,0.011464943441861
2.497333,0.015844721441861
2.498667,0.016657259441861
2.500000,0.016729925441861
2.501333,0.015996659441861
2.502667,0.017767067441861
2.504000,0.012587963441861
2.505333,0.013142867441861
2.506667,0.016181627441861
2.508000,0.014061101441861
2.509333,0.015494603441861
2.510667,0.013241957441861
2.512000,0.013922375441861
2.513333,0.016029689441861
2.514667,0.014985941441861
2.516000,0.013301411441861
2.517333,0.013367471441861
2.518667,0.014213039441861
2.520000,0.013281593441861
2.521333,0.013981829441861
2.522667,0.014252675441861
2.524000,0.013321229441861
2.525333,0.015375695441861
2.526667,0.012627599441861
2.528000,0.016208051441861
2.529333,0.016650653441861
2.530667,0.014259281441861
2.532000,0.013717589441861
2.533333,0.013274987441861
2.534667,0.010777919441861
2.536000,0.012482267441861
2.537333,0.012237845441861
2.538667,0.015289817441861
2.540000,0.012436025441861
2.541333,0.012984323441861
2.542667,0.014999153441861
2.544000,0.010249439441861
2.545333,0.012805961441861
2.546667,0.014358371441861
2.548000,0.011815061441861
2.549333,0.011174279441861
2.550667,0.016941317441861
2.552000,0.014523521441861
2.553333,0.013070201441861
2.554667,0.012990929441861
2.556000,0.012766325441861
2.557333,0.011028947441861
2.558667,0.012436025441861
2.560000,0.011445125441861
2.561333,0.00974738344186
2.562667,0.014080919441861
2.564000,0.014582975441861
2.565333,0.00968132344186
2.566667,0.015045395441861
2.568000,0.012218027441861
2.569333,0.011808455441861
2.570667,0.015223757441861
2.572000,0.010044653441861
2.573333,0.010797737441861
2.574667,0.010533497441861
2.576000,0.014807579441861
2.577333,0.013862921441861
2.578667,0.013644923441861
2.580000,0.012885233441861
2.581333,0.012832385441861
2.582667,0.012720083441861
2.584000,0.011564033441861
2.585333,0.014398007441861
2.586667,0.012812567441861
2.588000,0.014814185441861
2.589333,0.014411219441861
2.590667,0.00971435344186
2.592000,0.012647417441861
2.593333,0.012363359441861
2.594667,0.010236227441861
2.596000,0.013928981441861
2.597333,0.011392277441861
2.598667,0.010394771441861
2.600000,0.010943069441861
2.601333,0.013195715441861
2.602667,0.011471549441861
2.604000,0.011260157441861
2.605333,0.010143743441861
2.606667,0.012852203441861
2.608000,0.015124667441861
2.609333,0.013056989441861
2.610667,0.010441013441861
2.612000,0.012422813441861
2.613333,0.011385671441861
2.614667,0.00845921344186
2.616000,0.013149473441861
2.617333,0.011464943441861
2.618667,0.013446743441861
2.620000,0.015170909441861
2.621333,0.013492985441861
2.622667,0.010374953441861
2.624000,0.010487255441861
2.625333,0.010513679441861
2.626667,0.011114825441861
2.628000,0.012680447441861
2.629333,0.011200703441861
2.630667,0.00920569144186
2.632000,0.010262651441861
2.633333,0.010110713441861
2.634667,0.014431037441861
2.636000,0.011795243441861
2.637333,0.00955580944186
2.638667,0.010275863441861
2.640000,0.013605287441861
2.641333,0.011986817441861
2.642667,0.013512803441861
2.644000,0.011980211441861
2.645333,0.00959544544186
2.646667,0.00993895744186
2.648000,0.00888199744186
2.649333,0.00877630144186
2.650667,0.010275863441861
2.652000,0.014761337441861
2.653333,0.011610275441861
2.654667,0.00726352744186
2.656000,0.00988610944186
2.657333,0.00972756544186
2.658667,0.010520285441861
2.660000,0.012766325441861
2.661333,0.010368347441861
2.662667,0.00937744744186
2.664000,0.010454225441861
2.665333,0.012422813441861
2.666667,0.012026453441861
2.668000,0.00911981344186
2.669333,0.00872345344186
2.670667,0.011504579441861
2.672000,0.00970774744186
2.673333,0.010672223441861
2.674667,0.00804303544186
2.676000,0.00808267144186
2.677333,0.010857191441861
2.678667,0.00910660144186
2.680000,0.00884236144186
2.681333,0.00839315344186
2.682667,0.010434407441861
2.684000,0.011544215441861
2.685333,0.013070201441861
2.686667,0.00518924344186
2.688000,0.00865739344186
2.689333,0.010282469441861
2.690667,0.012052877441861
2.692000,0.00968792944186
2.693333,0.00806945944186
2.694667,0.010216409441861
2.696000,0.010183379441861
2.697333,0.00651704944186
2.698667,0.00810909544186
2.700000,0.00786467344186
2.701333,0.00714461944186
2.702667,0.00853187944186
2.704000,0.00804303544186
2.705333,0.010989311441861
2.706667,0.00827424544186
2.708000,0.00637832344186
2.709333,0.00782503744186
2.710667,0.011372459441861
2.712000,0.00533457544186
2.713333,0.00731637544186
2.714667,0.00575075344186
2.716000,0.00787788544186
2.717333,0.011610275441861
2.718667,0.00916605544186
2.720000,0.010275863441861
2.721333,0.00839975944186
2.722667,0.00786467344186
2.724000,0.010764707441861
2.725333,0.00808267144186
2.726667,0.00637171744186
2.728000,0.00633208144186
2.729333,0.00863096944186
2.730667,0.010480649441861
2.732000,0.00956902144186
2.733333,0.00960865744186
2.734667,0.00802321744186
2.736000,0.00836672944186
2.737333,0.00861775744186
2.738667,0.010784525441861
2.740000,0.00846581944186
2.741333,0.00784485544186
2.742667,0.00653026144186
2.744000,0.00885557344186
2.745333,0.00532796944186
2.746667,0.00627262744186
2.748000,0.010434407441861
2.749333,0.00877630144186
2.750667,0.00746170744186
2.752000,0.00921890344186
2.753333,0.00945671944186
2.754667,0.010302287441861
2.756000,0.00629905144186
2.757333,0.00991913944186
2.758667,0.00919247944186
2.760000,0.00769291744186
2.761333,0.00675486544186
2.762667,0.00660292744186
2.764000,0.00742207144186
2.765333,0.00838654744186
2.766667,0.00958883944186
2.768000,0.00726352744186
2.769333,0.010810949441861
2.770667,0.010262651441861
2.772000,0.00572432944186
2.773333,0.00670201744186
2.774667,0.011570639441861
2.776000,0.00950956744186
2.777333,0.00725031544186
2.778667,0.00732958744186
2.780000,0.00922550944186
2.781333,0.00767970544186
2.782667,0.00839315344186
2.784000,0.00641135344186
2.785333,0.00922550944186
2.786667,0.00873666544186
2.788000,0.010051259441861
2.789333,0.00376895344186
2.790667,0.00596214544186
2.792000,0.00746831344186
2.793333,0.00793733944186
2.794667,0.00700589344186
2.796000,0.00758722144186
2.797333,0.00827424544186
2.798667,0.00553275544186
2.800000,0.00848563744186
2.801333,0.00926514544186
2.802667,0.00769952344186
2.804000,0.00937084144186
2.805333,0.00660953344186
2.806667,0.00653026144186
2.808000,0.00536099944186
2.809333,0.00830066944186
2.810667,0.00728995144186
2.812000,0.00964829344186
2.813333,0.00669541144186
2.814667,0.00773915944186
2.816000,0.00779200744186
2.817333,0.00549972544186
2.818667,0.00561202744186
2.820000,0.00757400944186
2.821333,0.00600178144186
2.822667,0.00234866344186
2.824000,0.00588287344186
2.825333,0.00708516544186
2.826667,0.00614050744186
2.828000,0.00373592344186
2.829333,0.00598196344186
2.830667,0.00618014344186
2.832000,0.00495803344186
2.833333,0.00662935144186
2.834667,0.00957562744186
2.836000,0.00594232744186
2.837333,0.00714461944186
2.838667,0.00632547544186
2.840000,0.00345847144186
2.841333,0.00879611944186
2.842667,0.00700589344186
2.844000,0.00629244544186
2.845333,0.00880933144186
2.846667,0.00921890344186
2.848000,0.00704552944186
2.849333,0.00811570144186
2.850667,0.00991913944186
2.852000,0.00651044344186
2.853333,0.00720407344186
2.854667,0.00489197344186
2.856000,0.00983986744186
2.857333,0.00536099944186
2.858667,0.00712480144186
2.860000,0.00331313944186
2.861333,0.00220993744186
2.862667,0.00403319344186
2.864000,0.00859133344186
2.865333,0.00318101944186
2.866667,0.00645098944186
2.868000,0.00495803344186
2.869333,0.00406622344186
2.870667,0.00643777744186
2.872000,0.00368968144186
2.873333,0.00544027144186
2.874667,0.00567148144186
2.876000,0.00673504744186
2.877333,0.00740885944186
2.878667,0.00372271144186
2.880000,0.00427100944186
2.881333,0.00582341944186
2.882667,0.00467397544186
2.884000,0.00407282944186
2.885333,0.00484573144186
2.886667,0.00382840744186
2.888000,0.00706534744186
2.889333,0.00758061544186
2.890667,0.00420494944186
2.892000,0.00592250944186
2.893333,0.00711819544186
2.894667,0.00506372944186
2.896000,0.00412567744186
2.897333,0.00849224344186
2.898667,0.00466736944186
2.900000,0.00443615944186
2.901333,0.00742867744186
2.902667,0.00710498344186
2.904000,0.00505712344186
2.905333,0.00308192944186
2.906667,0.00555257344186
2.908000,0.00536760544186
2.909333,0.00673504744186
2.910667,0.00263272144186
2.912000,0.00518263744186
2.913333,0.00647741344186
2.914667,0.00604802344186
2.916000,0.00376234744186
2.917333,0.00425119144186
2.918667,0.00387464944186
2.920000,0.00699928744186
2.921333,0.00489197344186
2.922667,0.00240811744186
2.924000,0.00364343944186
2.925333,0.00613390144186
2.926667,0.00544027144186
2.928000,0.00435028144186
2.929333,0.00290356744186
2.930667,0.00571772344186
2.932000,0.00254684344186
2.933333,0.00382180144186
2.934667,0.00509015344186
2.936000,0.00454185544186
2.937333,0.00557899744186
2.938667,0.00437009944186
2.940000,0.00572432944186
2.941333,0.00705213544186
2.942667,0.00142382344186
2.944000,0.00489197344186
2.945333,0.00674165344186
2.946667,0.00364343944186
2.948000,0.00175412344186
2.949333,0.00540724144186
2.950667,0.00591590344186
2.952000,0.00375574144186
2.953333,0.00411246544186
2.954667,0.00607444744186
2.956000,0.00097461544186
2.957333,0.00584323744186
2.958667,0.00970774744186
2.960000,0.00349150144186
2.961333,0.00311495944186
2.962667,0.00331313944186
2.964000,0.00460791544186
2.965333,0.00396713344186
2.966667,0.00394070944186
2.968000,0.00611408344186
2.969333,0.00363022744186
2.970667,0.00339901744186
2.972000,0.00867060544186
2.973333,0.00586966144186
2.974667,0.00425119144186
2.976000,0.00546669544186
2.977333,0.00405301144186
2.978667,0.00569790544186
2.980000,0.00359719744186
2.981333,0.00106049344186
2.982667,0.00297623344186
2.984000,0.00291677944186
2.985333,0.00426440344186
2.986667,0.00416531344186
2.988000,0.00324047344186
2.989333,0.00465415744186
2.990667,0.00513639544186
2.992000,0.00341222944186
2.993333,0.00911320744186
2.994667,0.00422476744186
2.996000,0.00109352344186
2.997333,0.00802321744186
2.998667,0.00441634144186
3.000000,0.00325368544186
3.001333,0.00462773344186
3.002667,0.00515621344186
3.004000,0.00275823544186
3.005333,0.00696625744186
3.006667,0.00158236744186
3.008000,0.00253363144186
3.009333,0.00209763544186
3.010667,0.00283750744186
3.012000,0.00032722744186
3.013333,0.00078964744186
3.014667,0.00311495944186
3.016000,0.00557239144186
3.017333,0.00318762544186
3.018667,0.00481270144186
3.020000,0.00320083744186
3.021333,0.00208442344186
3.022667,0.00469379344186
3.024000,0.00425779744186
3.025333,0.00403979944186
3.026667,0.00400676944186
3.028000,0.00152951944186
3.029333,0.00392749744186
3.030667,0.00297623344186
3.032000,0.00520906144186
3.033333,0.00400676944186
3.034667,0.00847242544186
3.036000,0.00360380344186
3.037333,0.00742867744186
3.038667,0.00425119144186
3.040000,0.00503069944186
3.041333,0.00509015344186
3.042667,0.00211745344186
3.044000,0.00329332144186
3.045333,0.00672844144186
3.046667,0.00139079344186
3.048000,0.00338580544186
3.049333,-0.00016161655814
3.050667,0.00643777744186
3.052000,0.00174751744186
3.053333,0.00282429544186
3.054667,0.00144364144186
3.056000,0.00288374944186
3.057333,0.00653686744186
3.058667,0.00257326744186
3.060000,0.00380858944186
3.061333,0.00314798944186
3.062667,0.00287714344186
3.064000,0.00443615944186
3.065333,0.00310835344186
3.066667,0.00285071944186
3.068000,0.00637171744186
3.069333,0.00361701544186
3.070667,0.00447579544186
3.072000,0.00517603144186
3.073333,0.00204478744186
3.074667,0.00352453144186
3.076000,0.00622638544186
3.077333,0.00441634144186
3.078667,0.00142382344186
3.080000,0.00153612544186
3.081333,0.00228260344186
3.082667,0.00528172744186
3.084000,0.00409925344186
3.085333,0.00128509744186
3.086667,0.00542705944186
3.088000,0.00717104344186
3.089333,0.00317441344186
3.090667,0.00485894344186
3.092000,0.00254684344186
3.093333,0.00261290344186
3.094667,-0.00018804055814
3.096000,0.00363683344186
3.097333,0.00309514144186
3.098667,0.00247417744186
3.100000,0.00209102944186
3.101333,0.00363683344186
3.102667,0.00324707944186
3.104000,0.00255344944186
3.105333,0.00340562344186
3.106667,0.00157576144186
3.108000,0.00418513144186
3.109333,0.00425119144186
3.110667,0.00121243144186
3.112000,0.00339241144186
3.113333,0.00372931744186
3.114667,0.00343865344186
3.116000,0.00258647944186
3.117333,0.00366325744186
3.118667,0.00355756144186
3.120000,0.00341222944186
3.121333,0.00468058144186
3.122667,0.00256005544186
3.124000,0.00056504344186
3.125333,0.00351792544186
3.126667,0.00585644944186
3.128000,0.00387464944186
3.129333,0.00193909144186
3.130667,0.00287714344186
3.132000,0.00567148144186
3.133333,0.00359059144186
3.134667,0.00442294744186
3.136000,0.00238169344186
3.137333,0.00210424144186
3.138667,0.00076982944186
3.140000,0.00376895344186
3.141333,0.00285732544186
3.142667,0.00065092144186
3.144000,0.00257987344186
3.145333,-0.00087506455814
3.146667,0.00055843744186
3.148000,0.00353113744186
3.149333,0.00114637144186
3.150667,0.00034043944186
3.152000,0.00274502344186
3.153333,0.00265253944186
3.154667,0.00360380344186
3.156000,0.00289035544186
3.157333,0.00264593344186
3.158667,0.00246757144186
3.160000,0.00435028144186
3.161333,8.94114418604633E-05
3.162667,0.00279787144186
3.164000,0.00272520544186
3.165333,0.00342544144186
3.166667,0.00278465944186
3.168000,0.00148988344186
3.169333,0.00330653344186
3.170667,0.00229581544186
3.172000,0.00304229344186
3.173333,0.00187303144186
3.174667,0.00073019344186
3.176000,0.00139079344186
3.177333,0.00775897744186
3.178667,0.00489197344186
3.180000,0.00258647944186
3.181333,0.00345186544186
3.182667,0.00271199344186
3.184000,0.00193248544186
3.185333,0.00466076344186
3.186667,0.00431725144186
3.188000,0.00242793544186
3.189333,0.00299605144186
3.190667,0.00335938144186
3.192000,0.00315459544186
3.193333,0.00123885544186
3.194667,0.00275823544186
3.196000,0.00145024744186
3.197333,0.00465415744186
3.198667,0.00208442344186
3.200000,-0.00152905855814
3.201333,0.00358398544186
3.202667,0.00094158544186
3.204000,0.00279126544186
3.205333,0.00198533344186
3.206667,0.00455506744186
3.208000,0.00259308544186
3.209333,0.00206460544186
3.210667,0.00230242144186
3.212000,0.00358398544186
3.213333,0.00041310544186
3.214667,0.00251381344186
3.216000,0.00121243144186
3.217333,0.00257326744186
3.218667,0.00396052744186
3.220000,0.00394070944186
3.221333,0.00140400544186
3.222667,0.00324047344186
3.224000,0.00419834344186
3.225333,0.00016868344186
3.226667,0.00040649944186
3.228000,0.00226939144186
3.229333,0.00165503344186
3.230667,0.00275823544186
3.232000,-0.00115912255814
3.233333,0.00201175744186
3.234667,0.00231563344186
3.236000,0.00302247544186
3.237333,0.00192587944186
3.238667,0.00150309544186
3.240000,0.00201836344186
3.241333,0.00388125544186
3.242667,0.00157576144186
3.244000,0.00273841744186
3.245333,0.00272520544186
3.246667,-0.00050512855814
3.248000,-0.00059761255814
3.249333,0.00213727144186
3.250667,0.00018189544186
3.252000,0.00164842744186
3.253333,0.00257987344186
3.254667,0.00217030144186
3.256000,0.00158236744186
3.257333,0.00114637144186
3.258667,0.00043292344186
3.260000,-0.00063064255814
3.261333,0.00140400544186
3.262667,0.00497124544186
3.264000,0.00213066544186
3.265333,0.00076322344186
3.266667,0.00192587944186
3.268000,0.00320083744186
3.269333,0.00075661744186
3.270667,0.00199854544186
3.272000,-8.23445581395347E-05
3.273333,0.00472682344186
3.274667,0.00157576144186
3.276000,0.00139739944186
3.277333,0.00476645944186
3.278667,0.00110012944186
3.280000,0.00050558944186
3.281333,0.00142382344186
3.282667,-0.00039943255814
3.284000,0.00166163944186
3.285333,0.00253363144186
3.286667,0.00269217544186
3.288000,0.00532136344186
3.289333,-0.00070330855814
3.290667,0.00349810744186
3.292000,0.00207781744186
3.293333,2.33514418604647E-05
3.294667,0.00429743344186
3.296000,-0.00073633855814
3.297333,0.00019510744186
3.298667,0.00250060144186
3.300000,0.00127849144186
3.301333,0.00182018344186
3.302667,0.00212405944186
3.304000,0.00342544144186
3.305333,-0.00046549255814
3.306667,0.00553275544186
3.308000,0.00405301144186
3.309333,0.00136436944186
3.310667,-0.00041925055814
3.312000,0.00076322344186
3.313333,0.00182018344186
3.314667,0.00174091144186
3.316000,0.00111994744186
3.317333,0.00144364144186
3.318667,0.00011583544186
3.320000,0.00097461544186
3.321333,0.00246757144186
3.322667,0.00212405944186
3.324000,0.00029419744186
3.325333,0.00055183144186
3.326667,0.00279787144186
3.328000,0.00124546144186
3.329333,0.00171448744186
3.330667,0.00193248544186
3.332000,0.00067734544186
3.333333,0.00276484144186
3.334667,0.00233545144186
3.336000,0.00232223944186
3.337333,0.00272520544186
3.338667,0.00148988344186
3.340000,0.00021492544186
3.341333,0.00192587944186
3.342667,0.00063110344186
3.344000,0.00121903744186
3.345333,0.00256666144186
3.346667,0.00151630744186
3.348000,0.00069055744186
3.349333,0.00110012944186
3.350667,-0.00177348055814
3.352000,0.00453524944186
3.353333,0.00266575144186
3.354667,-0.00070330855814
3.356000,0.00180697144186
3.357333,0.00156915544186
3.358667,0.00182018344186
3.360000,-0.00069009655814
3.361333,0.00247417744186
3.362667,0.00065092144186
3.364000,0.00255344944186
3.365333,0.00229581544186
3.366667,-0.00047209855814
3.368000,0.00141721744186
3.369333,-0.00054476455814
3.370667,0.00147006544186
3.372000,0.00098122144186
3.373333,0.00057164944186
3.374667,0.00279126544186
3.376000,0.00429743344186
3.377333,0.00093497944186
3.378667,0.00420494944186
3.380000,0.00060467944186
3.381333,-0.00016822255814
3.382667,0.00232223944186
3.384000,-0.00055137055814
3.385333,0.00107370544186
3.386667,0.00051880144186
3.388000,0.00361040944186
3.389333,0.00012244144186
3.390667,0.00017528944186
3.392000,0.00014886544186
3.393333,0.00191266744186
3.394667,0.00218351344186
3.396000,0.00014225944186
3.397333,0.00046595344186
3.398667,0.00093497944186
3.400000,0.00299605144186
3.401333,0.00396713344186
3.402667,0.00015547144186
3.404000,0.00188624344186
3.405333,0.00056504344186
3.406667,0.00048577144186
3.408000,0.00044613544186
3.409333,0.00173430544186
3.410667,-0.00281722855814
3.412000,0.00084910144186
3.413333,0.00237508744186
3.414667,0.00082928344186
3.416000,0.00164842744186
3.417333,0.00387464944186
3.418667,-0.00012198055814
3.420000,0.00260629744186
3.421333,0.00220333144186
3.422667,0.00197872744186
3.424000,0.00058486144186
3.425333,0.00036025744186
3.426667,0.00197212144186
3.428000,0.00145685344186
3.429333,0.00196551544186
3.430667,0.00098122144186
3.432000,0.00247417744186
3.433333,0.00110012944186
3.434667,0.00243454144186
3.436000,0.00036686344186
3.437333,0.00104067544186
3.438667,0.00126527944186
3.440000,0.00302908144186
3.441333,-0.00125821255814
3.442667,-0.00191881255814
3.444000,0.00101425144186
3.445333,0.00050558944186
3.446667,-0.00100718455814
3.448000,0.00069055744186
3.449333,0.00084249544186
3.450667,-0.00133748455814
3.452000,0.00326029144186
3.453333,0.00526190944186
3.454667,0.00061128544186
3.456000,-0.00125160655814
3.457333,-0.00015501055814
3.458667,0.00199193944186
3.460000,0.00180697144186
3.461333,-0.00045228055814
3.462667,0.00024134944186
3.464000,-4.93145581395345E-05
3.465333,0.00124546144186
3.466667,0.00043952944186
3.468000,0.00050558944186
3.469333,-0.00063064255814
3.470667,0.00119921944186
3.472000,0.00327350344186
3.473333,-0.00018804055814
3.474667,-0.00137051455814
3.476000,-0.00213020455814
3.477333,0.00139739944186
3.478667,0.00423797944186
3.480000,-0.00011537455814
3.481333,0.00197212144186
3.482667,0.00024134944186
3.484000,0.00026116744186
3.485333,-0.00012198055814
3.486667,0.00029419744186
3.488000,0.00419834344186
3.489333,0.00133133944186
3.490667,0.00169466944186
3.492000,0.00070376944186
3.493333,0.00095479744186
3.494667,0.00104067544186
3.496000,0.00207781744186
3.497333,0.00345847144186
3.498667,-0.00073633855814
3.500000,-0.00059100655814
3.501333,-0.00208396255814
3.502667,0.00038668144186
3.504000,0.00057164944186
3.505333,0.00039989344186
3.506667,-0.00026070655814
3.508000,-0.00077597455814
3.509333,0.00316120144186
3.510667,0.00200515144186
3.512000,0.00190606144186
3.513333,-0.00075615655814
3.514667,-0.00080900455814
3.516000,0.00101425144186
3.517333,0.00254684344186
3.518667,-0.00181311655814
3.520000,0.00113976544186
3.521333,-0.00024749455814
3.522667,-0.00028713055814
3.524000,0.00108691744186
3.525333,-0.00080239855814
3.526667,2.33514418604628E-05
3.528000,0.00010262344186
3.529333,0.00245435944186
3.530667,0.00086231344186
3.532000,0.00222314944186
3.533333,0.00085570744186
3.534667,0.00072358744186
3.536000,0.00335938144186
3.537333,0.00066413344186
3.538667,-0.00050512855814
3.540000,-9.67855813953717E-06
3.541333,-0.00125821255814
3.542667,0.00121903744186
3.544000,0.00097461544186
3.545333,0.00061789144186
3.546667,-0.00032676655814
3.548000,-0.00012198055814
3.549333,-0.00159511855814
3.550667,0.00048577144186
3.552000,0.00088213144186
3.553333,0.00421155544186
3.554667,0.00238829944186
3.556000,0.00047916544186
3.557333,-0.00055797655814
3.558667,-0.00189899455814
3.560000,0.00019510744186
3.561333,0.00128509744186
3.562667,0.00169466944186
3.564000,-0.00178669255814
3.565333,0.00114637144186
3.566667,0.00380198344186
3.568000,-0.00065706655814
3.569333,0.00129830944186
3.570667,0.00383501344186
3.572000,0.00183339544186
3.573333,-0.00040603855814
3.574667,0.00325368544186
3.576000,0.00029419744186
3.577333,-0.00193202455814
3.578667,-0.00022767655814
3.580000,0.00216369544186
3.581333,-0.00019464655814
3.582667,0.00204478744186
3.584000,-0.00012198055814
3.585333,0.00076982944186
3.586667,0.00106049344186
3.588000,-0.00027391855814
3.589333,-0.00080239855814
3.590667,0.00082267744186
3.592000,-0.00048531055814
3.593333,0.00013565344186
3.594667,0.00160879144186
3.596000,-0.00154887655814
3.597333,-0.00223590055814
3.598667,0.00248078344186
3.600000,0.00232223944186
3.601333,0.00200515144186
3.602667,-0.00029373655814
3.604000,0.00063110344186
3.605333,0.00161539744186
3.606667,0.00127849144186
3.608000,0.00263272144186
3.609333,-0.00117894055814
3.610667,0.00179375944186
3.612000,0.00025456144186
3.613333,-0.00019464655814
3.614667,-0.00034658455814
3.616000,0.00203157544186
3.617333,-0.00053815855814
3.618667,0.00028098544186
3.620000,0.00053861944186
3.621333,0.00174751744186
3.622667,0.00020171344186
3.624000,0.00244775344186
3.625333,-0.00024749455814
3.626667,-0.00165457255814
3.628000,-0.00061082455814
3.629333,0.00068395144186
3.630667,0.00166824544186
3.632000,0.00046595344186
3.633333,-0.00181972255814
3.634667,0.00032722744186
3.636000,-0.00166117855814
3.637333,0.00139739944186
3.638667,0.00039989344186
3.640000,-0.00245389855814
3.641333,0.00166163944186
3.642667,0.00140400544186
3.644000,0.00038668144186
3.645333,-0.00195844855814
3.646667,-0.00026731255814
3.648000,0.00032722744186
3.649333,0.00157576144186
3.650667,0.00159557944186
3.652000,-0.00155548255814
3.653333,-0.00041264455814
3.654667,-0.00160172455814
3.656000,0.00129830944186
3.657333,0.00446918944186
3.658667,-0.00070991455814
3.660000,0.00263272144186
3.661333,-0.00092130655814
3.662667,0.00391428544186
3.664000,-0.00107985055814
3.665333,0.00041310544186
3.666667,-0.00179329855814
3.668000,0.00226939144186
3.669333,0.00034704544186
3.670667,0.00117279544186
3.672000,-0.00359013055814
3.673333,-0.00280401655814
3.674667,0.00106049344186
3.676000,0.00139079344186
3.677333,0.00169466944186
3.678667,-0.00136390855814
3.680000,0.00236187544186
3.681333,0.00310835344186
3.682667,-0.00067027855814
3.684000,0.00109352344186
3.685333,-0.00197826655814
3.686667,0.00038668144186
3.688000,0.00279126544186
3.689333,0.00322065544186
3.690667,-0.00193202455814
3.692000,0.00201175744186
3.693333,-0.00084864055814
3.694667,0.00080285944186
3.696000,0.00010922944186
3.697333,-0.00191881255814
3.698667,-0.00268510855814
3.700000,0.00014886544186
3.701333,-0.00068349055814
3.702667,0.00055843744186
3.704000,0.00035365144186
3.705333,0.00289035544186
3.706667,-0.00057779455814
3.708000,0.00011583544186
3.709333,-0.00023428255814
3.710667,0.00358398544186
3.712000,-0.00031355455814
3.713333,0.00084910144186
3.714667,-0.00042585655814
3.716000,0.00045274144186
3.717333,-0.00119215255814
3.718667,0.00058486144186
3.720000,-0.00238123255814
3.721333,-0.00095433655814
3.722667,-4.27085581395355E-05
3.724000,0.00018850144186
3.725333,0.00032722744186
3.726667,0.00020831944186
3.728000,0.00071698144186
3.729333,0.00123224944186
3.730667,-0.00179329855814
3.732000,0.00029419744186
3.733333,0.00034704544186
3.734667,-0.00047209855814
3.736000,-0.00153566455814
3.737333,-0.00098736655814
3.738667,0.00109352344186
3.740000,0.00298944544186
3.741333,-0.00070991455814
3.742667,0.00023474344186
3.744000,0.00027437944186
3.745333,0.00159557944186
3.746667,0.00170127544186
3.748000,-0.00020785855814
3.749333,-0.00043906855814
3.750667,-3.61025581395366E-05
3.752000,0.00073679944186
3.753333,0.00191266744186
3.754667,0.00072358744186
3.756000,-0.00092791255814
3.757333,0.00045274144186
3.758667,0.00064431544186
3.760000,-6.9132558139535E-05
3.761333,-0.00241426255814
3.762667,0.00162860944186
3.764000,1.01394418604663E-05
3.765333,0.00135776344186
3.766667,-0.00321358855814
3.768000,-0.00108645655814
3.769333,-0.00151584655814
3.770667,0.00069055744186
3.772000,-0.00432339655814
3.773333,0.00024795544186
3.774667,0.00058486144186
3.776000,0.00182678944186
3.777333,-0.00142336255814
3.778667,-0.00094112455814
3.780000,-0.00095433655814
3.781333,-0.00105342655814
3.782667,0.00058486144186
3.784000,0.00063110344186
3.785333,0.00064431544186
3.786667,-0.00110627455814
3.788000,-0.00343158655814
3.789333,5.63814418604665E-05
3.790667,-0.00058440055814
3.792000,0.00138418744186
3.793333,-0.00286347055814
3.794667,0.00024795544186
3.796000,-0.00131106055814
3.797333,0.00047916544186
3.798667,-0.00113269855814
3.800000,0.00355756144186
3.801333,-0.00062403655814
3.802667,0.00160879144186
3.804000,-0.00045228055814
3.805333,0.00101425144186
3.806667,0.00157576144186
3.808000,0.00355756144186
3.809333,-0.00025410055814
3.810667,-0.00191220655814
3.812000,0.00071698144186
3.813333,0.00297623344186
3.814667,-0.00037300855814
3.816000,0.00038668144186
3.817333,-0.00158190655814
3.818667,-0.00037961455814
3.820000,-0.00047870455814
3.821333,-0.00011537455814
3.822667,-0.00329286055814
3.824000,-0.00067027855814
3.825333,0.00113315944186
3.826667,0.00128509744186
3.828000,-0.00085524655814
3.829333,-0.00144318055814
3.830667,-5.59205581395361E-05
3.832000,0.00204478744186
3.833333,-0.00063064255814
3.834667,6.9593441860464E-05
3.836000,0.00134455144186
3.837333,-0.00160172455814
3.838667,0.00060467944186
3.840000,-0.00016822255814
3.841333,-0.00230856655814
3.842667,0.00201836344186
3.844000,-0.00033337255814
3.845333,0.00130491544186
3.846667,0.00061128544186
3.848000,0.00148327744186
3.849333,-0.00272474455814
3.850667,0.00043952944186
3.852000,0.00141061144186
3.853333,0.00028098544186
3.854667,-0.00080239855814
3.856000,-0.00232177855814
3.857333,-0.00215662855814
3.858667,0.00070376944186
3.860000,0.00069055744186
3.861333,0.00016868344186
3.862667,-0.00168099655814
3.864000,2.33514418604668E-05
3.865333,0.00088213144186
3.866667,0.00044613544186
3.868000,-0.00079579255814
3.869333,-9.55565581395411E-05
3.870667,0.00019510744186
3.872000,-0.00127142455814
3.873333,0.00016207744186
3.874667,0.00102746344186
3.876000,-0.00256620055814
3.877333,-0.00132427255814
3.878667,0.00163521544186
3.880000,-0.00108645655814
3.881333,-0.00104682055814
3.882667,-0.00037961455814
3.884000,0.00372271144186
3.885333,-0.00197826655814
3.886667,-0.00300880255814
3.888000,0.00049898344186
3.889333,0.00424458544186
3.890667,-0.00088827655814
3.892000,0.00289035544186
3.893333,-0.00189238855814
3.894667,0.00019510744186
3.896000,-0.00129784855814
3.897333,0.00178715344186
3.898667,-0.00179990455814
3.900000,-0.00109306255814
3.901333,0.00038668144186
3.902667,-0.00150924055814
3.904000,0.00246757144186
3.905333,-0.00189238855814
3.906667,-8.2344558139536E-05
3.908000,-0.00273135055814
3.909333,-0.00072973255814
3.910667,-0.00172063255814
3.912000,0.00033383344186
3.913333,-0.00081561055814
3.914667,0.00162200344186
3.916000,0.00205799944186
3.917333,0.00198533344186
3.918667,-0.00068349055814
3.920000,-0.00099397255814
3.921333,0.00321404944186
3.922667,-0.00170081455814
3.924000,0.00129830944186
3.925333,-0.00080239855814
3.926667,0.00012244144186
3.928000,-0.00045228055814
3.929333,-0.00170081455814
3.930667,-0.00106003255814
3.932000,-0.00024088855814
3.933333,-0.00266529055814
3.934667,-0.00033337255814
3.936000,0.00033383344186
3.937333,-0.00022767655814
3.938667,-0.00016161655814
3.940000,-0.00246711055814
3.941333,0.00123885544186
3.942667,-7.57385581395365E-05
3.944000,-0.00255959455814
3.945333,-0.00119215255814
3.946667,2.33514418604656E-05
3.948000,-0.00066367255814
3.949333,-0.00255298855814
3.950667,-0.00075615655814
3.952000,0.00180697144186
3.953333,-0.00083542855814
3.954667,0.00024134944186
3.956000,1.67454418604664E-05
3.957333,0.00032062144186
3.958667,-0.00065046055814
3.960000,-0.00070991455814
3.961333,0.00172109344186
3.962667,-0.00026070655814
3.964000,-0.00037961455814
3.965333,0.00059146744186
3.966667,-0.00091470055814
3.968000,-0.00091470055814
3.969333,-0.00088167055814
3.970667,-0.00122518255814
3.972000,0.00078964744186
3.973333,-0.00057779455814
3.974667,0.00090855544186
3.976000,-0.00124500055814
3.977333,-0.00076936855814
3.978667,-0.00298898455814
3.980000,-0.00277098655814
3.981333,0.00014225944186
3.982667,0.00050558944186
3.984000,2.99574418604653E-05
3.985333,-0.00011537455814
3.986667,-0.00043906855814
3.988000,0.00099443344186
3.989333,-0.00154887655814
3.990667,-0.00225571855814
3.992000,-0.00126481855814
3.993333,0.00105388744186
3.994667,-0.00030034255814
3.996000,0.00055183144186
3.997333,-0.00220947655814
3.998667,0.00245435944186
