0,0.020520339
0.001,-0.021839035
0.002,-0.001144379
0.003,0.010173011
0.004,-0.028952823
0.005,0.024723941
0.006,-0.025072575
0.007,-0.001467733
0.008,0.013729905
0.009,-0.030892947
0.01,0.021490401
0.011,-0.021839035
0.012,-0.003731211
0.013,0.009849657
0.014,-0.028629469
0.015,0.020843693
0.016,-0.024749221
0.017,-0.001791087
0.018,0.010496365
0.019,-0.032509717
0.02,0.024400587
0.021,-0.025072575
0.022,-0.004701273
0.023,0.013406551
0.024,-0.030569593
0.025,0.020843693
0.026,-0.021839035
0.027,-0.004701273
0.028,0.010173011
0.029,-0.028629469
0.03,0.024077233
0.031,-0.024425867
0.032,-0.001467733
0.033,0.012436489
0.034,-0.031539655
0.035,0.024723941
0.036,-0.027012699
0.037,-0.005024627
0.038,0.013729905
0.039,-0.029276177
0.04,0.020843693
0.041,-0.022162389
0.042,-0.001791087
0.043,0.010496365
0.044,-0.028629469
0.045,0.023753879
0.046,-0.024425867
0.047,-0.002114441
0.048,0.013729905
0.049,-0.031539655
0.05,0.021167047
0.051,-0.021515681
0.052,-0.005024627
0.053,0.010173011
0.054,-0.028306115
0.055,0.021490401
0.056,-0.024425867
0.057,-0.002114441
0.058,0.011143073
0.059,-0.031539655
0.06,0.023753879
0.061,-0.024102513
0.062,-0.005347981
0.063,0.013406551
0.064,-0.031863009
0.065,0.021167047
0.066,-0.021515681
0.067,-0.005024627
0.068,0.009849657
0.069,-0.028629469
0.07,0.024400587
0.071,-0.024749221
0.072,-0.002437795
0.073,0.013406551
0.074,-0.032186363
0.075,0.023753879
0.076,-0.028306115
0.077,-0.005024627
0.078,0.013083197
0.079,-0.028952823
0.08,0.020843693
0.081,-0.021515681
0.082,-0.001791087
0.083,0.010819719
0.084,-0.028629469
0.085,0.024077233
0.086,-0.024749221
0.087,-0.002114441
0.088,0.013406551
0.089,-0.031863009
0.09,0.020520339
0.091,-0.021192327
0.092,-0.004701273
0.093,0.010496365
0.094,-0.028629469
0.095,0.021490401
0.096,-0.024425867
0.097,-0.002761149
0.098,0.011143073
0.099,-0.031216301
0.1,0.023753879
0.101,-0.023779159
0.102,-0.004701273
0.103,0.022137109
0.104,0.004675993
0.105,0.115909769
0.106,0.152125417
0.107,0.256245405
0.108,0.348724649
0.109,0.379766633
0.11,0.485826745
0.111,0.477742895
0.112,0.527216057
0.113,0.560844873
0.114,0.524952579
0.115,0.580892821
0.116,0.526569349
0.117,0.546940651
0.118,0.558258041
0.119,0.506844755
0.12,0.544677173
0.121,0.494880657
0.122,0.504257923
0.123,0.501347737
0.124,0.450257805
0.125,0.492617179
0.126,0.431503273
0.127,0.442173955
0.128,0.448964389
0.129,0.392700793
0.13,0.434736813
0.131,0.381706757
0.132,0.390113961
0.133,0.397227749
0.134,0.347754587
0.135,0.388820545
0.136,0.334173719
0.137,0.348077941
0.138,0.352928251
0.139,0.303455089
0.14,0.353251605
0.141,0.296664655
0.142,0.308628753
0.143,0.320592851
0.144,0.268209503
0.145,0.313155709
0.146,0.263359193
0.147,0.273059813
0.148,0.284377203
0.149,0.239430997
0.15,0.285993973
0.151,0.231993855
0.152,0.248484909
0.153,0.257215467
0.154,0.206772243
0.155,0.255922051
0.156,0.199981809
0.157,0.217442925
0.158,0.230700439
0.159,0.182520693
0.16,0.227466899
0.161,0.179287153
0.162,0.193514729
0.163,0.204185411
0.164,0.159562559
0.165,0.208389013
0.166,0.157622435
0.167,0.173143427
0.168,0.186077587
0.169,0.135634363
0.17,0.184460817
0.171,0.138544549
0.172,0.149538585
0.173,0.163119453
0.174,0.119790017
0.175,0.165706285
0.176,0.116233123
0.177,0.134340947
0.178,0.145658337
0.179,0.097801945
0.18,0.150185293
0.181,0.101358839
0.182,0.115586415
0.183,0.132077469
0.184,0.084544431
0.185,0.134987655
0.186,0.089718095
0.187,0.101682193
0.188,0.114939707
0.189,0.073873749
0.19,0.123993619
0.191,0.073227041
0.192,0.092304927
0.193,0.106532503
0.194,0.059646173
0.195,0.112029521
0.196,0.058999465
0.197,0.079370767
0.198,0.096831883
0.199,0.051562323
0.2,0.100065423
0.201,0.055442571
0.202,0.072256979
0.203,0.084867785
0.204,0.042508411
0.205,0.094245051
0.206,0.044448535
0.207,0.062556359
0.208,0.078724059
0.209,0.031191021
0.21,0.082280953
0.211,0.038951517
0.212,0.052532385
0.213,0.067730023
0.214,0.026340711
0.215,0.074520457
0.216,0.028280835
0.217,0.047358721
0.218,0.060939589
0.219,0.016640091
0.22,0.070640209
0.221,0.022137109
0.222,0.037981455
0.223,0.057706049
0.224,0.011143073
0.225,0.061586297
0.226,0.019550277
0.227,0.034101207
0.228,0.049622199
0.229,0.008556241
0.23,0.060939589
0.231,0.011466427
0.232,0.030544313
0.233,0.046712013
0.234,0.000149037
0.235,0.055442571
0.236,0.003705931
0.237,0.023430525
0.238,0.042831765
0.239,-0.000497671
0.24,0.047682075
0.241,0.005646055
0.242,0.023430525
0.243,0.036688039
0.244,-0.004377919
0.245,0.048328783
0.246,-0.000174317
0.247,0.019226923
0.248,0.037011393
0.249,-0.010198291
0.25,0.042185057
0.251,0.000149037
0.252,0.014053259
0.253,0.031191021
0.254,-0.009551583
0.255,0.038951517
0.256,-0.005994689
0.257,0.014053259
0.258,0.028280835
0.259,-0.016018663
0.26,0.040244933
0.261,-0.007611459
0.262,0.008232887
0.263,0.028280835
0.264,-0.017958787
0.265,0.034747915
0.266,-0.006964751
0.267,0.006616117
0.268,0.024400587
0.269,-0.015695309
0.27,0.035394623
0.271,-0.012138415
0.272,0.007909533
0.273,0.024723941
0.274,-0.020868973
0.275,0.034101207
0.276,-0.016988725
0.277,0.003382577
0.278,0.024077233
0.279,-0.020222265
0.28,0.029574251
0.281,-0.012138415
0.282,0.004675993
0.283,0.019873631
0.284,-0.021192327
0.285,0.031191021
0.286,-0.016018663
0.287,0.004352639
0.288,0.021813755
0.289,-0.024749221
0.29,0.027957481
0.291,-0.013431831
0.292,0.000149037
0.293,0.018256861
0.294,-0.022485743
0.295,0.027310773
0.296,-0.017635433
0.297,0.002089161
0.298,0.016640091
0.299,-0.026365991
0.3,0.028927543
0.301,-0.018605495
0.302,-0.001791087
0.303,0.019873631
0.304,-0.027012699
0.305,0.025694003
0.306,-0.016342017
0.307,-0.002114441
0.308,0.015993383
0.309,-0.024749221
0.31,0.027634127
0.311,-0.019575557
0.312,-0.000174317
0.313,0.017286799
0.314,-0.028629469
0.315,0.026664065
0.316,-0.023455805
0.317,-0.003084503
0.318,0.017610153
0.319,-0.025719283
0.32,0.023753879
0.321,-0.017312079
0.322,-0.000174317
0.323,0.014699967
0.324,-0.026365991
0.325,0.026987419
0.326,-0.021192327
0.327,-0.001791087
0.328,0.017933507
0.329,-0.029276177
0.33,0.023107171
0.331,-0.018282141
0.332,-0.004054565
0.333,0.014376613
0.334,-0.026365991
0.335,0.023107171
0.336,-0.021515681
0.337,-0.001791087
0.338,0.013083197
0.339,-0.030892947
0.34,0.026017357
0.341,-0.021192327
0.342,-0.005671335
0.343,0.016316737
0.344,-0.029922885
0.345,0.022783817
0.346,-0.018605495
0.347,-0.005347981
0.348,0.013083197
0.349,-0.027336053
0.35,0.025370649
0.351,-0.022162389
0.352,-0.002761149
0.353,0.015023321
0.354,-0.030892947
0.355,0.025047295
0.356,-0.025072575
0.357,-0.005671335
0.358,0.016316737
0.359,-0.028629469
0.36,0.021490401
0.361,-0.019898911
0.362,-0.003084503
0.363,0.013406551
0.364,-0.027982761
0.365,0.024400587
0.366,-0.022162389
0.367,-0.004054565
0.368,0.015670029
0.369,-0.031216301
0.37,0.021813755
0.371,-0.019252203
0.372,-0.006641397
0.373,0.012436489
0.374,-0.027982761
0.375,0.022137109
0.376,-0.022809097
0.377,-0.003407857
0.378,0.012759843
0.379,-0.031216301
0.38,0.024723941
0.381,-0.022162389
0.382,-0.006964751
0.383,0.015993383
0.384,-0.031216301
0.385,0.021490401
0.386,-0.019252203
0.387,-0.006964751
0.388,0.012113135
0.389,-0.027982761
0.39,0.024400587
0.391,-0.023132451
0.392,-0.003731211
0.393,0.014376613
0.394,-0.032186363
0.395,0.024400587
0.396,-0.025719283
0.397,-0.007288105
0.398,0.015023321
0.399,-0.028952823
0.4,0.021167047
0.401,-0.019575557
0.402,-0.004701273
0.403,0.012436489
0.404,-0.028629469
0.405,0.024400587
0.406,-0.022809097
0.407,-0.004701273
0.408,0.015670029
0.409,-0.031863009
0.41,0.021167047
0.411,-0.019575557
0.412,-0.006641397
0.413,0.012436489
0.414,-0.028952823
0.415,0.021490401
0.416,-0.023132451
0.417,-0.004054565
0.418,0.013406551
0.419,-0.031863009
0.42,0.024077233
0.421,-0.022485743
0.422,-0.007288105
0.423,0.015023321
0.424,-0.032186363
0.425,0.021167047
0.426,-0.019575557
0.427,-0.006964751
0.428,0.012113135
0.429,-0.028629469
0.43,0.024400587
0.431,-0.022485743
0.432,-0.004701273
0.433,0.015346675
0.434,-0.031539655
0.435,0.023753879
0.436,-0.026042637
0.437,-0.007288105
0.438,0.015023321
0.439,-0.029599531
0.44,0.020520339
0.441,-0.019898911
0.442,-0.004054565
0.443,0.012436489
0.444,-0.029276177
0.445,0.024400587
0.446,-0.022162389
0.447,-0.005024627
0.448,0.015670029
0.449,-0.031863009
0.45,0.020843693
0.451,-0.019575557
0.452,-0.007934813
0.453,0.012436489
0.454,-0.028952823
0.455,0.021167047
0.456,-0.022162389
0.457,-0.004054565
0.458,0.012436489
0.459,-0.032833071
0.46,0.024400587
0.461,-0.022162389
0.462,-0.008581521
0.463,0.015993383
0.464,-0.031216301
0.465,0.020843693
0.466,-0.019252203
0.467,-0.007934813
0.468,0.012759843
0.469,-0.029276177
0.47,0.023753879
0.471,-0.022162389
0.472,-0.005024627
0.473,0.014053259
0.474,-0.031863009
0.475,0.024077233
0.476,-0.025719283
0.477,-0.007611459
0.478,0.015346675
0.479,-0.028952823
0.48,0.021167047
0.481,-0.019898911
0.482,-0.004701273
0.483,0.012436489
0.484,-0.029599531
0.485,0.024077233
0.486,-0.022162389
0.487,-0.005347981
0.488,0.015346675
0.489,-0.031863009
0.49,0.021167047
0.491,-0.018928849
0.492,-0.007611459
0.493,0.012436489
0.494,-0.028629469
0.495,0.021167047
0.496,-0.022809097
0.497,-0.005671335
0.498,0.013083197
0.499,-0.032833071
0.5,0.024077233
0.501,-0.021839035
0.502,-0.008258167
0.503,0.015670029
0.504,-0.032509717
0.505,0.021490401
0.506,-0.019252203
0.507,-0.008258167
0.508,0.012759843
0.509,-0.029599531
0.51,0.024400587
0.511,-0.022162389
0.512,-0.005671335
0.513,0.015670029
0.514,-0.031863009
0.515,0.023107171
0.516,-0.024749221
0.517,-0.007934813
0.518,0.015346675
0.519,-0.028952823
0.52,0.021167047
0.521,-0.019252203
0.522,-0.005024627
0.523,0.013083197
0.524,-0.029599531
0.525,0.024400587
0.526,-0.022162389
0.527,-0.005671335
0.528,0.015993383
0.529,-0.032509717
0.53,0.020196985
0.531,-0.018605495
0.532,-0.007934813
0.533,0.012436489
0.534,-0.028952823
0.535,0.021490401
0.536,-0.022485743
0.537,-0.005994689
0.538,0.012759843
0.539,-0.032509717
0.54,0.023430525
0.541,-0.021839035
0.542,-0.008581521
0.543,0.015993383
0.544,-0.032186363
0.545,0.019873631
0.546,-0.019252203
0.547,-0.008258167
0.548,0.012759843
0.549,-0.028952823
0.55,0.024400587
0.551,-0.022162389
0.552,-0.005994689
0.553,0.014376613
0.554,-0.031863009
0.555,0.024400587
0.556,-0.025395929
0.557,-0.008581521
0.558,0.015346675
0.559,-0.029599531
0.56,0.020520339
0.561,-0.019252203
0.562,-0.005347981
0.563,0.013083197
0.564,-0.029276177
0.565,0.024400587
0.566,-0.022162389
0.567,-0.005994689
0.568,0.016316737
0.569,-0.032186363
0.57,0.021490401
0.571,-0.019575557
0.572,-0.008581521
0.573,0.013083197
0.574,-0.029599531
0.575,0.020520339
0.576,-0.022485743
0.577,-0.005347981
0.578,0.012759843
0.579,-0.032186363
0.58,0.024077233
0.581,-0.021515681
0.582,-0.008581521
0.583,0.015670029
0.584,-0.031863009
0.585,0.021490401
0.586,-0.018928849
0.587,-0.007934813
0.588,0.013406551
0.589,-0.028952823
0.59,0.024400587
0.591,-0.021839035
0.592,-0.005671335
0.593,0.015670029
0.594,-0.032509717
0.595,0.023430525
0.596,-0.025719283
0.597,-0.008904875
0.598,0.015346675
0.599,-0.029599531
0.6,0.020520339
0.601,-0.018928849
0.602,-0.006318043
0.603,0.013406551
0.604,-0.029276177
0.605,0.024400587
0.606,-0.022162389
0.607,-0.005671335
0.608,0.016316737
0.609,-0.032509717
0.61,0.021167047
0.611,-0.018282141
0.612,-0.009228229
0.613,0.013083197
0.614,-0.029599531
0.615,0.021167047
0.616,-0.021515681
0.617,-0.006641397
0.618,0.013729905
0.619,-0.032833071
0.62,0.023430525
0.621,-0.021192327
0.622,-0.008904875
0.623,0.016316737
0.624,-0.032186363
0.625,0.020843693
0.626,-0.018605495
0.627,-0.009228229
0.628,0.012436489
0.629,-0.029599531
0.63,0.023753879
0.631,-0.022162389
0.632,-0.006641397
0.633,0.014699967
0.634,-0.032509717
0.635,0.023430525
0.636,-0.025072575
0.637,-0.009228229
0.638,0.015670029
0.639,-0.029599531
0.64,0.020843693
0.641,-0.018605495
0.642,-0.006318043
0.643,0.013406551
0.644,-0.029922885
0.645,0.024400587
0.646,-0.021515681
0.647,-0.006964751
0.648,0.016316737
0.649,-0.032186363
0.65,0.020843693
0.651,-0.018605495
0.652,-0.008904875
0.653,0.013729905
0.654,-0.029599531
0.655,0.021167047
0.656,-0.021515681
0.657,-0.006641397
0.658,0.013083197
0.659,-0.032833071
0.66,0.023753879
0.661,-0.021515681
0.662,-0.009551583
0.663,0.016316737
0.664,-0.031863009
0.665,0.020196985
0.666,-0.018282141
0.667,-0.009228229
0.668,0.013729905
0.669,-0.030246239
0.67,0.023753879
0.671,-0.021515681
0.672,-0.006964751
0.673,0.015670029
0.674,-0.032833071
0.675,0.024400587
0.676,-0.024102513
0.677,-0.009551583
0.678,0.016316737
0.679,-0.029922885
0.68,0.020196985
0.681,-0.019252203
0.682,-0.005994689
0.683,0.013406551
0.684,-0.030246239
0.685,0.023753879
0.686,-0.021192327
0.687,-0.006964751
0.688,0.016963445
0.689,-0.032509717
0.69,0.020843693
0.691,-0.018282141
0.692,-0.010198291
0.693,0.013406551
0.694,-0.029599531
0.695,0.020520339
0.696,-0.021515681
0.697,-0.006318043
0.698,0.013083197
0.699,-0.032509717
0.7,0.024400587
0.701,-0.020222265
0.702,-0.009551583
0.703,0.015993383
0.704,-0.031539655
0.705,0.020520339
0.706,-0.017635433
0.707,-0.009551583
0.708,0.013406551
0.709,-0.029599531
0.71,0.024077233
0.711,-0.021515681
0.712,-0.006641397
0.713,0.014699967
0.714,-0.033156425
0.715,0.023753879
0.716,-0.024749221
0.717,-0.009874937
0.718,0.015993383
0.719,-0.029599531
0.72,0.020843693
0.721,-0.017958787
0.722,-0.006318043
0.723,0.013083197
0.724,-0.029599531
0.725,0.023430525
0.726,-0.020545619
0.727,-0.006964751
0.728,0.016963445
0.729,-0.032509717
0.73,0.020196985
0.731,-0.017635433
0.732,-0.009874937
0.733,0.013406551
0.734,-0.029922885
0.735,0.020843693
0.736,-0.020545619
0.737,-0.007288105
0.738,0.014376613
0.739,-0.033156425
0.74,0.023430525
0.741,-0.020222265
0.742,-0.009874937
0.743,0.016963445
0.744,-0.032509717
0.745,0.020196985
0.746,-0.017635433
0.747,-0.010198291
0.748,0.013083197
0.749,-0.029599531
0.75,0.024077233
0.751,-0.020868973
0.752,-0.006964751
0.753,0.015993383
0.754,-0.033156425
0.755,0.023107171
0.756,-0.024102513
0.757,-0.009874937
0.758,0.016640091
0.759,-0.029922885
0.76,0.020520339
0.761,-0.017635433
0.762,-0.006964751
0.763,0.013406551
0.764,-0.028629469
0.765,0.023753879
0.766,-0.020868973
0.767,-0.007611459
0.768,0.016640091
0.769,-0.032509717
0.77,0.020520339
0.771,-0.017635433
0.772,-0.010198291
0.773,0.013729905
0.774,-0.030569593
0.775,0.020196985
0.776,-0.020868973
0.777,-0.006964751
0.778,0.014053259
0.779,-0.032833071
0.78,0.023107171
0.781,-0.020868973
0.782,-0.010844999
0.783,0.017286799
0.784,-0.031539655
0.785,0.020196985
0.786,-0.016988725
0.787,-0.010198291
0.788,0.013729905
0.789,-0.029599531
0.79,0.024077233
0.791,-0.019898911
0.792,-0.007288105
0.793,0.015023321
0.794,-0.033156425
0.795,0.023753879
0.796,-0.023779159
0.797,-0.010844999
0.798,0.016316737
0.799,-0.029599531
0.8,0.019873631
0.801,-0.017312079
0.802,-0.006964751
0.803,0.013729905
0.804,-0.029599531
0.805,0.023430525
0.806,-0.019898911
0.807,-0.007611459
0.808,0.016963445
0.809,-0.032833071
0.81,0.020843693
0.811,-0.016988725
0.812,-0.010844999
0.813,0.013406551
0.814,-0.029599531
0.815,0.020520339
0.816,-0.021192327
0.817,-0.006964751
0.818,0.014053259
0.819,-0.032833071
0.82,0.023430525
0.821,-0.019898911
0.822,-0.010844999
0.823,0.016640091
0.824,-0.032509717
0.825,0.020520339
0.826,-0.017312079
0.827,-0.010521645
0.828,0.013083197
0.829,-0.029599531
0.83,0.024077233
0.831,-0.020545619
0.832,-0.007611459
0.833,0.017286799
0.834,-0.033156425
0.835,0.023107171
0.836,-0.023455805
0.837,-0.010521645
0.838,0.016963445
0.839,-0.029599531
0.84,0.020520339
0.841,-0.017312079
0.842,-0.007611459
0.843,0.013729905
0.844,-0.029922885
0.845,0.023430525
0.846,-0.020868973
0.847,-0.007934813
0.848,0.017286799
0.849,-0.032833071
0.85,0.019873631
0.851,-0.016342017
0.852,-0.010844999
0.853,0.013729905
0.854,-0.029599531
0.855,0.020520339
0.856,-0.020545619
0.857,-0.008258167
0.858,0.013729905
0.859,-0.032833071
0.86,0.023430525
0.861,-0.019898911
0.862,-0.011168353
0.863,0.017286799
0.864,-0.032186363
0.865,0.020196985
0.866,-0.016342017
0.867,-0.010844999
0.868,0.013083197
0.869,-0.029276177
0.87,0.023753879
0.871,-0.019575557
0.872,-0.007611459
0.873,0.015670029
0.874,-0.032509717
0.875,0.023107171
0.876,-0.023455805
0.877,-0.010521645
0.878,0.016963445
0.879,-0.029599531
0.88,0.020196985
0.881,-0.016988725
0.882,-0.008258167
0.883,0.014053259
0.884,-0.030246239
0.885,0.023753879
0.886,-0.019252203
0.887,-0.008581521
0.888,0.017286799
0.889,-0.032186363
0.89,0.020520339
0.891,-0.016665371
0.892,-0.011168353
0.893,0.014053259
0.894,-0.029599531
0.895,0.020196985
0.896,-0.019898911
0.897,-0.007934813
0.898,0.014053259
0.899,-0.033479779
0.9,0.023430525
0.901,-0.019252203
0.902,-0.011491707
0.903,0.017610153
0.904,-0.032186363
0.905,0.019873631
0.906,-0.016665371
0.907,-0.010844999
0.908,0.013729905
0.909,-0.029922885
0.91,0.024077233
0.911,-0.019575557
0.912,-0.008258167
0.913,0.016640091
0.914,-0.033803133
0.915,0.023430525
0.916,-0.023132451
0.917,-0.011815061
0.918,0.016640091
0.919,-0.030246239
0.92,0.020196985
0.921,-0.016988725
0.922,-0.007611459
0.923,0.014699967
0.924,-0.029276177
0.925,0.023430525
0.926,-0.018928849
0.927,-0.008581521
0.928,0.016963445
0.929,-0.032833071
0.93,0.020520339
0.931,-0.016342017
0.932,-0.011491707
0.933,0.013406551
0.934,-0.029276177
0.935,0.020520339
0.936,-0.020222265
0.937,-0.008258167
0.938,0.013729905
0.939,-0.033156425
0.94,0.023753879
0.941,-0.018928849
0.942,-0.011168353
0.943,0.016963445
0.944,-0.032509717
0.945,0.019873631
0.946,-0.016342017
0.947,-0.011815061
0.948,0.013406551
0.949,-0.029922885
0.95,0.023753879
0.951,-0.019898911
0.952,-0.008581521
0.953,0.015670029
0.954,-0.032833071
0.955,0.022783817
0.956,-0.022809097
0.957,-0.010844999
0.958,0.016640091
0.959,-0.029599531
0.96,0.020843693
0.961,-0.016342017
0.962,-0.008581521
0.963,0.014053259
0.964,-0.029922885
0.965,0.024077233
0.966,-0.018605495
0.967,-0.008904875
0.968,0.017933507
0.969,-0.032509717
0.97,0.020196985
0.971,-0.016342017
0.972,-0.011168353
0.973,0.013729905
0.974,-0.029922885
0.975,0.020843693
0.976,-0.019252203
0.977,-0.008581521
0.978,0.014699967
0.979,-0.033156425
0.98,0.023107171
0.981,-0.019252203
0.982,-0.011491707
0.983,0.017286799
0.984,-0.032509717
0.985,0.020196985
0.986,-0.016342017
0.987,-0.011168353
0.988,0.014053259
0.989,-0.029922885
0.99,0.024077233
0.991,-0.018605495
0.992,-0.008904875
0.993,0.016640091
0.994,-0.032509717
0.995,0.023107171
0.996,-0.022809097
0.997,-0.012138415
0.998,0.017286799
0.999,-0.030569593
1,0.019873631
1.001,-0.016665371
1.002,-0.008258167
1.003,0.014699967
1.004,-0.030246239
1.005,0.024077233
1.006,-0.018605495
1.007,-0.009551583
1.008,0.017610153
1.009,-0.032509717
1.01,0.019873631
1.011,-0.016018663
1.012,-0.011168353
1.013,0.014053259
1.014,-0.029276177
1.015,0.019873631
1.016,-0.019575557
1.017,-0.008581521
1.018,0.014053259
1.019,-0.033803133
1.02,0.022783817
1.021,-0.018605495
1.022,-0.012461769
1.023,0.016640091
1.024,-0.032186363
1.025,0.019873631
1.026,-0.015695309
1.027,-0.011815061
1.028,0.014376613
1.029,-0.029922885
1.03,0.023107171
1.031,-0.018605495
1.032,-0.008904875
1.033,0.015346675
1.034,-0.032833071
1.035,0.022783817
1.036,-0.022485743
1.037,-0.011491707
1.038,0.017286799
1.039,-0.029599531
1.04,0.019873631
1.041,-0.016342017
1.042,-0.008581521
1.043,0.014699967
1.044,-0.029922885
1.045,0.023107171
1.046,-0.018282141
1.047,-0.008904875
1.048,0.017286799
1.049,-0.032833071
1.05,0.019873631
1.051,-0.015371955
1.052,-0.012138415
1.053,0.014053259
1.054,-0.029922885
1.055,0.019550277
1.056,-0.018928849
1.057,-0.009228229
1.058,0.014376613
1.059,-0.033156425
1.06,0.022460463
1.061,-0.018605495
1.062,-0.011815061
1.063,0.017610153
1.064,-0.032833071
1.065,0.019550277
1.066,-0.015371955
1.067,-0.011815061
1.068,0.013729905
1.069,-0.030569593
1.07,0.023753879
1.071,-0.019575557
1.072,-0.009228229
1.073,0.017610153
1.074,-0.033156425
1.075,0.022137109
1.076,-0.022485743
1.077,-0.012138415
1.078,0.017610153
1.079,-0.029922885
1.08,0.019873631
1.081,-0.015371955
1.082,-0.008904875
1.083,0.014376613
1.084,-0.030246239
1.085,0.023430525
1.086,-0.018605495
1.087,-0.009551583
1.088,0.017610153
1.089,-0.032509717
1.09,0.019550277
1.091,-0.015371955
1.092,-0.011815061
1.093,0.013406551
1.094,-0.030246239
1.095,0.019873631
1.096,-0.018605495
1.097,-0.008904875
1.098,0.014699967
1.099,-0.033156425
1.1,0.023107171
1.101,-0.017958787
1.102,-0.012785123
1.103,0.017286799
1.104,-0.032509717
1.105,0.019873631
1.106,-0.015695309
1.107,-0.012138415
1.108,0.014376613
1.109,-0.029922885
1.11,0.023753879
1.111,-0.017958787
1.112,-0.009551583
1.113,0.015346675
1.114,-0.033156425
1.115,0.023753879
1.116,-0.021515681
1.117,-0.013108477
1.118,0.017286799
1.119,-0.029599531
1.12,0.020520339
1.121,-0.015371955
1.122,-0.008904875
1.123,0.014376613
1.124,-0.030569593
1.125,0.023107171
1.126,-0.017958787
1.127,-0.009228229
1.128,0.016963445
1.129,-0.033156425
1.13,0.019873631
1.131,-0.015048601
1.132,-0.012461769
1.133,0.014376613
1.134,-0.029599531
1.135,0.020196985
1.136,-0.018282141
1.137,-0.009551583
1.138,0.014699967
1.139,-0.033479779
1.14,0.023107171
1.141,-0.017635433
1.142,-0.012785123
1.143,0.017286799
1.144,-0.033479779
1.145,0.019873631
1.146,-0.014401893
1.147,-0.012785123
1.148,0.014053259
1.149,-0.030246239
1.15,0.024077233
1.151,-0.018282141
1.152,-0.009551583
1.153,0.017610153
1.154,-0.033479779
1.155,0.023107171
1.156,-0.020868973
1.157,-0.012461769
1.158,0.016963445
1.159,-0.030569593
1.16,0.020196985
1.161,-0.015371955
1.162,-0.009551583
1.163,0.014699967
1.164,-0.030569593
1.165,0.023753879
1.166,-0.017958787
1.167,-0.010198291
1.168,0.017933507
1.169,-0.033156425
1.17,0.019226923
1.171,-0.014725247
1.172,-0.012785123
1.173,0.014376613
1.174,-0.029922885
1.175,0.020196985
1.176,-0.017635433
1.177,-0.009874937
1.178,0.014699967
1.179,-0.032833071
1.18,0.023107171
1.181,-0.017958787
1.182,-0.012785123
1.183,0.017933507
1.184,-0.033156425
1.185,0.020196985
1.186,-0.014401893
1.187,-0.012461769
1.188,0.014699967
1.189,-0.030569593
1.19,0.023753879
1.191,-0.017635433
1.192,-0.010521645
1.193,0.015346675
1.194,-0.032833071
1.195,0.022783817
1.196,-0.021192327
1.197,-0.012785123
1.198,0.017610153
1.199,-0.029922885
1.2,0.020196985
1.201,-0.014401893
1.202,-0.009551583
1.203,0.015023321
1.204,-0.030246239
1.205,0.023107171
1.206,-0.017312079
1.207,-0.010198291
1.208,0.017610153
1.209,-0.033156425
1.21,0.019550277
1.211,-0.014401893
1.212,-0.013108477
1.213,0.015023321
1.214,-0.030246239
1.215,0.019873631
1.216,-0.017958787
1.217,-0.009874937
1.218,0.015346675
1.219,-0.033479779
1.22,0.023107171
1.221,-0.016665371
1.222,-0.014078539
1.223,0.017933507
1.224,-0.033156425
1.225,0.019550277
1.226,-0.014401893
1.227,-0.013108477
1.228,0.014699967
1.229,-0.030246239
1.23,0.023753879
1.231,-0.017312079
1.232,-0.010198291
1.233,0.018256861
1.234,-0.033156425
1.235,0.022460463
1.236,-0.020222265
1.237,-0.013755185
1.238,0.017933507
1.239,-0.029599531
1.24,0.019873631
1.241,-0.014078539
1.242,-0.010198291
1.243,0.015670029
1.244,-0.030569593
1.245,0.023107171
1.246,-0.017312079
1.247,-0.010198291
1.248,0.017933507
1.249,-0.033156425
1.25,0.019550277
1.251,-0.014078539
1.252,-0.013431831
1.253,0.014699967
1.254,-0.029922885
1.255,0.019873631
1.256,-0.017635433
1.257,-0.010198291
1.258,0.016316737
1.259,-0.033156425
1.26,0.022460463
1.261,-0.016988725
1.262,-0.013108477
1.263,0.018580215
1.264,-0.033156425
1.265,0.019873631
1.266,-0.013755185
1.267,-0.013431831
1.268,0.014376613
1.269,-0.030569593
1.27,0.023753879
1.271,-0.016988725
1.272,-0.010844999
1.273,0.015993383
1.274,-0.033479779
1.275,0.022137109
1.276,-0.020545619
1.277,-0.012785123
1.278,0.017933507
1.279,-0.030246239
1.28,0.019226923
1.281,-0.013431831
1.282,-0.010198291
1.283,0.014699967
1.284,-0.030569593
1.285,0.022783817
1.286,-0.016988725
1.287,-0.011168353
1.288,0.018903569
1.289,-0.033479779
1.29,0.019226923
1.291,-0.013755185
1.292,-0.013108477
1.293,0.015023321
1.294,-0.030569593
1.295,0.019550277
1.296,-0.016988725
1.297,-0.010844999
1.298,0.015023321
1.299,-0.033803133
1.3,0.022783817
1.301,-0.016665371
1.302,-0.013431831
1.303,0.017933507
1.304,-0.033479779
1.305,0.018580215
1.306,-0.013755185
1.307,-0.013431831
1.308,0.015346675
1.309,-0.030569593
1.31,0.024723941
1.311,-0.016665371
1.312,-0.010844999
1.313,0.017286799
1.314,-0.033803133
1.315,0.022137109
1.316,-0.020222265
1.317,-0.014078539
1.318,0.018580215
1.319,-0.030246239
1.32,0.019226923
1.321,-0.013431831
1.322,-0.010521645
1.323,0.015346675
1.324,-0.030569593
1.325,0.022460463
1.326,-0.016342017
1.327,-0.011491707
1.328,0.018580215
1.329,-0.033479779
1.33,0.019550277
1.331,-0.014725247
1.332,-0.014401893
1.333,0.015346675
1.334,-0.030569593
1.335,0.018903569
1.336,-0.016665371
1.337,-0.010521645
1.338,0.015670029
1.339,-0.033479779
1.34,0.022783817
1.341,-0.015695309
1.342,-0.014078539
1.343,0.018256861
1.344,-0.033156425
1.345,0.019226923
1.346,-0.013431831
1.347,-0.013755185
1.348,0.015023321
1.349,-0.030246239
1.35,0.023753879
1.351,-0.016342017
1.352,-0.011168353
1.353,0.016316737
1.354,-0.033479779
1.355,0.022137109
1.356,-0.019898911
1.357,-0.014401893
1.358,0.017933507
1.359,-0.030246239
1.36,0.019873631
1.361,-0.013431831
1.362,-0.010521645
1.363,0.015993383
1.364,-0.030569593
1.365,0.022783817
1.366,-0.016018663
1.367,-0.011168353
1.368,0.018580215
1.369,-0.033479779
1.37,0.019226923
1.371,-0.012461769
1.372,-0.014401893
1.373,0.015023321
1.374,-0.030246239
1.375,0.019226923
1.376,-0.016342017
1.377,-0.010844999
1.378,0.015993383
1.379,-0.033479779
1.38,0.021813755
1.381,-0.016342017
1.382,-0.013755185
1.383,0.018580215
1.384,-0.033479779
1.385,0.018903569
1.386,-0.012785123
1.387,-0.014401893
1.388,0.015023321
1.389,-0.031216301
1.39,0.023753879
1.391,-0.016665371
1.392,-0.011815061
1.393,0.018256861
1.394,-0.033803133
1.395,0.021813755
1.396,-0.019575557
1.397,-0.015048601
1.398,0.018256861
1.399,-0.031216301
1.4,0.019550277
1.401,-0.012138415
1.402,-0.011491707
1.403,0.015023321
1.404,-0.030569593
1.405,0.022137109
1.406,-0.015695309
1.407,-0.011815061
1.408,0.018903569
1.409,-0.033479779
1.41,0.018903569
1.411,-0.013431831
1.412,-0.014401893
1.413,0.015346675
1.414,-0.030892947
1.415,0.019226923
1.416,-0.016342017
1.417,-0.010844999
1.418,0.015023321
1.419,-0.033479779
1.42,0.022137109
1.421,-0.015048601
1.422,-0.015048601
1.423,0.018580215
1.424,-0.033803133
1.425,0.018903569
1.426,-0.013431831
1.427,-0.013755185
1.428,0.015346675
1.429,-0.030892947
1.43,0.023107171
1.431,-0.015371955
1.432,-0.011815061
1.433,0.015670029
1.434,-0.033803133
1.435,0.022137109
1.436,-0.019575557
1.437,-0.014725247
1.438,0.018903569
1.439,-0.030569593
1.44,0.018903569
1.441,-0.012461769
1.442,-0.011815061
1.443,0.015670029
1.444,-0.030892947
1.445,0.022137109
1.446,-0.015371955
1.447,-0.011815061
1.448,0.018256861
1.449,-0.033479779
1.45,0.019226923
1.451,-0.012785123
1.452,-0.014401893
1.453,0.015023321
1.454,-0.030246239
1.455,0.019226923
1.456,-0.015048601
1.457,-0.012461769
1.458,0.015670029
1.459,-0.033479779
1.46,0.022137109
1.461,-0.014725247
1.462,-0.015048601
1.463,0.018256861
1.464,-0.033479779
1.465,0.018580215
1.466,-0.012461769
1.467,-0.014401893
1.468,0.015023321
1.469,-0.030892947
1.47,0.023753879
1.471,-0.016018663
1.472,-0.011815061
1.473,0.017933507
1.474,-0.034126487
1.475,0.021813755
1.476,-0.018605495
1.477,-0.014725247
1.478,0.018256861
1.479,-0.030892947
1.48,0.018580215
1.481,-0.012138415
1.482,-0.011815061
1.483,0.015993383
1.484,-0.031216301
1.485,0.022137109
1.486,-0.014725247
1.487,-0.011491707
1.488,0.019226923
1.489,-0.033479779
1.49,0.018256861
1.491,-0.011815061
1.492,-0.015048601
1.493,0.015346675
1.494,-0.030892947
1.495,0.019226923
1.496,-0.015048601
1.497,-0.012138415
1.498,0.015346675
1.499,-0.033803133
1.5,0.020843693
1.501,-0.015048601
1.502,-0.015371955
1.503,0.018903569
1.504,-0.033803133
1.505,0.018256861
1.506,-0.012138415
1.507,-0.014401893
1.508,0.015670029
1.509,-0.030569593
1.51,0.022783817
1.511,-0.014725247
1.512,-0.012138415
1.513,0.016640091
1.514,-0.033479779
1.515,0.021490401
1.516,-0.019252203
1.517,-0.014401893
1.518,0.018903569
1.519,-0.030892947
1.52,0.018580215
1.521,-0.012138415
1.522,-0.012138415
1.523,0.015993383
1.524,-0.031216301
1.525,0.021813755
1.526,-0.014725247
1.527,-0.013108477
1.528,0.018903569
1.529,-0.033479779
1.53,0.017933507
1.531,-0.011815061
1.532,-0.015371955
1.533,0.015346675
1.534,-0.030892947
1.535,0.018256861
1.536,-0.015048601
1.537,-0.012461769
1.538,0.015993383
1.539,-0.034126487
1.54,0.021490401
1.541,-0.014725247
1.542,-0.015695309
1.543,0.018580215
1.544,-0.032833071
1.545,0.018256861
1.546,-0.011815061
1.547,-0.014725247
1.548,0.015670029
1.549,-0.031216301
1.55,0.023430525
1.551,-0.014725247
1.552,-0.012785123
1.553,0.015993383
1.554,-0.033803133
1.555,0.021490401
1.556,-0.018605495
1.557,-0.015371955
1.558,0.018903569
1.559,-0.030892947
1.56,0.018580215
1.561,-0.011815061
1.562,-0.012138415
1.563,0.015670029
1.564,-0.031216301
1.565,0.021167047
1.566,-0.014401893
1.567,-0.012785123
1.568,0.018903569
1.569,-0.034126487
1.57,0.018256861
1.571,-0.011815061
1.572,-0.015695309
1.573,0.015670029
1.574,-0.030246239
1.575,0.018580215
1.576,-0.014401893
1.577,-0.012138415
1.578,0.015993383
1.579,-0.034126487
1.58,0.021490401
1.581,-0.014078539
1.582,-0.015048601
1.583,0.018903569
1.584,-0.033803133
1.585,0.018580215
1.586,-0.011491707
1.587,-0.015371955
1.588,0.015670029
1.589,-0.030892947
1.59,0.023107171
1.591,-0.014401893
1.592,-0.013108477
1.593,0.015993383
1.594,-0.034126487
1.595,0.021167047
1.596,-0.017958787
1.597,-0.015695309
1.598,0.018580215
1.599,-0.030569593
1.6,0.018256861
1.601,-0.011491707
1.602,-0.012461769
1.603,0.016316737
1.604,-0.030892947
1.605,0.021490401
1.606,-0.014078539
1.607,-0.013108477
1.608,0.019226923
1.609,-0.033803133
1.61,0.017933507
1.611,-0.010521645
1.612,-0.015371955
1.613,0.015346675
1.614,-0.030569593
1.615,0.018580215
1.616,-0.014401893
1.617,-0.013108477
1.618,0.016316737
1.619,-0.034126487
1.62,0.021167047
1.621,-0.014725247
1.622,-0.015695309
1.623,0.019226923
1.624,-0.034126487
1.625,0.017933507
1.626,-0.010844999
1.627,-0.015048601
1.628,0.015670029
1.629,-0.031539655
1.63,0.023430525
1.631,-0.013755185
1.632,-0.012785123
1.633,0.017933507
1.634,-0.033803133
1.635,0.021490401
1.636,-0.017635433
1.637,-0.016018663
1.638,0.018580215
1.639,-0.030569593
1.64,0.017933507
1.641,-0.011491707
1.642,-0.012785123
1.643,0.015993383
1.644,-0.030892947
1.645,0.021490401
1.646,-0.013755185
1.647,-0.013431831
1.648,0.018580215
1.649,-0.033479779
1.65,0.017610153
1.651,-0.010844999
1.652,-0.016018663
1.653,0.015993383
1.654,-0.030892947
1.655,0.017933507
1.656,-0.014078539
1.657,-0.012461769
1.658,0.016316737
1.659,-0.034126487
1.66,0.021167047
1.661,-0.014078539
1.662,-0.016665371
1.663,0.018580215
1.664,-0.033479779
1.665,0.017933507
1.666,-0.010844999
1.667,-0.015695309
1.668,0.015993383
1.669,-0.030892947
1.67,0.021813755
1.671,-0.013755185
1.672,-0.012785123
1.673,0.016316737
1.674,-0.034449841
1.675,0.020196985
1.676,-0.017635433
1.677,-0.015695309
1.678,0.018903569
1.679,-0.030246239
1.68,0.017933507
1.681,-0.010521645
1.682,-0.012785123
1.683,0.016640091
1.684,-0.031216301
1.685,0.020843693
1.686,-0.013108477
1.687,-0.013108477
1.688,0.018903569
1.689,-0.034449841
1.69,0.017610153
1.691,-0.010844999
1.692,-0.016018663
1.693,0.015670029
1.694,-0.030569593
1.695,0.017933507
1.696,-0.014078539
1.697,-0.012785123
1.698,0.016316737
1.699,-0.034449841
1.7,0.020520339
1.701,-0.013431831
1.702,-0.016342017
1.703,0.019226923
1.704,-0.034126487
1.705,0.017933507
1.706,-0.010844999
1.707,-0.015695309
1.708,0.016316737
1.709,-0.031539655
1.71,0.023107171
1.711,-0.013755185
1.712,-0.013108477
1.713,0.018580215
1.714,-0.033803133
1.715,0.020196985
1.716,-0.016988725
1.717,-0.015695309
1.718,0.019226923
1.719,-0.031539655
1.72,0.017610153
1.721,-0.010521645
1.722,-0.013108477
1.723,0.015993383
1.724,-0.030892947
1.725,0.021167047
1.726,-0.013431831
1.727,-0.014078539
1.728,0.019873631
1.729,-0.034126487
1.73,0.017610153
1.731,-0.010198291
1.732,-0.016018663
1.733,0.015993383
1.734,-0.031539655
1.735,0.017610153
1.736,-0.013108477
1.737,-0.013108477
1.738,0.016316737
1.739,-0.034126487
1.74,0.021167047
1.741,-0.013431831
1.742,-0.016018663
1.743,0.019873631
1.744,-0.034126487
1.745,0.017610153
1.746,-0.010198291
1.747,-0.015695309
1.748,0.015993383
1.749,-0.031216301
1.75,0.022783817
1.751,-0.013108477
1.752,-0.013431831
1.753,0.016316737
1.754,-0.033479779
1.755,0.020843693
1.756,-0.016342017
1.757,-0.016665371
1.758,0.019550277
1.759,-0.030569593
1.76,0.017933507
1.761,-0.010521645
1.762,-0.012461769
1.763,0.016316737
1.764,-0.031863009
1.765,0.020520339
1.766,-0.012461769
1.767,-0.013431831
1.768,0.018903569
1.769,-0.033803133
1.77,0.017933507
1.771,-0.010198291
1.772,-0.016342017
1.773,0.016316737
1.774,-0.031216301
1.775,0.017286799
1.776,-0.013431831
1.777,-0.012785123
1.778,0.016316737
1.779,-0.034126487
1.78,0.020196985
1.781,-0.013431831
1.782,-0.016988725
1.783,0.019226923
1.784,-0.034126487
1.785,0.017610153
1.786,-0.010521645
1.787,-0.016665371
1.788,0.016640091
1.789,-0.030892947
1.79,0.022460463
1.791,-0.012461769
1.792,-0.013108477
1.793,0.017933507
1.794,-0.034449841
1.795,0.020196985
1.796,-0.016018663
1.797,-0.016665371
1.798,0.019550277
1.799,-0.031216301
1.8,0.017286799
1.801,-0.010198291
1.802,-0.013108477
1.803,0.017286799
1.804,-0.030892947
1.805,0.020520339
1.806,-0.012785123
1.807,-0.013431831
1.808,0.019550277
1.809,-0.034449841
1.81,0.017286799
1.811,-0.009874937
1.812,-0.016342017
1.813,0.016316737
1.814,-0.031216301
1.815,0.017610153
1.816,-0.012785123
1.817,-0.013755185
1.818,0.016963445
1.819,-0.034449841
1.82,0.020196985
1.821,-0.012138415
1.822,-0.016018663
1.823,0.019226923
1.824,-0.034773195
1.825,0.017286799
1.826,-0.009551583
1.827,-0.016342017
1.828,0.016640091
1.829,-0.031216301
1.83,0.022137109
1.831,-0.012785123
1.832,-0.013755185
1.833,0.017610153
1.834,-0.034126487
1.835,0.020196985
1.836,-0.015695309
1.837,-0.016665371
1.838,0.018903569
1.839,-0.031216301
1.84,0.016963445
1.841,-0.009228229
1.842,-0.013431831
1.843,0.016963445
1.844,-0.031216301
1.845,0.020520339
1.846,-0.012461769
1.847,-0.014078539
1.848,0.019873631
1.849,-0.033803133
1.85,0.016963445
1.851,-0.009228229
1.852,-0.016665371
1.853,0.016640091
1.854,-0.031216301
1.855,0.017286799
1.856,-0.012785123
1.857,-0.013755185
1.858,0.016963445
1.859,-0.034126487
1.86,0.020196985
1.861,-0.012138415
1.862,-0.016342017
1.863,0.020196985
1.864,-0.033479779
1.865,0.016640091
1.866,-0.009228229
1.867,-0.016342017
1.868,0.016640091
1.869,-0.031539655
1.87,0.022783817
1.871,-0.012461769
1.872,-0.013755185
1.873,0.019226923
1.874,-0.034126487
1.875,0.019550277
1.876,-0.016018663
1.877,-0.016665371
1.878,0.019873631
1.879,-0.031216301
1.88,0.016640091
1.881,-0.009551583
1.882,-0.013431831
1.883,0.016963445
1.884,-0.031539655
1.885,0.020520339
1.886,-0.012461769
1.887,-0.014401893
1.888,0.019873631
1.889,-0.034126487
1.89,0.017286799
1.891,-0.009228229
1.892,-0.016988725
1.893,0.016640091
1.894,-0.031216301
1.895,0.016963445
1.896,-0.012461769
1.897,-0.013755185
1.898,0.016316737
1.899,-0.034449841
1.9,0.019873631
1.901,-0.011815061
1.902,-0.016988725
1.903,0.019550277
1.904,-0.033803133
1.905,0.016963445
1.906,-0.009228229
1.907,-0.016665371
1.908,0.016640091
1.909,-0.031216301
1.91,0.022460463
1.911,-0.012138415
1.912,-0.014078539
1.913,0.016963445
1.914,-0.034773195
1.915,0.020196985
1.916,-0.015048601
1.917,-0.016988725
1.918,0.019226923
1.919,-0.030569593
1.92,0.017286799
1.921,-0.009551583
1.922,-0.013431831
1.923,0.016963445
1.924,-0.031539655
1.925,0.020196985
1.926,-0.011491707
1.927,-0.014401893
1.928,0.019550277
1.929,-0.034773195
1.93,0.016963445
1.931,-0.008581521
1.932,-0.016988725
1.933,0.016640091
1.934,-0.031216301
1.935,0.017286799
1.936,-0.011815061
1.937,-0.013755185
1.938,0.017286799
1.939,-0.034773195
1.94,0.019873631
1.941,-0.011815061
1.942,-0.017312079
1.943,0.020196985
1.944,-0.034449841
1.945,0.016640091
1.946,-0.008258167
1.947,-0.016988725
1.948,0.016640091
1.949,-0.031863009
1.95,0.022783817
1.951,-0.012461769
1.952,-0.014401893
1.953,0.018580215
1.954,-0.034449841
1.955,0.019226923
1.956,-0.014725247
1.957,-0.016988725
1.958,0.020196985
1.959,-0.031863009
1.96,0.016640091
1.961,-0.008904875
1.962,-0.014401893
1.963,0.016963445
1.964,-0.031216301
1.965,0.019873631
1.966,-0.011815061
1.967,-0.014401893
1.968,0.020196985
1.969,-0.033479779
1.97,0.016640091
1.971,-0.007934813
1.972,-0.017312079
1.973,0.016640091
1.974,-0.031863009
1.975,0.016963445
1.976,-0.011815061
1.977,-0.013755185
1.978,0.017286799
1.979,-0.034773195
1.98,0.019550277
1.981,-0.011168353
1.982,-0.017312079
1.983,0.020196985
1.984,-0.034773195
1.985,0.016640091
1.986,-0.008581521
1.987,-0.016665371
1.988,0.016640091
1.989,-0.031539655
1.99,0.022137109
1.991,-0.011491707
1.992,-0.014078539
1.993,0.017286799
1.994,-0.034773195
1.995,0.019550277
1.996,-0.014725247
1.997,-0.017312079
1.998,0.020520339
1.999,-0.029922885
2,0.016316737
2.001,-0.007934813
2.002,-0.014401893
2.003,0.016963445
2.004,-0.032186363
2.005,0.019226923
2.006,-0.011168353
2.007,-0.014401893
2.008,0.019873631
2.009,-0.034126487
2.01,0.016640091
2.011,-0.007934813
2.012,-0.017312079
2.013,0.017286799
2.014,-0.031216301
2.015,0.016640091
2.016,-0.011491707
2.017,-0.014401893
2.018,0.017286799
2.019,-0.034773195
2.02,0.019550277
2.021,-0.010844999
2.022,-0.016988725
2.023,0.020196985
2.024,-0.034449841
2.025,0.016640091
2.026,-0.008581521
2.027,-0.016988725
2.028,0.017286799
2.029,-0.031216301
2.03,0.021490401
2.031,-0.011491707
2.032,-0.014401893
2.033,0.018903569
2.034,-0.034773195
2.035,0.019226923
2.036,-0.014401893
2.037,-0.017312079
2.038,0.019550277
2.039,-0.031216301
2.04,0.016316737
2.041,-0.008258167
2.042,-0.014401893
2.043,0.017286799
2.044,-0.031216301
2.045,0.018903569
2.046,-0.010844999
2.047,-0.014725247
2.048,0.020196985
2.049,-0.034449841
2.05,0.015993383
2.051,-0.007611459
2.052,-0.017312079
2.053,0.016640091
2.054,-0.031863009
2.055,0.016963445
2.056,-0.011491707
2.057,-0.014725247
2.058,0.016963445
2.059,-0.035096549
2.06,0.019226923
2.061,-0.011168353
2.062,-0.016988725
2.063,0.020520339
2.064,-0.034449841
2.065,0.015670029
2.066,-0.007611459
2.067,-0.017635433
2.068,0.016640091
2.069,-0.031539655
2.07,0.021490401
2.071,-0.011491707
2.072,-0.014725247
2.073,0.017610153
2.074,-0.034449841
2.075,0.018903569
2.076,-0.014725247
2.077,-0.016988725
2.078,0.020196985
2.079,-0.030569593
2.08,0.015993383
2.081,-0.007934813
2.082,-0.014725247
2.083,0.016963445
2.084,-0.031863009
2.085,0.019226923
2.086,-0.010521645
2.087,-0.015371955
2.088,0.020196985
2.089,-0.034449841
2.09,0.015993383
2.091,-0.007611459
2.092,-0.017312079
2.093,0.016963445
2.094,-0.032186363
2.095,0.015670029
2.096,-0.010844999
2.097,-0.015695309
2.098,0.016640091
2.099,-0.034449841
2.1,0.018903569
2.101,-0.010844999
2.102,-0.017958787
2.103,0.020520339
2.104,-0.034126487
2.105,0.015670029
2.106,-0.007611459
2.107,-0.016665371
2.108,0.017286799
2.109,-0.031863009
2.11,0.021813755
2.111,-0.010521645
2.112,-0.014725247
2.113,0.018903569
2.114,-0.034126487
2.115,0.018903569
2.116,-0.014401893
2.117,-0.017958787
2.118,0.019873631
2.119,-0.031539655
2.12,0.016316737
2.121,-0.008581521
2.122,-0.014725247
2.123,0.017286799
2.124,-0.031539655
2.125,0.019226923
2.126,-0.010521645
2.127,-0.015048601
2.128,0.020843693
2.129,-0.034449841
2.13,0.015670029
2.131,-0.007288105
2.132,-0.017958787
2.133,0.017610153
2.134,-0.030892947
2.135,0.015346675
2.136,-0.010521645
2.137,-0.014401893
2.138,0.017610153
2.139,-0.034773195
2.14,0.019226923
2.141,-0.009874937
2.142,-0.017958787
2.143,0.020520339
2.144,-0.033479779
2.145,0.015346675
2.146,-0.007611459
2.147,-0.017958787
2.148,0.017286799
2.149,-0.031216301
2.15,0.021490401
2.151,-0.010521645
2.152,-0.015048601
2.153,0.018256861
2.154,-0.034449841
2.155,0.018256861
2.156,-0.012461769
2.157,-0.017635433
2.158,0.020843693
2.159,-0.030246239
2.16,0.015993383
2.161,-0.007611459
2.162,-0.014725247
2.163,0.017933507
2.164,-0.032186363
2.165,0.018580215
2.166,-0.010198291
2.167,-0.014725247
2.168,0.020520339
2.169,-0.034449841
2.17,0.015670029
2.171,-0.006641397
2.172,-0.018282141
2.173,0.016640091
2.174,-0.030892947
2.175,0.016316737
2.176,-0.010844999
2.177,-0.015371955
2.178,0.017610153
2.179,-0.034449841
2.18,0.018580215
2.181,-0.009874937
2.182,-0.018282141
2.183,0.020520339
2.184,-0.034449841
2.185,0.015023321
2.186,-0.006964751
2.187,-0.017958787
2.188,0.017286799
2.189,-0.031863009
2.19,0.021167047
2.191,-0.010198291
2.192,-0.015048601
2.193,0.019226923
2.194,-0.034773195
2.195,0.017933507
2.196,-0.013755185
2.197,-0.017635433
2.198,0.020196985
2.199,-0.031539655
2.2,0.015670029
2.201,-0.006964751
2.202,-0.015371955
2.203,0.017286799
2.204,-0.031539655
2.205,0.018256861
2.206,-0.010844999
2.207,-0.015695309
2.208,0.021167047
2.209,-0.034449841
2.21,0.015346675
2.211,-0.006964751
2.212,-0.017958787
2.213,0.016640091
2.214,-0.031863009
2.215,0.015023321
2.216,-0.010198291
2.217,-0.015371955
2.218,0.017286799
2.219,-0.034773195
2.22,0.018580215
2.221,-0.009228229
2.222,-0.018928849
2.223,0.020843693
2.224,-0.034126487
2.225,0.015346675
2.226,-0.006641397
2.227,-0.017312079
2.228,0.016963445
2.229,-0.031539655
2.23,0.021167047
2.231,-0.009874937
2.232,-0.015371955
2.233,0.017286799
2.234,-0.034773195
2.235,0.018903569
2.236,-0.013755185
2.237,-0.017958787
2.238,0.019873631
2.239,-0.030246239
2.24,0.015023321
2.241,-0.007611459
2.242,-0.015048601
2.243,0.017610153
2.244,-0.032186363
2.245,0.018256861
2.246,-0.008904875
2.247,-0.015695309
2.248,0.020196985
2.249,-0.034449841
2.25,0.015346675
2.251,-0.005994689
2.252,-0.018605495
2.253,0.017610153
2.254,-0.031863009
2.255,0.015023321
2.256,-0.009874937
2.257,-0.015695309
2.258,0.017933507
2.259,-0.035096549
2.26,0.017933507
2.261,-0.009551583
2.262,-0.018605495
2.263,0.020843693
2.264,-0.034773195
2.265,0.015346675
2.266,-0.006318043
2.267,-0.018282141
2.268,0.017610153
2.269,-0.031539655
2.27,0.020843693
2.271,-0.009874937
2.272,-0.014401893
2.273,0.018903569
2.274,-0.035096549
2.275,0.018256861
2.276,-0.013108477
2.277,-0.017958787
2.278,0.020843693
2.279,-0.031539655
2.28,0.015346675
2.281,-0.006964751
2.282,-0.015048601
2.283,0.018256861
2.284,-0.031863009
2.285,0.017933507
2.286,-0.009228229
2.287,-0.015371955
2.288,0.021167047
2.289,-0.034773195
2.29,0.014699967
2.291,-0.005671335
2.292,-0.017958787
2.293,0.017933507
2.294,-0.030892947
2.295,0.015670029
2.296,-0.009228229
2.297,-0.015048601
2.298,0.018256861
2.299,-0.034773195
2.3,0.018256861
2.301,-0.009551583
2.302,-0.019252203
2.303,0.020843693
2.304,-0.035096549
2.305,0.014376613
2.306,-0.005994689
2.307,-0.018282141
2.308,0.017933507
2.309,-0.031863009
2.31,0.021167047
2.311,-0.009551583
2.312,-0.015695309
2.313,0.017933507
2.314,-0.034773195
2.315,0.017933507
2.316,-0.012785123
2.317,-0.018282141
2.318,0.020843693
2.319,-0.030892947
2.32,0.014699967
2.321,-0.005994689
2.322,-0.015695309
2.323,0.017933507
2.324,-0.032186363
2.325,0.018256861
2.326,-0.008581521
2.327,-0.015695309
2.328,0.020520339
2.329,-0.034449841
2.33,0.014376613
2.331,-0.006318043
2.332,-0.018605495
2.333,0.017610153
2.334,-0.032186363
2.335,0.014376613
2.336,-0.008904875
2.337,-0.015695309
2.338,0.017933507
2.339,-0.034449841
2.34,0.017610153
2.341,-0.009228229
2.342,-0.019252203
2.343,0.021490401
2.344,-0.034773195
2.345,0.014376613
2.346,-0.006318043
2.347,-0.018282141
2.348,0.017933507
2.349,-0.032186363
2.35,0.020520339
2.351,-0.008904875
2.352,-0.015695309
2.353,0.018903569
2.354,-0.034449841
2.355,0.017286799
2.356,-0.012785123
2.357,-0.019252203
2.358,0.021167047
2.359,-0.031539655
2.36,0.014376613
2.361,-0.006641397
2.362,-0.015695309
2.363,0.017933507
2.364,-0.032509717
2.365,0.017286799
2.366,-0.008904875
2.367,-0.016342017
2.368,0.021167047
2.369,-0.035096549
2.37,0.014376613
2.371,-0.006641397
2.372,-0.018928849
2.373,0.017610153
2.374,-0.031539655
2.375,0.015023321
2.376,-0.009874937
2.377,-0.015695309
2.378,0.017933507
2.379,-0.035419903
2.38,0.017286799
2.381,-0.008258167
2.382,-0.018928849
2.383,0.020843693
2.384,-0.035096549
2.385,0.014376613
2.386,-0.005994689
2.387,-0.019575557
2.388,0.017610153
2.389,-0.031539655
2.39,0.019550277
2.391,-0.009228229
2.392,-0.016342017
2.393,0.018580215
2.394,-0.034773195
2.395,0.016963445
2.396,-0.011491707
2.397,-0.018605495
2.398,0.020520339
2.399,-0.029599531
2.4,0.014699967
2.401,-0.005994689
2.402,-0.015695309
2.403,0.018580215
2.404,-0.031863009
2.405,0.016963445
2.406,-0.008904875
2.407,-0.016665371
2.408,0.021167047
2.409,-0.034449841
2.41,0.014053259
2.411,-0.005671335
2.412,-0.018928849
2.413,0.017610153
2.414,-0.031539655
2.415,0.014699967
2.416,-0.008904875
2.417,-0.016018663
2.418,0.017933507
2.419,-0.035096549
2.42,0.017286799
2.421,-0.008581521
2.422,-0.018928849
2.423,0.021490401
2.424,-0.034773195
2.425,0.013729905
2.426,-0.005671335
2.427,-0.019252203
2.428,0.018256861
2.429,-0.032186363
2.43,0.019873631
2.431,-0.007934813
2.432,-0.016665371
2.433,0.019226923
2.434,-0.034449841
2.435,0.016963445
2.436,-0.011815061
2.437,-0.019575557
2.438,0.020843693
2.439,-0.029922885
2.44,0.014376613
2.441,-0.005347981
2.442,-0.016342017
2.443,0.018580215
2.444,-0.032186363
2.445,0.017286799
2.446,-0.008258167
2.447,-0.016988725
2.448,0.021167047
2.449,-0.034773195
2.45,0.014053259
2.451,-0.005347981
2.452,-0.018928849
2.453,0.018256861
2.454,-0.031539655
2.455,0.013729905
2.456,-0.008581521
2.457,-0.016342017
2.458,0.018256861
2.459,-0.034773195
2.46,0.016963445
2.461,-0.008258167
2.462,-0.019575557
2.463,0.021167047
2.464,-0.034773195
2.465,0.014053259
2.466,-0.005994689
2.467,-0.018928849
2.468,0.018580215
2.469,-0.031863009
2.47,0.019873631
2.471,-0.007611459
2.472,-0.016342017
2.473,0.018256861
2.474,-0.034773195
2.475,0.016316737
2.476,-0.010844999
2.477,-0.020222265
2.478,0.021167047
2.479,-0.029922885
2.48,0.013729905
2.481,-0.005671335
2.482,-0.015695309
2.483,0.018580215
2.484,-0.032186363
2.485,0.016963445
2.486,-0.008258167
2.487,-0.016342017
2.488,0.021167047
2.489,-0.034773195
2.49,0.013729905
2.491,-0.004377919
2.492,-0.019252203
2.493,0.018580215
2.494,-0.031216301
2.495,0.013406551
2.496,-0.008904875
2.497,-0.016018663
2.498,0.018580215
2.499,-0.034773195
2.5,0.016640091
2.501,-0.007288105
2.502,-0.019898911
2.503,0.021167047
2.504,-0.034773195
2.505,0.013729905
2.506,-0.005347981
2.507,-0.019575557
2.508,0.018256861
2.509,-0.031539655
2.51,0.019550277
2.511,-0.008581521
2.512,-0.016665371
2.513,0.019873631
2.514,-0.035419903
2.515,0.016316737
2.516,-0.011815061
2.517,-0.019575557
2.518,0.021167047
2.519,-0.031863009
2.52,0.013406551
2.521,-0.005024627
2.522,-0.016018663
2.523,0.018580215
2.524,-0.032186363
2.525,0.016963445
2.526,-0.008581521
2.527,-0.016988725
2.528,0.021813755
2.529,-0.034773195
2.53,0.013406551
2.531,-0.004377919
2.532,-0.019898911
2.533,0.018256861
2.534,-0.032186363
2.535,0.012436489
2.536,-0.007934813
2.537,-0.016988725
2.538,0.018580215
2.539,-0.034449841
2.54,0.015993383
2.541,-0.007611459
2.542,-0.019252203
2.543,0.021813755
2.544,-0.034773195
2.545,0.012759843
2.546,-0.004701273
2.547,-0.019575557
2.548,0.018580215
2.549,-0.031863009
2.55,0.018903569
2.551,-0.007288105
2.552,-0.016665371
2.553,0.018903569
2.554,-0.034126487
2.555,0.015993383
2.556,-0.009874937
2.557,-0.019575557
2.558,0.021490401
2.559,-0.029599531
2.56,0.013729905
2.561,-0.004701273
2.562,-0.016665371
2.563,0.018256861
2.564,-0.031863009
2.565,0.015993383
2.566,-0.007934813
2.567,-0.017312079
2.568,0.021813755
2.569,-0.034449841
2.57,0.013083197
2.571,-0.004377919
2.572,-0.019898911
2.573,0.019226923
2.574,-0.031863009
2.575,0.013406551
2.576,-0.006964751
2.577,-0.016988725
2.578,0.018580215
2.579,-0.035096549
2.58,0.015993383
2.581,-0.007288105
2.582,-0.020545619
2.583,0.021813755
2.584,-0.034126487
2.585,0.013083197
2.586,-0.004701273
2.587,-0.019575557
2.588,0.018903569
2.589,-0.032186363
2.59,0.018903569
2.591,-0.006964751
2.592,-0.016665371
2.593,0.019550277
2.594,-0.034773195
2.595,0.015993383
2.596,-0.011168353
2.597,-0.019898911
2.598,0.021813755
2.599,-0.031539655
2.6,0.013083197
2.601,-0.005024627
2.602,-0.016988725
2.603,0.018580215
2.604,-0.031539655
2.605,0.015670029
2.606,-0.007288105
2.607,-0.016988725
2.608,0.022460463
2.609,-0.034449841
2.61,0.013083197
2.611,-0.004701273
2.612,-0.020545619
2.613,0.018580215
2.614,-0.031539655
2.615,0.012436489
2.616,-0.007611459
2.617,-0.016988725
2.618,0.018903569
2.619,-0.034773195
2.62,0.015346675
2.621,-0.006964751
2.622,-0.020222265
2.623,0.021813755
2.624,-0.034773195
2.625,0.013083197
2.626,-0.004054565
2.627,-0.019898911
2.628,0.019226923
2.629,-0.031539655
2.63,0.018903569
2.631,-0.007288105
2.632,-0.017312079
2.633,0.019550277
2.634,-0.035096549
2.635,0.015670029
2.636,-0.010198291
2.637,-0.019898911
2.638,0.021490401
2.639,-0.029922885
2.64,0.013406551
2.641,-0.004701273
2.642,-0.017635433
2.643,0.018580215
2.644,-0.031216301
2.645,0.015670029
2.646,-0.006964751
2.647,-0.016988725
2.648,0.022137109
2.649,-0.034773195
2.65,0.012759843
2.651,-0.003731211
2.652,-0.019898911
2.653,0.018903569
2.654,-0.031539655
2.655,0.013083197
2.656,-0.007288105
2.657,-0.017958787
2.658,0.019550277
2.659,-0.034773195
2.66,0.015993383
2.661,-0.006964751
2.662,-0.020545619
2.663,0.022137109
2.664,-0.035096549
2.665,0.012113135
2.666,-0.003731211
2.667,-0.019575557
2.668,0.019226923
2.669,-0.031863009
2.67,0.019550277
2.671,-0.007288105
2.672,-0.017958787
2.673,0.020196985
2.674,-0.034449841
2.675,0.015346675
2.676,-0.010844999
2.677,-0.020222265
2.678,0.021813755
2.679,-0.031539655
2.68,0.011789781
2.681,-0.003407857
2.682,-0.016988725
2.683,0.019226923
2.684,-0.032509717
2.685,0.015993383
2.686,-0.005671335
2.687,-0.017635433
2.688,0.022137109
2.689,-0.034126487
2.69,0.012113135
2.691,-0.003407857
2.692,-0.020545619
2.693,0.019226923
2.694,-0.032186363
2.695,0.012436489
2.696,-0.006318043
2.697,-0.016988725
2.698,0.019550277
2.699,-0.034773195
2.7,0.015346675
2.701,-0.006318043
2.702,-0.020868973
2.703,0.021813755
2.704,-0.034773195
2.705,0.012113135
2.706,-0.004377919
2.707,-0.019898911
2.708,0.019226923
2.709,-0.031863009
2.71,0.018580215
2.711,-0.007288105
2.712,-0.016988725
2.713,0.019873631
2.714,-0.034449841
2.715,0.015670029
2.716,-0.009551583
2.717,-0.020868973
2.718,0.022137109
2.719,-0.028952823
2.72,0.012759843
2.721,-0.003407857
2.722,-0.016988725
2.723,0.020196985
2.724,-0.031863009
2.725,0.015346675
2.726,-0.005994689
2.727,-0.017635433
2.728,0.022137109
2.729,-0.034773195
2.73,0.012759843
2.731,-0.003084503
2.732,-0.020545619
2.733,0.019226923
2.734,-0.031216301
2.735,0.012759843
2.736,-0.006641397
2.737,-0.017958787
2.738,0.019550277
2.739,-0.036066611
2.74,0.014699967
2.741,-0.005994689
2.742,-0.020545619
2.743,0.022460463
2.744,-0.034126487
2.745,0.012113135
2.746,-0.003407857
2.747,-0.020545619
2.748,0.018903569
2.749,-0.031539655
2.75,0.018256861
2.751,-0.006641397
2.752,-0.017635433
2.753,0.019873631
2.754,-0.035096549
2.755,0.014699967
2.756,-0.009874937
2.757,-0.020545619
2.758,0.022137109
2.759,-0.032186363
2.76,0.012436489
2.761,-0.003731211
2.762,-0.017958787
2.763,0.019550277
2.764,-0.032186363
2.765,0.015346675
2.766,-0.005994689
2.767,-0.017958787
2.768,0.023107171
2.769,-0.034449841
2.77,0.011789781
2.771,-0.003084503
2.772,-0.020545619
2.773,0.019226923
2.774,-0.031539655
2.775,0.012436489
2.776,-0.006641397
2.777,-0.017958787
2.778,0.019873631
2.779,-0.035096549
2.78,0.015670029
2.781,-0.005994689
2.782,-0.020868973
2.783,0.022783817
2.784,-0.034126487
2.785,0.011143073
2.786,-0.002761149
2.787,-0.020545619
2.788,0.019226923
2.789,-0.031539655
2.79,0.018256861
2.791,-0.005994689
2.792,-0.017635433
2.793,0.019550277
2.794,-0.034449841
2.795,0.015023321
2.796,-0.008581521
2.797,-0.020868973
2.798,0.022783817
2.799,-0.029599531
2.8,0.011466427
2.801,-0.003731211
2.802,-0.017312079
2.803,0.019873631
2.804,-0.031539655
2.805,0.015670029
2.806,-0.005671335
2.807,-0.017958787
2.808,0.023107171
2.809,-0.034126487
2.81,0.011466427
2.811,-0.002761149
2.812,-0.020545619
2.813,0.019550277
2.814,-0.031863009
2.815,0.012113135
2.816,-0.006318043
2.817,-0.017958787
2.818,0.019873631
2.819,-0.034449841
2.82,0.015023321
2.821,-0.005347981
2.822,-0.021192327
2.823,0.023107171
2.824,-0.034126487
2.825,0.011466427
2.826,-0.002761149
2.827,-0.021192327
2.828,0.019550277
2.829,-0.032186363
2.83,0.017933507
2.831,-0.005347981
2.832,-0.018282141
2.833,0.020520339
2.834,-0.035096549
2.835,0.014376613
2.836,-0.009874937
2.837,-0.021515681
2.838,0.022460463
2.839,-0.031539655
2.84,0.012113135
2.841,-0.003407857
2.842,-0.017635433
2.843,0.019873631
2.844,-0.032186363
2.845,0.014053259
2.846,-0.005994689
2.847,-0.018605495
2.848,0.023107171
2.849,-0.034773195
2.85,0.011466427
2.851,-0.002437795
2.852,-0.021192327
2.853,0.019550277
2.854,-0.031216301
2.855,0.012113135
2.856,-0.005671335
2.857,-0.017635433
2.858,0.020520339
2.859,-0.035096549
2.86,0.014053259
2.861,-0.005671335
2.862,-0.021839035
2.863,0.022460463
2.864,-0.034126487
2.865,0.011466427
2.866,-0.002437795
2.867,-0.021515681
2.868,0.019873631
2.869,-0.031539655
2.87,0.017286799
2.871,-0.005671335
2.872,-0.018282141
2.873,0.019550277
2.874,-0.035419903
2.875,0.013729905
2.876,-0.008581521
2.877,-0.020868973
2.878,0.023107171
2.879,-0.028952823
2.88,0.011466427
2.881,-0.002761149
2.882,-0.017635433
2.883,0.020520339
2.884,-0.031539655
2.885,0.014376613
2.886,-0.005347981
2.887,-0.018282141
2.888,0.023753879
2.889,-0.034449841
2.89,0.010819719
2.891,-0.002114441
2.892,-0.021192327
2.893,0.019550277
2.894,-0.031863009
2.895,0.011466427
2.896,-0.005671335
2.897,-0.018282141
2.898,0.020196985
2.899,-0.035096549
2.9,0.014053259
2.901,-0.005671335
2.902,-0.021515681
2.903,0.023107171
2.904,-0.034126487
2.905,0.010819719
2.906,-0.003084503
2.907,-0.021192327
2.908,0.020196985
2.909,-0.031863009
2.91,0.017933507
2.911,-0.005671335
2.912,-0.017958787
2.913,0.020196985
2.914,-0.034449841
2.915,0.014053259
2.916,-0.008904875
2.917,-0.021515681
2.918,0.023430525
2.919,-0.031863009
2.92,0.011143073
2.921,-0.002761149
2.922,-0.018282141
2.923,0.020196985
2.924,-0.031863009
2.925,0.014053259
2.926,-0.005347981
2.927,-0.019252203
2.928,0.023430525
2.929,-0.034126487
2.93,0.010819719
2.931,-0.002761149
2.932,-0.021515681
2.933,0.020520339
2.934,-0.031539655
2.935,0.010819719
2.936,-0.005024627
2.937,-0.018282141
2.938,0.020196985
2.939,-0.035096549
2.94,0.013729905
2.941,-0.005024627
2.942,-0.022162389
2.943,0.023107171
2.944,-0.034126487
2.945,0.010819719
2.946,-0.003407857
2.947,-0.021839035
2.948,0.020520339
2.949,-0.032186363
2.95,0.016640091
2.951,-0.005347981
2.952,-0.018605495
2.953,0.019873631
2.954,-0.034449841
2.955,0.013729905
2.956,-0.008258167
2.957,-0.021515681
2.958,0.023107171
2.959,-0.028952823
2.96,0.010496365
2.961,-0.002437795
2.962,-0.017958787
2.963,0.020520339
2.964,-0.031863009
2.965,0.013729905
2.966,-0.004701273
2.967,-0.018928849
2.968,0.023107171
2.969,-0.034126487
2.97,0.010819719
2.971,-0.002114441
2.972,-0.021839035
2.973,0.020196985
2.974,-0.031216301
2.975,0.010496365
2.976,-0.005671335
2.977,-0.018605495
2.978,0.020196985
2.979,-0.035096549
2.98,0.013406551
2.981,-0.004701273
2.982,-0.021515681
2.983,0.023107171
2.984,-0.034773195
2.985,0.011466427
2.986,-0.001791087
2.987,-0.021839035
2.988,0.020196985
2.989,-0.031863009
2.99,0.016963445
2.991,-0.005671335
2.992,-0.018605495
2.993,0.020843693
2.994,-0.034126487
2.995,0.013729905
2.996,-0.008581521
2.997,-0.021839035
2.998,0.023107171
2.999,-0.031539655
3,0.010819719
3.001,-0.001791087
3.002,-0.019575557
3.003,0.020843693
3.004,-0.031216301
3.005,0.013083197
3.006,-0.004377919
3.007,-0.019575557
3.008,0.023753879
3.009,-0.034773195
3.01,0.010173011
3.011,-0.002437795
3.012,-0.021515681
3.013,0.020196985
3.014,-0.031863009
3.015,0.010819719
3.016,-0.005024627
3.017,-0.019898911
3.018,0.020520339
3.019,-0.034126487
3.02,0.013406551
3.021,-0.004377919
3.022,-0.022162389
3.023,0.023753879
3.024,-0.034126487
3.025,0.010173011
3.026,-0.001467733
3.027,-0.021192327
3.028,0.019873631
3.029,-0.031539655
3.03,0.016963445
3.031,-0.004701273
3.032,-0.019575557
3.033,0.019873631
3.034,-0.034449841
3.035,0.012759843
3.036,-0.007611459
3.037,-0.021515681
3.038,0.023430525
3.039,-0.028629469
3.04,0.010173011
3.041,-0.002437795
3.042,-0.018282141
3.043,0.020520339
3.044,-0.032186363
3.045,0.013083197
3.046,-0.004377919
3.047,-0.019252203
3.048,0.023753879
3.049,-0.033803133
3.05,0.009849657
3.051,-0.002114441
3.052,-0.022162389
3.053,0.020520339
3.054,-0.030892947
3.055,0.010173011
3.056,-0.005671335
3.057,-0.019252203
3.058,0.020843693
3.059,-0.034773195
3.06,0.013729905
3.061,-0.004377919
3.062,-0.022162389
3.063,0.023753879
3.064,-0.033803133
3.065,0.009849657
3.066,-0.001467733
3.067,-0.021839035
3.068,0.020520339
3.069,-0.031539655
3.07,0.015670029
3.071,-0.005347981
3.072,-0.018928849
3.073,0.021167047
3.074,-0.034449841
3.075,0.012759843
3.076,-0.007934813
3.077,-0.022162389
3.078,0.023430525
3.079,-0.031216301
3.08,0.010173011
3.081,-0.001467733
3.082,-0.019252203
3.083,0.020843693
3.084,-0.031863009
3.085,0.013083197
3.086,-0.004054565
3.087,-0.019575557
3.088,0.023430525
3.089,-0.035096549
3.09,0.010496365
3.091,-0.000821025
3.092,-0.021515681
3.093,0.020520339
3.094,-0.031216301
3.095,0.010173011
3.096,-0.005347981
3.097,-0.018928849
3.098,0.020843693
3.099,-0.034773195
3.1,0.012759843
3.101,-0.004377919
3.102,-0.021839035
3.103,0.023753879
3.104,-0.034126487
3.105,0.010173011
3.106,-0.001467733
3.107,-0.021839035
3.108,0.020196985
3.109,-0.031216301
3.11,0.015993383
3.111,-0.004377919
3.112,-0.019898911
3.113,0.020843693
3.114,-0.034126487
3.115,0.012113135
3.116,-0.007611459
3.117,-0.022162389
3.118,0.023430525
3.119,-0.028629469
3.12,0.010496365
3.121,-0.001467733
3.122,-0.019575557
3.123,0.020843693
3.124,-0.031539655
3.125,0.013083197
3.126,-0.004377919
3.127,-0.020545619
3.128,0.025047295
3.129,-0.034449841
3.13,0.009202949
3.131,-0.001144379
3.132,-0.022162389
3.133,0.020196985
3.134,-0.031539655
3.135,0.010173011
3.136,-0.004701273
3.137,-0.019575557
3.138,0.020843693
3.139,-0.034126487
3.14,0.012759843
3.141,-0.004054565
3.142,-0.022809097
3.143,0.024400587
3.144,-0.033803133
3.145,0.009202949
3.146,-0.000821025
3.147,-0.022809097
3.148,0.020196985
3.149,-0.031539655
3.15,0.015346675
3.151,-0.004377919
3.152,-0.019575557
3.153,0.021167047
3.154,-0.034449841
3.155,0.012436489
3.156,-0.007611459
3.157,-0.022809097
3.158,0.024400587
3.159,-0.030569593
3.16,0.009202949
3.161,-0.001467733
3.162,-0.019575557
3.163,0.020520339
3.164,-0.031539655
3.165,0.012436489
3.166,-0.004054565
3.167,-0.019575557
3.168,0.024077233
3.169,-0.034773195
3.17,0.009202949
3.171,-0.001144379
3.172,-0.022809097
3.173,0.020843693
3.174,-0.030569593
3.175,0.009202949
3.176,-0.003731211
3.177,-0.019575557
3.178,0.021167047
3.179,-0.033803133
3.18,0.012436489
3.181,-0.004377919
3.182,-0.022485743
3.183,0.023753879
3.184,-0.033803133
3.185,0.009526303
3.186,-0.000821025
3.187,-0.022485743
3.188,0.021490401
3.189,-0.030892947
3.19,0.014376613
3.191,-0.003731211
3.192,-0.019898911
3.193,0.021167047
3.194,-0.034126487
3.195,0.012436489
3.196,-0.006641397
3.197,-0.022485743
3.198,0.024077233
3.199,-0.027982761
3.2,0.009849657
3.201,-0.001144379
3.202,-0.019575557
3.203,0.020843693
3.204,-0.030892947
3.205,0.012759843
3.206,-0.004054565
3.207,-0.019575557
3.208,0.023753879
3.209,-0.034126487
3.21,0.009202949
3.211,-0.000821025
3.212,-0.022485743
3.213,0.020520339
3.214,-0.030569593
3.215,0.008879595
3.216,-0.004054565
3.217,-0.019898911
3.218,0.021167047
3.219,-0.033803133
3.22,0.012436489
3.221,-0.003731211
3.222,-0.022485743
3.223,0.024077233
3.224,-0.033479779
3.225,0.009202949
3.226,-0.000821025
3.227,-0.022485743
3.228,0.021167047
3.229,-0.030892947
3.23,0.015023321
3.231,-0.004054565
3.232,-0.020222265
3.233,0.021813755
3.234,-0.033479779
3.235,0.011466427
3.236,-0.006964751
3.237,-0.022809097
3.238,0.023753879
3.239,-0.030892947
3.24,0.009202949
3.241,-0.000497671
3.242,-0.019898911
3.243,0.021167047
3.244,-0.030892947
3.245,0.012759843
3.246,-0.003731211
3.247,-0.019898911
3.248,0.024077233
3.249,-0.034126487
3.25,0.008556241
3.251,-0.001144379
3.252,-0.022809097
3.253,0.020843693
3.254,-0.030569593
3.255,0.009849657
3.256,-0.004054565
3.257,-0.020222265
3.258,0.021167047
3.259,-0.033479779
3.26,0.012113135
3.261,-0.003407857
3.262,-0.023132451
3.263,0.024400587
3.264,-0.033803133
3.265,0.009202949
3.266,-0.000821025
3.267,-0.022809097
3.268,0.021167047
3.269,-0.031539655
3.27,0.015346675
3.271,-0.004054565
3.272,-0.020868973
3.273,0.020196985
3.274,-0.033479779
3.275,0.011789781
3.276,-0.005024627
3.277,-0.022809097
3.278,0.024077233
3.279,-0.027336053
3.28,0.008879595
3.281,-0.001144379
3.282,-0.019898911
3.283,0.021167047
3.284,-0.031216301
3.285,0.011789781
3.286,-0.003407857
3.287,-0.021192327
3.288,0.023753879
3.289,-0.033156425
3.29,0.009526303
3.291,-0.000174317
3.292,-0.022809097
3.293,0.021490401
3.294,-0.030892947
3.295,0.008556241
3.296,-0.003407857
3.297,-0.020545619
3.298,0.021490401
3.299,-0.034126487
3.3,0.011789781
3.301,-0.003084503
3.302,-0.023455805
3.303,0.023753879
3.304,-0.033479779
3.305,0.008879595
3.306,-0.000497671
3.307,-0.022809097
3.308,0.020843693
3.309,-0.030892947
3.31,0.014376613
3.311,-0.003407857
3.312,-0.020545619
3.313,0.021813755
3.314,-0.034449841
3.315,0.011789781
3.316,-0.006641397
3.317,-0.023132451
3.318,0.023753879
3.319,-0.029922885
3.32,0.008879595
3.321,-0.000821025
3.322,-0.020545619
3.323,0.021813755
3.324,-0.031539655
3.325,0.013729905
3.326,-0.003084503
3.327,-0.020222265
3.328,0.024723941
3.329,-0.033479779
3.33,0.008556241
3.331,0.000472391
3.332,-0.023132451
3.333,0.021167047
3.334,-0.030569593
3.335,0.008556241
3.336,-0.002761149
3.337,-0.020545619
3.338,0.021813755
3.339,-0.033479779
3.34,0.011143073
3.341,-0.002437795
3.342,-0.023455805
3.343,0.024400587
3.344,-0.033479779
3.345,0.008232887
3.346,-0.000497671
3.347,-0.023132451
3.348,0.020196985
3.349,-0.031216301
3.35,0.014376613
3.351,-0.003084503
3.352,-0.020545619
3.353,0.020520339
3.354,-0.033479779
3.355,0.010496365
3.356,-0.005994689
3.357,-0.022809097
3.358,0.023430525
3.359,-0.027659407
3.36,0.008556241
3.361,0.000149037
3.362,-0.020545619
3.363,0.021167047
3.364,-0.030246239
3.365,0.011143073
3.366,-0.002761149
3.367,-0.020545619
3.368,0.024723941
3.369,-0.032833071
3.37,0.007909533
3.371,-0.000174317
3.372,-0.023455805
3.373,0.021813755
3.374,-0.030892947
3.375,0.008556241
3.376,-0.002761149
3.377,-0.020868973
3.378,0.021813755
3.379,-0.033156425
3.38,0.010819719
3.381,-0.002761149
3.382,-0.023779159
3.383,0.025047295
3.384,-0.032833071
3.385,0.007909533
3.386,-0.000174317
3.387,-0.023455805
3.388,0.021813755
3.389,-0.030892947
3.39,0.013729905
3.391,-0.003084503
3.392,-0.020868973
3.393,0.020843693
3.394,-0.033156425
3.395,0.011466427
3.396,-0.006318043
3.397,-0.023779159
3.398,0.024400587
3.399,-0.029599531
3.4,0.007909533
3.401,0.000795745
3.402,-0.019898911
3.403,0.021813755
3.404,-0.030569593
3.405,0.011466427
3.406,-0.001791087
3.407,-0.021192327
3.408,0.024077233
3.409,-0.033479779
3.41,0.007909533
3.411,-0.000174317
3.412,-0.024102513
3.413,0.021167047
3.414,-0.030569593
3.415,0.007586179
3.416,-0.002761149
3.417,-0.020545619
3.418,0.021813755
3.419,-0.033803133
3.42,0.010819719
3.421,-0.002114441
3.422,-0.024102513
3.423,0.023430525
3.424,-0.033156425
3.425,0.007909533
3.426,0.000149037
3.427,-0.023779159
3.428,0.021813755
3.429,-0.030246239
3.43,0.014053259
3.431,-0.002437795
3.432,-0.020545619
3.433,0.021167047
3.434,-0.033156425
3.435,0.010496365
3.436,-0.005347981
3.437,-0.023455805
3.438,0.024077233
3.439,-0.027336053
3.44,0.008556241
3.441,0.000472391
3.442,-0.020868973
3.443,0.021490401
3.444,-0.030569593
3.445,0.010173011
3.446,-0.002761149
3.447,-0.021515681
3.448,0.025047295
3.449,-0.033156425
3.45,0.007586179
3.451,0.000795745
3.452,-0.023779159
3.453,0.020843693
3.454,-0.030246239
3.455,0.008232887
3.456,-0.002114441
3.457,-0.021192327
3.458,0.021490401
3.459,-0.033479779
3.46,0.010496365
3.461,-0.002761149
3.462,-0.024425867
3.463,0.024400587
3.464,-0.032509717
3.465,0.007586179
3.466,0.000472391
3.467,-0.024102513
3.468,0.020843693
3.469,-0.030569593
3.47,0.013083197
3.471,-0.002437795
3.472,-0.021515681
3.473,0.021813755
3.474,-0.032833071
3.475,0.010173011
3.476,-0.005994689
3.477,-0.024102513
3.478,0.024723941
3.479,-0.029599531
3.48,0.007909533
3.481,0.001119099
3.482,-0.020545619
3.483,0.021813755
3.484,-0.030569593
3.485,0.010819719
3.486,-0.001791087
3.487,-0.021515681
3.488,0.024723941
3.489,-0.032509717
3.49,0.007262825
3.491,0.000795745
3.492,-0.023779159
3.493,0.021490401
3.494,-0.029599531
3.495,0.007909533
3.496,-0.002114441
3.497,-0.021515681
3.498,0.021813755
3.499,-0.032833071
3.5,0.010819719
3.501,-0.002114441
3.502,-0.024102513
3.503,0.024723941
3.504,-0.033156425
3.505,0.007262825
3.506,0.000472391
3.507,-0.024102513
3.508,0.021490401
3.509,-0.030246239
3.51,0.013406551
3.511,-0.001791087
3.512,-0.021515681
3.513,0.020843693
3.514,-0.033479779
3.515,0.010496365
3.516,-0.003407857
3.517,-0.024425867
3.518,0.024400587
3.519,-0.026689345
3.52,0.006616117
3.521,0.000472391
3.522,-0.021192327
3.523,0.021490401
3.524,-0.030246239
3.525,0.009849657
3.526,-0.001467733
3.527,-0.022162389
3.528,0.024400587
3.529,-0.032833071
3.53,0.006939471
3.531,0.001119099
3.532,-0.024749221
3.533,0.020843693
3.534,-0.030246239
3.535,0.006939471
3.536,-0.002114441
3.537,-0.021192327
3.538,0.022137109
3.539,-0.032509717
3.54,0.010496365
3.541,-0.001791087
3.542,-0.024425867
3.543,0.024077233
3.544,-0.032509717
3.545,0.006939471
3.546,0.001442453
3.547,-0.024749221
3.548,0.021167047
3.549,-0.029599531
3.55,0.012113135
3.551,-0.002114441
3.552,-0.021515681
3.553,0.021490401
3.554,-0.032833071
3.555,0.010173011
3.556,-0.004054565
3.557,-0.025072575
3.558,0.024400587
3.559,-0.028306115
3.56,0.007586179
3.561,0.001119099
3.562,-0.021839035
3.563,0.022137109
3.564,-0.029276177
3.565,0.009849657
3.566,-0.002114441
3.567,-0.021192327
3.568,0.025047295
3.569,-0.032186363
3.57,0.006939471
3.571,0.001765807
3.572,-0.024425867
3.573,0.021813755
3.574,-0.029599531
3.575,0.007262825
3.576,-0.002437795
3.577,-0.021515681
3.578,0.021813755
3.579,-0.032509717
3.58,0.009849657
3.581,-0.001467733
3.582,-0.025719283
3.583,0.025047295
3.584,-0.031863009
3.585,0.006292763
3.586,0.002089161
3.587,-0.024749221
3.588,0.021813755
3.589,-0.029922885
3.59,0.012759843
3.591,-0.001144379
3.592,-0.021839035
3.593,0.021490401
3.594,-0.032509717
3.595,0.009202949
3.596,-0.004701273
3.597,-0.025395929
3.598,0.025047295
3.599,-0.026042637
3.6,0.006616117
3.601,0.001119099
3.602,-0.021515681
3.603,0.021167047
3.604,-0.029922885
3.605,0.009526303
3.606,-0.001467733
3.607,-0.022485743
3.608,0.024723941
3.609,-0.032509717
3.61,0.006616117
3.611,0.001442453
3.612,-0.024749221
3.613,0.021167047
3.614,-0.029599531
3.615,0.006292763
3.616,-0.001467733
3.617,-0.021839035
3.618,0.021167047
3.619,-0.032833071
3.62,0.009526303
3.621,-0.001144379
3.622,-0.024749221
3.623,0.024723941
3.624,-0.032509717
3.625,0.006292763
3.626,0.000795745
3.627,-0.025072575
3.628,0.021813755
3.629,-0.029922885
3.63,0.011789781
3.631,-0.001144379
3.632,-0.021515681
3.633,0.021490401
3.634,-0.032509717
3.635,0.009526303
3.636,-0.004701273
3.637,-0.025072575
3.638,0.024400587
3.639,-0.028629469
3.64,0.006292763
3.641,0.001442453
3.642,-0.022162389
3.643,0.022137109
3.644,-0.029276177
3.645,0.008879595
3.646,-0.000497671
3.647,-0.022485743
3.648,0.024723941
3.649,-0.032186363
3.65,0.006292763
3.651,0.001765807
3.652,-0.025072575
3.653,0.021813755
3.654,-0.029276177
3.655,0.006616117
3.656,-0.001467733
3.657,-0.021839035
3.658,0.022137109
3.659,-0.032509717
3.66,0.009202949
3.661,-0.001467733
3.662,-0.025072575
3.663,0.024723941
3.664,-0.032186363
3.665,0.005969409
3.666,0.001765807
3.667,-0.025719283
3.668,0.021490401
3.669,-0.029599531
3.67,0.011466427
3.671,-0.001791087
3.672,-0.022162389
3.673,0.021490401
3.674,-0.032186363
3.675,0.009202949
3.676,-0.003407857
3.677,-0.025072575
3.678,0.024400587
3.679,-0.025719283
3.68,0.006292763
3.681,0.001765807
3.682,-0.022162389
3.683,0.022137109
3.684,-0.029276177
3.685,0.009849657
3.686,-0.001467733
3.687,-0.022485743
3.688,0.025370649
3.689,-0.032186363
3.69,0.006292763
3.691,0.002412515
3.692,-0.025072575
3.693,0.021490401
3.694,-0.029276177
3.695,0.006292763
3.696,-0.001467733
3.697,-0.022809097
3.698,0.022137109
3.699,-0.031863009
3.7,0.009202949
3.701,-0.001467733
3.702,-0.026042637
3.703,0.024723941
3.704,-0.032509717
3.705,0.005969409
3.706,0.002089161
3.707,-0.024425867
3.708,0.021813755
3.709,-0.029276177
3.71,0.011143073
3.711,-0.000497671
3.712,-0.022485743
3.713,0.021490401
3.714,-0.031863009
3.715,0.008556241
3.716,-0.003407857
3.717,-0.025395929
3.718,0.025694003
3.719,-0.027012699
3.72,0.005969409
3.721,0.001442453
3.722,-0.022162389
3.723,0.022137109
3.724,-0.029599531
3.725,0.009202949
3.726,-0.000174317
3.727,-0.022809097
3.728,0.024723941
3.729,-0.031216301
3.73,0.005969409
3.731,0.002089161
3.732,-0.025072575
3.733,0.021813755
3.734,-0.028629469
3.735,0.005646055
3.736,-0.000821025
3.737,-0.022162389
3.738,0.021813755
3.739,-0.031863009
3.74,0.008556241
3.741,-0.000821025
3.742,-0.026042637
3.743,0.025047295
3.744,-0.031863009
3.745,0.005969409
3.746,0.001765807
3.747,-0.025395929
3.748,0.021813755
3.749,-0.029276177
3.75,0.011143073
3.751,-0.001144379
3.752,-0.022162389
3.753,0.022137109
3.754,-0.031863009
3.755,0.008879595
3.756,-0.001467733
3.757,-0.026042637
3.758,0.024077233
3.759,-0.025072575
3.76,0.005969409
3.761,0.001765807
3.762,-0.023132451
3.763,0.022137109
3.764,-0.029276177
3.765,0.008556241
3.766,-0.000497671
3.767,-0.022485743
3.768,0.024400587
3.769,-0.032509717
3.77,0.004999347
3.771,0.002735869
3.772,-0.025395929
3.773,0.021813755
3.774,-0.028629469
3.775,0.005646055
3.776,-0.001467733
3.777,-0.022485743
3.778,0.022137109
3.779,-0.031863009
3.78,0.008556241
3.781,-0.000174317
3.782,-0.025719283
3.783,0.024723941
3.784,-0.031539655
3.785,0.004999347
3.786,0.002735869
3.787,-0.025719283
3.788,0.022460463
3.789,-0.029276177
3.79,0.011466427
3.791,-0.000497671
3.792,-0.022809097
3.793,0.022137109
3.794,-0.031863009
3.795,0.008232887
3.796,-0.004054565
3.797,-0.025719283
3.798,0.024400587
3.799,-0.027659407
3.8,0.004999347
3.801,0.002412515
3.802,-0.023132451
3.803,0.022137109
3.804,-0.028629469
3.805,0.008879595
3.806,0.000149037
3.807,-0.023132451
3.808,0.025370649
3.809,-0.031539655
3.81,0.004999347
3.811,0.002412515
3.812,-0.025719283
3.813,0.021490401
3.814,-0.029599531
3.815,0.005969409
3.816,-0.000174317
3.817,-0.022809097
3.818,0.021813755
3.819,-0.031863009
3.82,0.008879595
3.821,-0.000497671
3.822,-0.025719283
3.823,0.024723941
3.824,-0.031216301
3.825,0.005322701
3.826,0.002735869
3.827,-0.026365991
3.828,0.021813755
3.829,-0.029276177
3.83,0.010496365
3.831,0.000149037
3.832,-0.023132451
3.833,0.021490401
3.834,-0.031863009
3.835,0.008232887
3.836,-0.003407857
3.837,-0.026042637
3.838,0.024723941
3.839,-0.025072575
3.84,0.005969409
3.841,0.002735869
3.842,-0.022809097
3.843,0.022460463
3.844,-0.029276177
3.845,0.008879595
3.846,0.000149037
3.847,-0.023455805
3.848,0.024723941
3.849,-0.031539655
3.85,0.004675993
3.851,0.002735869
3.852,-0.026042637
3.853,0.021490401
3.854,-0.028306115
3.855,0.005322701
3.856,-0.000497671
3.857,-0.022485743
3.858,0.022460463
3.859,-0.032186363
3.86,0.008556241
3.861,0.000149037
3.862,-0.026042637
3.863,0.024400587
3.864,-0.031216301
3.865,0.005322701
3.866,0.002735869
3.867,-0.026365991
3.868,0.022137109
3.869,-0.028629469
3.87,0.010173011
3.871,0.000149037
3.872,-0.023132451
3.873,0.022137109
3.874,-0.031539655
3.875,0.008232887
3.876,-0.002437795
3.877,-0.026042637
3.878,0.024723941
3.879,-0.027012699
3.88,0.005646055
3.881,0.002735869
3.882,-0.023132451
3.883,0.022137109
3.884,-0.028629469
3.885,0.008232887
3.886,-0.000174317
3.887,-0.023132451
3.888,0.025047295
3.889,-0.031539655
3.89,0.004999347
3.891,0.003705931
3.892,-0.026042637
3.893,0.021813755
3.894,-0.027982761
3.895,0.005322701
3.896,-0.000497671
3.897,-0.023455805
3.898,0.022460463
3.899,-0.031539655
3.9,0.008232887
3.901,0.000149037
3.902,-0.026365991
3.903,0.025370649
3.904,-0.030892947
3.905,0.004675993
3.906,0.003705931
3.907,-0.026042637
3.908,0.021490401
3.909,-0.028629469
3.91,0.010496365
3.911,0.000149037
3.912,-0.023132451
3.913,0.021813755
3.914,-0.031216301
3.915,0.007586179
3.916,-0.000821025
3.917,-0.026365991
3.918,0.024723941
3.919,-0.025395929
3.92,0.004999347
3.921,0.003382577
3.922,-0.023132451
3.923,0.021490401
3.924,-0.028629469
3.925,0.008556241
3.926,0.000149037
3.927,-0.023455805
3.928,0.025047295
3.929,-0.031216301
3.93,0.004675993
3.931,0.003059223
3.932,-0.025719283
3.933,0.022783817
3.934,-0.028629469
3.935,0.005322701
3.936,0.000149037
3.937,-0.023455805
3.938,0.021490401
3.939,-0.031216301
3.94,0.008232887
3.941,0.000795745
3.942,-0.026042637
3.943,0.025694003
3.944,-0.030892947
3.945,0.004352639
3.946,0.003705931
3.947,-0.026042637
3.948,0.021490401
3.949,-0.028629469
3.95,0.009849657
3.951,0.000149037
3.952,-0.023132451
3.953,0.021813755
3.954,-0.031216301
3.955,0.008232887
3.956,-0.002114441
3.957,-0.026689345
3.958,0.025047295
3.959,-0.026042637
3.96,0.004999347
3.961,0.003059223
3.962,-0.022809097
3.963,0.022460463
3.964,-0.028952823
3.965,0.007909533
3.966,0.000472391
3.967,-0.023455805
3.968,0.024723941
3.969,-0.031216301
3.97,0.004999347
3.971,0.003382577
3.972,-0.027336053
3.973,0.021813755
3.974,-0.027982761
3.975,0.004675993
3.976,0.000472391
3.977,-0.023779159
3.978,0.022460463
3.979,-0.031863009
3.98,0.007262825
3.981,0.000472391
3.982,-0.027336053
3.983,0.025047295
3.984,-0.031539655
3.985,0.004675993
3.986,0.003382577
3.987,-0.026689345
3.988,0.021813755
3.989,-0.028306115
3.99,0.010173011
3.991,0.000472391
3.992,-0.023455805
3.993,0.022460463
3.994,-0.031539655
3.995,0.007909533
3.996,-0.001791087
3.997,-0.026689345
3.998,0.025047295
3.999,-0.024425867
4,0.004999347
4.001,0.003382577
4.002,-0.024102513
4.003,0.021813755
4.004,-0.027982761
4.005,0.007909533
4.006,0.000795745
4.007,-0.023779159
4.008,0.025370649
4.009,-0.030892947
4.01,0.004352639
4.011,0.004352639
4.012,-0.026689345
4.013,0.021813755
4.014,-0.028306115
4.015,0.004352639
4.016,0.000795745
4.017,-0.023455805
4.018,0.022137109
4.019,-0.031216301
4.02,0.007586179
4.021,0.001119099
4.022,-0.026689345
4.023,0.025370649
4.024,-0.031539655
4.025,0.004675993
4.026,0.003705931
4.027,-0.026365991
4.028,0.021813755
4.029,-0.028306115
4.03,0.009202949
4.031,0.000149037
4.032,-0.024425867
4.033,0.021813755
4.034,-0.031216301
4.035,0.007586179
4.036,-0.002114441
4.037,-0.026689345
4.038,0.025694003
4.039,-0.026365991
4.04,0.004352639
4.041,0.003382577
4.042,-0.024102513
4.043,0.022137109
4.044,-0.028306115
4.045,0.007262825
4.046,0.001119099
4.047,-0.024425867
4.048,0.025047295
4.049,-0.030569593
4.05,0.004029285
4.051,0.004675993
4.052,-0.027336053
4.053,0.022137109
4.054,-0.027982761
4.055,0.004999347
4.056,0.001119099
4.057,-0.024102513
4.058,0.022460463
4.059,-0.031216301
4.06,0.007262825
4.061,0.001119099
4.062,-0.027336053
4.063,0.025370649
4.064,-0.030569593
4.065,0.003705931
4.066,0.004029285
4.067,-0.026689345
4.068,0.021813755
4.069,-0.027982761
4.07,0.008879595
4.071,0.000795745
4.072,-0.024102513
4.073,0.021490401
4.074,-0.031216301
4.075,0.007909533
4.076,-0.000821025
4.077,-0.027012699
4.078,0.024400587
4.079,-0.023455805
4.08,0.004352639
4.081,0.004029285
4.082,-0.024102513
4.083,0.021813755
4.084,-0.028306115
4.085,0.007262825
4.086,0.001119099
4.087,-0.024425867
4.088,0.025370649
4.089,-0.030569593
4.09,0.004352639
4.091,0.004352639
4.092,-0.027012699
4.093,0.022460463
4.094,-0.028306115
4.095,0.004352639
4.096,0.000795745
4.097,-0.024425867
4.098,0.021813755
4.099,-0.030892947
4.1,0.006292763
4.101,0.000795745
4.102,-0.027336053
4.103,0.025047295
4.104,-0.030569593
4.105,0.003705931
4.106,0.004352639
4.107,-0.027012699
4.108,0.021813755
4.109,-0.027659407
4.11,0.008556241
4.111,0.001119099
4.112,-0.024749221
4.113,0.022137109
4.114,-0.030892947
4.115,0.006616117
4.116,-0.001144379
4.117,-0.027336053
4.118,0.024723941
4.119,-0.025719283
4.12,0.004352639
4.121,0.004675993
4.122,-0.024749221
4.123,0.023107171
4.124,-0.027982761
4.125,0.007262825
4.126,0.001765807
4.127,-0.024749221
4.128,0.025694003
4.129,-0.030246239
4.13,0.003059223
4.131,0.004675993
4.132,-0.027012699
4.133,0.021813755
4.134,-0.027659407
4.135,0.004352639
4.136,0.001442453
4.137,-0.024749221
4.138,0.022783817
4.139,-0.030892947
4.14,0.006939471
4.141,0.002089161
4.142,-0.028306115
4.143,0.025694003
4.144,-0.029922885
4.145,0.003705931
4.146,0.004675993
4.147,-0.026365991
4.148,0.022137109
4.149,-0.027659407
4.15,0.008879595
4.151,0.001765807
4.152,-0.024425867
4.153,0.021490401
4.154,-0.030892947
4.155,0.006939471
4.156,0.001442453
4.157,-0.027336053
4.158,0.025047295
4.159,-0.024102513
4.16,0.003382577
4.161,0.004029285
4.162,-0.024102513
4.163,0.022137109
4.164,-0.027659407
4.165,0.007262825
4.166,0.001765807
4.167,-0.025395929
4.168,0.025694003
4.169,-0.030246239
4.17,0.003705931
4.171,0.004352639
4.172,-0.027982761
4.173,0.022783817
4.174,-0.027336053
4.175,0.003705931
4.176,0.001765807
4.177,-0.024425867
4.178,0.022460463
4.179,-0.030892947
4.18,0.006939471
4.181,0.002412515
4.182,-0.027982761
4.183,0.025047295
4.184,-0.030246239
4.185,0.003705931
4.186,0.004999347
4.187,-0.027659407
4.188,0.022783817
4.189,-0.027012699
4.19,0.008232887
4.191,0.001442453
4.192,-0.024749221
4.193,0.022137109
4.194,-0.029922885
4.195,0.006939471
4.196,-0.000497671
4.197,-0.028306115
4.198,0.025047295
4.199,-0.024749221
4.2,0.003382577
4.201,0.004675993
4.202,-0.024425867
4.203,0.022137109
4.204,-0.027336053
4.205,0.006292763
4.206,0.001765807
4.207,-0.024749221
4.208,0.025370649
4.209,-0.030246239
4.21,0.003382577
4.211,0.005322701
4.212,-0.027336053
4.213,0.021813755
4.214,-0.027336053
4.215,0.004029285
4.216,0.001442453
4.217,-0.025395929
4.218,0.022783817
4.219,-0.030569593
4.22,0.006616117
4.221,0.003059223
4.222,-0.028306115
4.223,0.025047295
4.224,-0.030246239
4.225,0.003059223
4.226,0.004999347
4.227,-0.027659407
4.228,0.022137109
4.229,-0.027659407
4.23,0.008232887
4.231,0.002089161
4.232,-0.024749221
4.233,0.022137109
4.234,-0.030246239
4.235,0.005969409
4.236,-0.001144379
4.237,-0.028306115
4.238,0.025047295
4.239,-0.023779159
4.24,0.003382577
4.241,0.005322701
4.242,-0.025072575
4.243,0.022460463
4.244,-0.027659407
4.245,0.006939471
4.246,0.002412515
4.247,-0.025395929
4.248,0.025370649
4.249,-0.029599531
4.25,0.003382577
4.251,0.005322701
4.252,-0.027336053
4.253,0.022137109
4.254,-0.027012699
4.255,0.003382577
4.256,0.003059223
4.257,-0.025072575
4.258,0.021490401
4.259,-0.029922885
4.26,0.006292763
4.261,0.002412515
4.262,-0.028629469
4.263,0.025047295
4.264,-0.029922885
4.265,0.003059223
4.266,0.004999347
4.267,-0.027659407
4.268,0.022137109
4.269,-0.027336053
4.27,0.007262825
4.271,0.002735869
4.272,-0.025719283
4.273,0.021813755
4.274,-0.029922885
4.275,0.005969409
4.276,-0.000497671
4.277,-0.028629469
4.278,0.024723941
4.279,-0.023455805
4.28,0.003059223
4.281,0.005322701
4.282,-0.024425867
4.283,0.022137109
4.284,-0.027659407
4.285,0.005969409
4.286,0.002412515
4.287,-0.025395929
4.288,0.024400587
4.289,-0.029599531
4.29,0.002735869
4.291,0.005322701
4.292,-0.028306115
4.293,0.021813755
4.294,-0.027012699
4.295,0.002735869
4.296,0.002412515
4.297,-0.025395929
4.298,0.022783817
4.299,-0.030246239
4.3,0.005969409
4.301,0.003059223
4.302,-0.028306115
4.303,0.025047295
4.304,-0.029599531
4.305,0.003382577
4.306,0.006292763
4.307,-0.028306115
4.308,0.022137109
4.309,-0.027012699
4.31,0.007586179
4.311,0.002412515
4.312,-0.025395929
4.313,0.022460463
4.314,-0.030246239
4.315,0.005646055
4.316,0.002412515
4.317,-0.027982761
4.318,0.025047295
4.319,-0.023455805
4.32,0.003382577
4.321,0.005646055
4.322,-0.025395929
4.323,0.021813755
4.324,-0.027012699
4.325,0.005322701
4.326,0.002735869
4.327,-0.025719283
4.328,0.025047295
4.329,-0.029922885
4.33,0.002412515
4.331,0.005969409
4.332,-0.028306115
4.333,0.021490401
4.334,-0.027012699
4.335,0.002735869
4.336,0.002735869
4.337,-0.025719283
4.338,0.022137109
4.339,-0.029922885
4.34,0.005646055
4.341,0.003059223
4.342,-0.028629469
4.343,0.025370649
4.344,-0.029599531
4.345,0.002412515
4.346,0.005969409
4.347,-0.028952823
4.348,0.022137109
4.349,-0.026689345
4.35,0.006939471
4.351,0.003059223
4.352,-0.025719283
4.353,0.022137109
4.354,-0.028952823
4.355,0.005322701
4.356,0.000472391
4.357,-0.028629469
4.358,0.024400587
4.359,-0.024749221
4.36,0.002735869
4.361,0.006292763
4.362,-0.025072575
4.363,0.022460463
4.364,-0.026689345
4.365,0.005969409
4.366,0.003382577
4.367,-0.026365991
4.368,0.025047295
4.369,-0.029276177
4.37,0.002412515
4.371,0.006292763
4.372,-0.028629469
4.373,0.022460463
4.374,-0.026365991
4.375,0.003059223
4.376,0.002735869
4.377,-0.025072575
4.378,0.021813755
4.379,-0.029922885
4.38,0.005322701
4.381,0.003705931
4.382,-0.029276177
4.383,0.025047295
4.384,-0.029599531
4.385,0.002412515
4.386,0.005969409
4.387,-0.028629469
4.388,0.022137109
4.389,-0.026042637
4.39,0.006616117
4.391,0.003382577
4.392,-0.025395929
4.393,0.021490401
4.394,-0.029276177
4.395,0.004999347
4.396,0.000472391
4.397,-0.028629469
4.398,0.024723941
4.399,-0.022809097
4.4,0.002089161
4.401,0.005969409
4.402,-0.025072575
4.403,0.022783817
4.404,-0.026689345
4.405,0.004999347
4.406,0.003382577
4.407,-0.025719283
4.408,0.024400587
4.409,-0.029922885
4.41,0.002412515
4.411,0.006939471
4.412,-0.028629469
4.413,0.021813755
4.414,-0.026689345
4.415,0.002412515
4.416,0.003382577
4.417,-0.026042637
4.418,0.022137109
4.419,-0.029599531
4.42,0.004675993
4.421,0.003705931
4.422,-0.029599531
4.423,0.025047295
4.424,-0.029599531
4.425,0.002089161
4.426,0.007262825
4.427,-0.028306115
4.428,0.021490401
4.429,-0.025719283
4.43,0.006616117
4.431,0.003059223
4.432,-0.025719283
4.433,0.022137109
4.434,-0.029276177
4.435,0.004675993
4.436,0.001765807
4.437,-0.028306115
4.438,0.024723941
4.439,-0.023779159
4.44,0.002089161
4.441,0.006616117
4.442,-0.026042637
4.443,0.022137109
4.444,-0.026042637
4.445,0.004999347
4.446,0.004029285
4.447,-0.026042637
4.448,0.025370649
4.449,-0.029276177
4.45,0.002089161
4.451,0.006939471
4.452,-0.028629469
4.453,0.021490401
4.454,-0.025719283
4.455,0.002412515
4.456,0.003705931
4.457,-0.025719283
4.458,0.021490401
4.459,-0.029276177
4.46,0.004999347
4.461,0.004029285
4.462,-0.029276177
4.463,0.025047295
4.464,-0.028952823
4.465,0.002412515
4.466,0.006939471
4.467,-0.027982761
4.468,0.021490401
4.469,-0.026689345
4.47,0.006616117
4.471,0.004029285
4.472,-0.026365991
4.473,0.020843693
4.474,-0.028306115
4.475,0.004999347
4.476,0.003705931
4.477,-0.028952823
4.478,0.024723941
4.479,-0.022485743
4.48,0.001442453
4.481,0.006939471
4.482,-0.025395929
4.483,0.022137109
4.484,-0.026042637
4.485,0.005322701
4.486,0.004352639
4.487,-0.026042637
4.488,0.025047295
4.489,-0.028952823
4.49,0.001765807
4.491,0.007262825
4.492,-0.028952823
4.493,0.021490401
4.494,-0.026042637
4.495,0.001765807
4.496,0.004029285
4.497,-0.026365991
4.498,0.021813755
4.499,-0.029276177
4.5,0.004999347
4.501,0.004352639
4.502,-0.029276177
4.503,0.024723941
4.504,-0.028629469
4.505,0.001765807
4.506,0.006616117
4.507,-0.028629469
4.508,0.022137109
4.509,-0.026042637
4.51,0.005646055
4.511,0.004352639
4.512,-0.026689345
4.513,0.021490401
4.514,-0.029276177
4.515,0.004675993
4.516,0.001765807
4.517,-0.029276177
4.518,0.024077233
4.519,-0.022809097
4.52,0.001765807
4.521,0.006939471
4.522,-0.025719283
4.523,0.022137109
4.524,-0.025719283
4.525,0.005322701
4.526,0.004352639
4.527,-0.026365991
4.528,0.025047295
4.529,-0.028629469
4.53,0.001442453
4.531,0.007909533
4.532,-0.028952823
4.533,0.021490401
4.534,-0.025395929
4.535,0.001765807
4.536,0.004029285
4.537,-0.026689345
4.538,0.022460463
4.539,-0.028629469
4.54,0.004675993
4.541,0.004352639
4.542,-0.028952823
4.543,0.025694003
4.544,-0.028952823
4.545,0.001442453
4.546,0.007262825
4.547,-0.028952823
4.548,0.021167047
4.549,-0.026042637
4.55,0.005969409
4.551,0.004352639
4.552,-0.027012699
4.553,0.022137109
4.554,-0.028306115
4.555,0.004352639
4.556,0.003705931
4.557,-0.029599531
4.558,0.024723941
4.559,-0.021839035
4.56,0.002089161
4.561,0.007909533
4.562,-0.025719283
4.563,0.021813755
4.564,-0.025719283
4.565,0.004999347
4.566,0.004029285
4.567,-0.026689345
4.568,0.025047295
4.569,-0.028629469
4.57,0.001442453
4.571,0.007909533
4.572,-0.028952823
4.573,0.021490401
4.574,-0.025719283
4.575,0.001765807
4.576,0.004675993
4.577,-0.026365991
4.578,0.021490401
4.579,-0.028629469
4.58,0.004029285
4.581,0.004675993
4.582,-0.029922885
4.583,0.025047295
4.584,-0.027982761
4.585,0.001119099
4.586,0.007586179
4.587,-0.028952823
4.588,0.021813755
4.589,-0.026365991
4.59,0.005322701
4.591,0.004675993
4.592,-0.026365991
4.593,0.021167047
4.594,-0.028629469
4.595,0.004352639
4.596,0.002412515
4.597,-0.030246239
4.598,0.025047295
4.599,-0.022485743
4.6,0.001442453
4.601,0.007262825
4.602,-0.025395929
4.603,0.021813755
4.604,-0.026042637
4.605,0.004675993
4.606,0.004675993
4.607,-0.026365991
4.608,0.024723941
4.609,-0.028952823
4.61,0.001119099
4.611,0.007909533
4.612,-0.029599531
4.613,0.022137109
4.614,-0.025395929
4.615,0.001442453
4.616,0.004675993
4.617,-0.026042637
4.618,0.022137109
4.619,-0.028952823
4.62,0.004352639
4.621,0.005322701
4.622,-0.029276177
4.623,0.024400587
4.624,-0.027982761
4.625,0.001119099
4.626,0.007909533
4.627,-0.029276177
4.628,0.021490401
4.629,-0.025719283
4.63,0.004675993
4.631,0.004675993
4.632,-0.026042637
4.633,0.021813755
4.634,-0.028952823
4.635,0.003705931
4.636,0.003059223
4.637,-0.029276177
4.638,0.024400587
4.639,-0.021192327
4.64,0.001442453
4.641,0.007586179
4.642,-0.026042637
4.643,0.022137109
4.644,-0.025395929
4.645,0.004029285
4.646,0.004999347
4.647,-0.026042637
4.648,0.025370649
4.649,-0.028629469
4.65,0.000795745
4.651,0.008556241
4.652,-0.029276177
4.653,0.021167047
4.654,-0.025395929
4.655,0.001442453
4.656,0.004999347
4.657,-0.026042637
4.658,0.021490401
4.659,-0.027982761
4.66,0.004352639
4.661,0.005646055
4.662,-0.029599531
4.663,0.025047295
4.664,-0.028306115
4.665,0.000795745
4.666,0.008556241
4.667,-0.028952823
4.668,0.021813755
4.669,-0.025072575
4.67,0.005322701
4.671,0.005322701
4.672,-0.027012699
4.673,0.021813755
4.674,-0.027982761
4.675,0.003382577
4.676,0.002089161
4.677,-0.029276177
4.678,0.024723941
4.679,-0.022485743
4.68,0.001442453
4.681,0.007909533
4.682,-0.026689345
4.683,0.021813755
4.684,-0.025395929
4.685,0.004675993
4.686,0.005646055
4.687,-0.027659407
4.688,0.025370649
4.689,-0.027982761
4.69,0.000795745
4.691,0.008232887
4.692,-0.029599531
4.693,0.021813755
4.694,-0.025719283
4.695,0.000795745
4.696,0.004999347
4.697,-0.026365991
4.698,0.021813755
4.699,-0.028306115
4.7,0.004029285
4.701,0.005322701
4.702,-0.030246239
4.703,0.024723941
4.704,-0.027982761
4.705,0.000795745
4.706,0.008232887
4.707,-0.029276177
4.708,0.021813755
4.709,-0.025719283
4.71,0.004999347
4.711,0.005322701
4.712,-0.026689345
4.713,0.021167047
4.714,-0.028629469
4.715,0.003705931
4.716,0.004999347
4.717,-0.029922885
4.718,0.024723941
4.719,-0.020868973
4.72,0.000795745
4.721,0.008232887
4.722,-0.026042637
4.723,0.021813755
4.724,-0.025395929
4.725,0.003382577
4.726,0.005322701
4.727,-0.026689345
4.728,0.024723941
4.729,-0.027982761
4.73,0.000795745
4.731,0.009202949
4.732,-0.029922885
4.733,0.022137109
4.734,-0.024425867
4.735,0.000472391
4.736,0.005646055
4.737,-0.026689345
4.738,0.022460463
4.739,-0.027982761
4.74,0.003382577
4.741,0.005969409
4.742,-0.029599531
4.743,0.025047295
4.744,-0.027659407
4.745,0.000149037
4.746,0.009202949
4.747,-0.030246239
4.748,0.021813755
4.749,-0.024749221
4.75,0.004352639
4.751,0.005322701
4.752,-0.027012699
4.753,0.021490401
4.754,-0.028306115
4.755,0.002735869
4.756,0.002412515
4.757,-0.029276177
4.758,0.024400587
4.759,-0.021515681
4.76,0.000472391
4.761,0.008879595
4.762,-0.027012699
4.763,0.021813755
4.764,-0.024749221
4.765,0.003705931
4.766,0.005969409
4.767,-0.027336053
4.768,0.025047295
4.769,-0.027982761
4.77,0.000149037
4.771,0.008879595
4.772,-0.029922885
4.773,0.021813755
4.774,-0.024749221
4.775,0.000795745
4.776,0.006292763
4.777,-0.027336053
4.778,0.021813755
4.779,-0.027982761
4.78,0.003382577
4.781,0.006292763
4.782,-0.029922885
4.783,0.025370649
4.784,-0.027982761
4.785,-0.000174317
4.786,0.008879595
4.787,-0.029922885
4.788,0.021167047
4.789,-0.025072575
4.79,0.004352639
4.791,0.006292763
4.792,-0.027336053
4.793,0.021167047
4.794,-0.027659407
4.795,0.003059223
4.796,0.004029285
4.797,-0.029922885
4.798,0.025047295
4.799,-0.021192327
4.8,0.000472391
4.801,0.008556241
4.802,-0.026689345
4.803,0.021813755
4.804,-0.024749221
4.805,0.003059223
4.806,0.006292763
4.807,-0.027336053
4.808,0.024723941
4.809,-0.027982761
4.81,0.000149037
4.811,0.009202949
4.812,-0.029922885
4.813,0.021813755
4.814,-0.024749221
4.815,-0.000174317
4.816,0.005646055
4.817,-0.027012699
4.818,0.021813755
4.819,-0.027659407
4.82,0.003059223
4.821,0.006616117
4.822,-0.030569593
4.823,0.024077233
4.824,-0.027982761
4.825,0.000149037
4.826,0.009526303
4.827,-0.029599531
4.828,0.021813755
4.829,-0.024425867
4.83,0.003705931
4.831,0.005969409
4.832,-0.027012699
4.833,0.021813755
4.834,-0.027659407
4.835,0.003059223
4.836,0.004999347
4.837,-0.030246239
4.838,0.024400587
4.839,-0.021839035
4.84,0.000472391
4.841,0.008879595
4.842,-0.027012699
4.843,0.021490401
4.844,-0.024749221
4.845,0.002735869
4.846,0.006616117
4.847,-0.027012699
4.848,0.024723941
4.849,-0.027659407
4.85,0.000149037
4.851,0.009526303
4.852,-0.029922885
4.853,0.021490401
4.854,-0.024425867
4.855,0.000149037
4.856,0.006292763
4.857,-0.027336053
4.858,0.021490401
4.859,-0.027659407
4.86,0.002735869
4.861,0.006939471
4.862,-0.029922885
4.863,0.024400587
4.864,-0.027659407
4.865,-0.000174317
4.866,0.009202949
4.867,-0.029922885
4.868,0.021167047
4.869,-0.025072575
4.87,0.003705931
4.871,0.006616117
4.872,-0.026689345
4.873,0.021813755
4.874,-0.027336053
4.875,0.002412515
4.876,0.005969409
4.877,-0.030246239
4.878,0.024400587
4.879,-0.021515681
4.88,-0.000174317
4.881,0.009849657
4.882,-0.027659407
4.883,0.021813755
4.884,-0.024425867
4.885,0.002735869
4.886,0.006616117
4.887,-0.027659407
4.888,0.025047295
4.889,-0.027659407
4.89,-0.000497671
4.891,0.008556241
4.892,-0.029922885
4.893,0.021813755
4.894,-0.024102513
4.895,-0.000174317
4.896,0.006939471
4.897,-0.027336053
4.898,0.021813755
4.899,-0.027659407
4.9,0.003059223
4.901,0.006292763
4.902,-0.030569593
4.903,0.025047295
4.904,-0.027336053
4.905,-0.001144379
4.906,0.009849657
4.907,-0.029922885
4.908,0.022137109
4.909,-0.024425867
4.91,0.003705931
4.911,0.007262825
4.912,-0.028306115
4.913,0.020843693
4.914,-0.027336053
4.915,0.002412515
4.916,0.003705931
4.917,-0.030892947
4.918,0.024400587
4.919,-0.021839035
4.92,-0.000497671
4.921,0.009526303
4.922,-0.027336053
4.923,0.021813755
4.924,-0.024102513
4.925,0.002412515
4.926,0.007262825
4.927,-0.027982761
4.928,0.024400587
4.929,-0.027659407
4.93,-0.000497671
4.931,0.009849657
4.932,-0.030246239
4.933,0.021813755
4.934,-0.023779159
4.935,-0.000497671
4.936,0.006939471
4.937,-0.027336053
4.938,0.022460463
4.939,-0.027659407
4.94,0.002412515
4.941,0.007586179
4.942,-0.030892947
4.943,0.025047295
4.944,-0.027336053
4.945,-0.000821025
4.946,0.009849657
4.947,-0.030892947
4.948,0.021813755
4.949,-0.024425867
4.95,0.003059223
4.951,0.006939471
4.952,-0.027659407
4.953,0.021813755
4.954,-0.027659407
4.955,0.002735869
4.956,0.005322701
4.957,-0.030246239
4.958,0.024400587
4.959,-0.021192327
4.96,-0.000821025
4.961,0.010496365
4.962,-0.027336053
4.963,0.022137109
4.964,-0.023779159
4.965,0.002089161
4.966,0.007586179
4.967,-0.027659407
4.968,0.025047295
4.969,-0.027012699
4.97,-0.001144379
4.971,0.010819719
4.972,-0.030246239
4.973,0.021167047
4.974,-0.024425867
4.975,-0.000821025
4.976,0.006939471
4.977,-0.027982761
4.978,0.022137109
4.979,-0.027012699
4.98,0.001442453
4.981,0.007262825
4.982,-0.030569593
4.983,0.024723941
4.984,-0.027012699
4.985,-0.001467733
4.986,0.010496365
4.987,-0.031216301
4.988,0.021167047
4.989,-0.024102513
4.99,0.003059223
4.991,0.007586179
4.992,-0.027336053
4.993,0.022137109
4.994,-0.026689345
4.995,0.001442453
4.996,0.005969409
4.997,-0.030569593
4.998,0.024400587
4.999,-0.021192327
5,-0.001144379
5.001,0.009849657
5.002,-0.028306115
5.003,0.021813755
5.004,-0.023779159
5.005,0.002412515
5.006,0.007586179
5.007,-0.028306115
5.008,0.024723941
5.009,-0.026689345
5.01,-0.001791087
5.011,0.011143073
5.012,-0.030246239
5.013,0.021167047
5.014,-0.024102513
5.015,-0.001144379
5.016,0.007262825
5.017,-0.027982761
5.018,0.021490401
5.019,-0.026689345
5.02,0.002089161
5.021,0.007909533
5.022,-0.031216301
5.023,0.024400587
5.024,-0.026365991
5.025,-0.001791087
5.026,0.010819719
5.027,-0.030569593
5.028,0.021490401
5.029,-0.024102513
5.03,0.001765807
5.031,0.007909533
5.032,-0.027659407
5.033,0.021167047
5.034,-0.026689345
5.035,0.001765807
5.036,0.005646055
5.037,-0.030246239
5.038,0.024723941
5.039,-0.020868973
5.04,-0.001791087
5.041,0.010173011
5.042,-0.027982761
5.043,0.022137109
5.044,-0.023779159
5.045,0.001442453
5.046,0.007909533
5.047,-0.027659407
5.048,0.024723941
5.049,-0.026689345
5.05,-0.001791087
5.051,0.010819719
5.052,-0.031216301
5.053,0.020843693
5.054,-0.023779159
5.055,-0.001467733
5.056,0.007586179
5.057,-0.027659407
5.058,0.021813755
5.059,-0.027336053
5.06,0.001442453
5.061,0.008556241
5.062,-0.030569593
5.063,0.023753879
5.064,-0.026689345
5.065,-0.001791087
5.066,0.010819719
5.067,-0.031216301
5.068,0.021167047
5.069,-0.024102513
5.07,0.002089161
5.071,0.007909533
5.072,-0.027659407
5.073,0.021813755
5.074,-0.026689345
5.075,0.001442453
5.076,0.005322701
5.077,-0.030892947
5.078,0.024400587
5.079,-0.020868973
5.08,-0.001467733
5.081,0.010819719
5.082,-0.027659407
5.083,0.021813755
5.084,-0.023779159
5.085,0.000795745
5.086,0.008232887
5.087,-0.027982761
5.088,0.024723941
5.089,-0.026689345
5.09,-0.002437795
5.091,0.011466427
5.092,-0.030892947
5.093,0.021490401
5.094,-0.023132451
5.095,-0.001144379
5.096,0.007262825
5.097,-0.027982761
5.098,0.021490401
