objective,TAPobject_data.mechanism.elementary_processes[0].forward.k,TAPobject_data.mechanism.elementary_processes[0].backward.k,TAPobject_data.mechanism.elementary_processes[1].forward.k,TAPobject_data.mechanism.elementary_processes[1].backward.k,TAPobject_data.mechanism.elementary_processes[2].forward.k,TAPobject_data.mechanism.elementary_processes[2].backward.k,TAPobject_data.mechanism.elementary_processes[3].forward.k,TAPobject_data.mechanism.elementary_processes[3].backward.k,TAPobject_data.mechanism.elementary_processes[4].forward.k,TAPobject_data.mechanism.elementary_processes[4].backward.k
4384103.551986552,0.0,0.0,0.0,0.0,0.0,0.0,0.0,0.0,0.0,0.0
200544386.47206977,0.005158876111752,0.0,0.0,0.0,0.0,0.0,0.0,0.0,0.9999866929100926,0.0
136835095.39363113,0.0012517835248541,0.0,0.0,0.0,0.0,0.0,0.0,0.0,0.2426433277602276,0.0
55762328.15028253,0.0002110202565013,0.0,0.0,0.0,0.0,0.0,0.0,0.0,0.040903763506763,0.0
8257218.232201263,2.3771533237002808e-05,0.0,0.0,0.0,0.0,0.0,0.0,0.0,0.0046078286030016,0.0
4050085.562687696,4.576444800721592e-06,0.0,0.0,0.0,0.0,0.0,0.0,0.0,0.0008870893199265,0.0
4040682.16230874,8.119031412405978e-06,0.0,0.0,1.021545908224412e-07,4.5823706424929287e-10,0.0,0.0,0.0,0.0007776397771237,5.407399120073633e-06
4040207.407936501,1.4322190235170682e-05,0.0,0.0,2.074675622462253e-07,1.4028840843191703e-09,0.0,7.366183442076583e-18,0.0,0.0007475502318548,9.411304851054888e-06
4040172.8901131335,1.9520116317262265e-05,0.0,0.0,2.862242920509323e-07,2.590862443992216e-09,0.0,3.745814042626101e-17,0.0,0.0007477234494602,1.208806913611213e-05
4040035.1657566703,4.03118206456286e-05,0.0,0.0,6.012512112697601e-07,7.342775882684403e-09,0.0,1.5782596836299872e-16,0.0,0.0007484163198817,2.2795126276341096e-05
4039489.787557979,0.000123478637959,0.0,0.0,1.861358888145072e-06,2.6350429637453152e-08,0.0,6.392972801099496e-16,0.0,0.0007511878015679,6.562335483725697e-05
4037394.635317682,0.0004561459072129,0.0,0.0,6.901789595646318e-06,1.0238104465652817e-07,0.0,2.565182527097753e-15,0.0,0.0007622737283128,0.0002369362690809
4030282.158884473,0.0017868149842284,0.0,0.0,2.70635124256513e-05,4.065035047328281e-07,0.0,1.0268723515048968e-14,0.0,0.0008066174352924,0.0009221879260555
4010050.225873938,0.0073498492424433,0.0,0.0,0.0001116577057069,3.811849047691388e-06,0.0,1.3672731381066302e-11,0.0,0.000896332186203,0.003794467630863
3997196.747515776,0.0125254747139284,0.0,0.0,0.0002692634772754,0.0009594110002701,0.0,6.176511493356508e-08,0.0,0.000990111332927,0.0076303194396579
3985269.1275828807,0.0204994514012869,1.4278881463917857e-06,0.0,0.0005292254358558,0.0026477433603243,0.0,1.6529495315684056e-06,0.0,0.0011372463577313,0.0137730416951689
3976576.0721514737,0.0303634397056868,7.106252000888782e-06,0.0,0.0008669868304409,0.004947313020395,0.0,8.120146523833392e-06,0.0,0.0013283022639557,0.0215810863929512
3969458.84968883,0.0440980123737335,2.1938845789926112e-05,0.0,0.0013521701328058,0.0083452642527875,0.0,2.917391221061308e-05,0.0,0.0016078356728917,0.0326286481109664
3965130.3448989512,0.059898498486851,4.741253755839344e-05,0.0,0.0019225398234303,0.01240165833956,0.0,7.977471225831373e-05,0.0,0.00194571448898,0.0454631460932601
3963543.689266779,0.0717143561120839,7.840052429256086e-05,0.0,0.0023623846284502,0.0155644148838438,0.0,0.0001791639444201,0.0,0.002215809006108,0.0551764430658294
3962610.9360359614,0.0782548479536046,0.0001383848236552,0.0,0.0026450757118424,0.0176356051549177,0.0,0.0005033183968059,0.0,0.0023909120103924,0.0608434366626346
3958937.995220626,0.0859078050506828,0.0005017231584497,0.0,0.0032340396533823,0.0220774131086884,0.0,0.0029312933768675,0.0,0.0026981264501171,0.069164871031551
3951926.862298663,0.0944748115752434,0.0020071111341396,0.0,0.0048354234410078,0.0341389897586805,0.0,0.0135785147635561,0.0,0.0041539909049248,0.0843164112269531
3907813.159509213,0.1423660525827945,0.0060799883081694,0.0,0.010117787839024,0.0744201003649303,0.0,0.0414480253673178,0.0,0.0068495220178021,0.1468603940481815
3626889.877641208,0.3339310166129988,0.0223714970042887,0.0,0.0312472454310887,0.2355445427899294,0.0,0.1529260677823647,0.0,0.0176316464693113,0.3970363253330953
2685562.974447014,1.100190872733816,0.0875375317887659,0.0,0.1157650757993473,0.8800423124899261,0.0,0.5988382374425525,0.0,0.060760144275348,1.3977400504727502
4214054.103763977,3.130680184042607,0.2620100095646401,0.0,0.3408658207298476,2.599880136251915,0.0,1.7943127804951309,0.0,0.1767735172821193,4.059418861471301
2561043.880819539,1.5073151039342687,0.1225202194515519,0.0,0.1608990083997648,1.224879218495228,0.0,0.8385374328775077,0.0,0.084021461156602,1.931421234409564
2385967.955144101,1.5419931080024347,0.1441610476168578,0.0006376103917473,0.0550794412687997,1.403757520769819,0.0835684528987996,0.9944955748727886,0.0303860518233857,0.0920972229347384,2.086736471319318
2293663.3666115087,1.8932507115622648,0.3659553660880906,0.0148788738185807,0.0,3.1883253884528724,0.7498142829544163,2.602549673075265,0.3115910224380066,0.1773990281847172,3.6580599735769113
2177330.055882096,1.6282483938291716,0.3169272837601948,0.028880727117605,0.0,2.715697954653417,0.6189105050698384,2.2327488208294755,0.3078102033678908,0.1526399571372359,3.132080758164716
2108462.0833516675,1.0753614148587234,0.2460402517739552,0.0641798447733822,0.0,1.9512097429581183,0.4475485972617693,1.6742070418425097,0.3493096525309012,0.1108543147886894,2.202378342673689
2064458.470688136,1.1128241569032655,0.287307640765818,0.077113770188749,0.0,2.248406870487881,0.5736888071463746,1.951055418855272,0.4283204457137241,0.1247037739814131,2.452876932519522
1927980.0802898183,0.8406615757375315,0.4095260630406521,0.166229421957941,0.0,2.8810315890655858,0.9608100407077732,2.668844371462007,0.7946724765380961,0.1498872419047865,2.771096729037233
4470714.127622888,0.0,1.3164463265801165,0.8878121510793411,0.0,6.833338740968647,3.769770742942676,7.754016946655212,3.574352610565695,0.2916225840763171,3.815716899023677
1591119.886591273,0.506355187638677,0.7701815828692402,0.4531816544011249,0.0,4.452747921468185,2.077851111428674,4.691067969561798,1.9000695263100464,0.2062512196038379,3.1865114524436144
6525209.17764306,0.0,8.369972701453452,6.349436103544325,0.0,36.43010761745272,25.727789575035725,47.955153482691294,24.899512387279582,1.2468065939631048,7.465401531351201
1700120.7107897424,0.2803803881523992,4.161795446189884,3.084545861567065,0.0,18.723515994564423,12.632280556693829,23.998844975616606,12.164197584404244,0.6706274081282338,5.096082739970223
1241551.2663940303,0.4183742998717236,2.090670413199088,1.477675356844716,0.0,10.008919879764557,6.187106101715719,12.20834585037357,5.896298755223069,0.3870511557785415,3.929982748857254
4006441.6004819446,0.0,3.9622740712592392,2.97628532482094,0.0,19.05072602206808,12.249798762198653,22.52367972818892,11.739233040074376,0.2292047637837023,8.506713373276725
628815.0765495704,0.232800087079089,2.920839416435708,2.1423991823178663,0.0,14.01950575369622,8.876275628184626,16.78381801645954,8.487992199688538,0.317036769269664,5.960038569807523
798200.2994639791,5.125467158513647,5.268742211130913,3.95536066590336,0.0,25.134906578740186,16.383525830022826,29.80310349378518,15.569769294160809,0.1151234109565828,10.96946456903086
693522.3165318907,1.6910108877330083,3.6206085125385847,2.68273433652626,0.0,17.332340512331072,11.1137369489121,20.66408667620027,10.59864548882704,0.2568584993016422,7.453048208618327
637686.7622548789,0.6468293334843642,3.1195245937689515,2.295816340250626,0.0,14.96011768577607,9.511557182858562,17.88554124352796,9.087269197453848,0.2999503756195414,6.383948237295548
612340.8536603496,0.372718190455394,2.9879835938647594,2.194245369392107,0.0,14.337378557833608,9.090964302986404,17.156137184043523,8.69051340236293,0.3112625496612116,6.103295687976769
518351.5908453768,0.3624819061959416,3.4878781650697785,2.593911382244992,0.0,16.604542518162287,10.684283140682686,19.94490619139024,10.225781691976575,0.3069351846609495,6.891624260432707
402909.98583659634,0.3601360994493185,4.661435329832709,3.534941892523025,0.0,21.901949853774543,14.4097218088245,26.51085651717129,13.798411612064296,0.3216960707888324,8.647989701611593
342450.57567419653,0.4303462696068351,5.8345718077510025,4.483878903908582,0.0,27.190887781402783,18.125907106167386,33.080057288829515,17.342236125130537,0.3530233000398676,10.378414953918153
290626.5328099269,0.5731403915501306,7.557075764837803,5.904082404817179,0.0,34.96797089786757,23.5864403944536,42.72292110543877,22.51832106216851,0.4128776744186298,12.953469296101288
264450.01114265184,0.7385269643811274,9.236221382608273,7.302188189823478,0.0,42.554592481844175,28.90880045309948,52.13701607848555,27.5518208688563,0.4729680821010047,15.457604068495838
254813.02893892667,0.8870839142113034,10.501743873744504,8.359705672400446,0.0,48.27684920236965,32.917142025938865,59.24303742316064,31.336091978192627,0.5177659939927435,17.340571364625447
251311.1722284768,0.9917651970838944,11.17801839209848,8.928139586691886,0.0,51.33701497451814,35.05709516096698,63.04879249711337,33.35072057476595,0.5400620992600241,18.34101402303558
247753.7403035636,1.1097430662207848,11.693406267240611,9.366312328878408,0.0,53.66782830887756,36.68424697077855,65.96583521253035,34.87222489956479,0.5528403632845584,19.07535458972849
241946.6584755508,1.2920315463900116,12.151375411132015,9.769155156024112,0.0,55.74229975181713,38.12200648538294,68.60381775129494,36.18701083960476,0.5506549020741831,19.668148709218865
234756.7190480328,1.6125962274690055,12.441651496050936,10.056372276382238,0.0,57.100219189682846,39.019778694541735,70.40196567874608,36.9345105612935,0.5930784920141371,19.9685227192211
227014.40869200355,2.002718763011702,11.859711506210608,9.641413193570315,0.0,54.55277189982445,37.14509771899477,67.4164241322504,34.992219928080495,0.4959972539132232,18.897373886569326
223683.2182131245,2.206707734943066,12.147454475380904,9.90902082782367,0.0,55.88234593096336,38.04351938612696,69.13368970977275,35.78022404964295,0.5371677958264504,19.2495459892223
221572.89035920083,2.581007611421226,12.457129976257516,10.222244422195669,0.0,57.33882333248363,38.9987532124858,71.07632791323348,36.55853742816433,0.5600641400474661,19.55432604797084
219780.13011110484,3.104909938632062,12.848201157803455,10.62804564466795,0.0,59.18556755247082,40.200378673954816,73.56257395279371,37.51419581778,0.5696308027961102,19.910615564293785
218331.14914329245,3.752752411010076,13.199371666844142,11.02526990256611,0.0,60.87424309574038,41.265754472732205,75.90640685574549,38.287616498551365,0.565894718988229,20.146630425625965
217563.3079550786,4.35935717333618,13.314540738057254,11.232916772047446,0.0,61.49455060252806,41.58836257895913,76.91831506387894,38.35670599729983,0.5557973925109968,20.04302637813504
217381.9665975505,4.767771482697005,13.427259049206034,11.404074243395476,0.0,62.06895938680557,41.91762852546004,77.79380948211222,38.50935078899551,0.5512129552725124,20.02628386397148
217318.6961570904,4.936468467083479,13.456782608088838,11.47637661081716,0.0,62.22491243817238,42.00408263749208,78.05910205903747,38.51657046942319,0.5493426890549906,19.99245067598652
217156.41262575827,5.204388766136645,13.451138702716866,11.592122158995908,0.0,62.22337502500934,41.98722156693853,78.18501186399106,38.35612094369093,0.544517427653181,19.85482121764779
216754.18848246263,5.636890167361223,13.296762745552687,11.769788089435009,0.0,61.53570003922323,41.53028627010952,77.57317878632368,37.62466496577832,0.531447387313734,19.40173995637207
215785.0194042801,6.30320497419881,12.880399104981906,12.19119189096038,0.0,59.58872226263698,40.34442624689231,75.61407246667225,35.87744172512172,0.498409608707104,18.411087100999232
213677.7452791725,6.966489992862352,11.72118944467647,12.698597392504398,0.0,54.10072447757487,37.00068543437491,69.47337423567826,31.682960010593224,0.430652919032804,16.236444769564276
228192.38395783,8.489742187793029,5.877592939320721,14.374713648807552,0.0,26.292441926587507,20.119400590135164,37.456197837963714,11.52729368107505,0.1387615893057009,6.154796584601163
209457.3967788892,7.56796009282488,9.413791768891764,13.360427269121354,0.0,43.12036906342115,30.3349552837462,56.83109848348238,23.72431029889636,0.315396950353799,12.255613517998109
4438423.252633099,9.095986705493322,0.0,16.69934405238284,0.0,0.0,0.0,0.0,0.0,0.0,0.0
192394.7547612005,8.078929184567416,6.265838330041735,14.476954469631064,0.0,28.701002520150027,20.191005943546102,37.82689100824479,15.790947630247912,0.2099288309345889,8.15736047965404
741100.3230750782,8.740243302357458,1.2774951157604422,15.830951013248516,0.0081987108758863,5.309400319586892,5.065343866417178,9.065283760256357,0.7869630247817678,0.0,0.6564912198832413
184739.58849912148,8.296538724756116,4.624392844512557,14.922495487654858,0.0026978370124681,21.003849741751893,15.21381238135046,28.362704534745312,10.853792799946197,0.1408504381661302,5.68915260880302
484829.2249243785,8.76384688101402,1.226755108474793,15.714350100863276,0.0393136300772185,4.956089447745203,5.134703958513146,9.153108794528762,0.0,0.0039148718099255,0.3034064665423734
179344.28497014937,8.450734292524706,3.5032896222285617,15.183780188207916,0.0147797853485044,15.70864254964173,11.888054366968944,22.024200739975143,7.272415670490137,0.0956664260335552,3.912042209289581
177063.1919378202,8.072219017939341,3.456546008453984,14.764178892130609,0.0317157890345779,15.248641466474568,12.140873137336463,22.18867698740542,6.229643805612824,0.0918776176278269,3.548767769191908
199708.89170225165,8.272282174985603,2.966476308256826,15.00901720232509,0.0,12.96129924987949,10.645746676023068,19.401585239845645,4.736768915868712,0.0947348642416678,2.769072309947201
175149.3740322564,8.11810308054004,3.3441495575804616,14.820332041555393,0.0244418397928561,14.724044359216082,11.79796904065163,21.54946338052751,5.887256102112823,0.0925329211051423,3.3699462620755734
175994.3144633226,8.191945516175338,3.5611731410485925,15.391941853682848,0.0,15.575425704483804,12.633545128590123,22.803809620960475,6.342927615345659,0.0767592503098937,3.6083988405420326
171187.39704178428,8.153050177948815,3.4468593916509507,15.090855401360184,0.0128743535806013,15.126974010020591,12.193418604122844,22.14310252408506,6.102909833227561,0.0850677825972786,3.4827977060365787
169980.0713871248,8.036735010763588,3.679466235976685,15.016872486754549,0.0,16.192497118761942,12.92166001417444,23.450906712171065,6.805327665140186,0.1000503169857155,3.855913249130757
169744.08719339807,8.157699391228189,3.177931332413075,15.21416989398345,0.0,13.804468154296464,11.461529226574283,20.652365927945624,5.1387729133270375,0.076178593400949,3.021492770224574
169252.36802944302,8.091956858485446,3.450508885346583,15.106941375927262,0.0,15.102330151224823,12.25509089938904,22.17333564177541,6.044523266594968,0.0891525578305562,3.4749892081429894
168977.00974871084,8.14548645284442,3.3303727597951003,15.264262059312758,0.0,14.509146279022046,11.924656716944073,21.49349607195008,5.634229806516359,0.0820302951723906,3.2678889311076627
168751.94522477977,8.175066196331267,3.304352832212856,15.397235376554123,0.0,14.354872995251878,11.880792600371176,21.34840251032952,5.512676874138656,0.0799387634794346,3.208045261829352
167612.50084019348,8.37281010952269,3.210585239575354,16.27269368024571,0.0124391817772517,13.702613280955614,11.826712109322257,20.84054831157597,4.945925846380595,0.0705767521372717,2.9283495130670274
165150.75373661326,8.71049741747549,3.028127181648806,18.010434032893006,0.0370435771130783,12.386143919512792,11.781957430399553,19.878461198513875,3.745394685780148,0.0560355177029329,2.356837190728798
206309.8008060432,9.834064763831384,2.6154765665649364,24.27482377435438,0.1286236317618546,8.734970473833066,12.42708265402042,17.8263080049299,0.0755079021824842,0.0180668172857064,0.651261030053979
162456.33185042682,9.055140378414295,2.9015507638871267,19.931972457780684,0.0651348359944079,11.266183259120282,11.979843091607242,19.248983886601337,2.619693897561742,0.0443890014729689,1.8336688910909595
178710.77267822693,10.172088623624663,3.0440071683621075,26.414075745823133,0.1615496519841621,10.179063397336126,14.316518704770935,20.28031684748208,0.7287649221249506,0.0303406232664374,1.0058363538237516
160608.6717893226,9.393158161556364,2.9446618017006587,21.89362662834553,0.0943124836630954,10.93719232577513,12.686982311415012,19.56109224311037,2.0474492809493947,0.040137594410488,1.5831450908523632
160204.49125738692,9.740654565389685,3.0330877864411105,23.82984628289642,0.122784835250209,10.839893304476364,13.506149263181728,20.11946822063393,1.6564023739838951,0.0343752408686953,1.4151727040460838
163119.68247735102,9.719384721017953,3.3089789948799875,23.93918122918258,0.1216711620764551,12.097886600117702,14.369673780083293,21.667144945627783,2.498849392371969,0.0446615459665428,1.838598684087693
159912.70692176756,9.736107857115991,3.09206315166357,23.853218062031,0.1225467729990332,11.108805875042346,13.690738957253478,20.450304424582903,1.83648647623254,0.0365740735294671,1.5056855622083047
159052.96516380383,9.723170487090462,3.0295425424342755,23.83457275721852,0.1131255427669272,10.813469729897998,13.506171230303558,20.096613599358328,1.6351355873008704,0.0353968434976632,1.4100094273118216
157911.9320083514,9.837157001712914,2.996231142983215,24.5466970286086,0.1082048914085644,10.46207690509189,13.616739911614385,19.924186486145505,1.2806885175451397,0.031446286786565,1.2487328972335587
782109.3885121861,11.422581893482256,2.847486034649266,34.22674409345946,0.0880180226482821,7.13807269807143,16.001558093511246,19.30302752619588,0.0,0.0,0.0
192408.3575494764,10.370617079381857,2.946181735119971,27.80381673567424,0.1014124607909684,9.343623705792051,14.41917798303965,19.71518036498534,0.8497654258325453,0.0208653133966245,0.8285621582699808
157569.35933869993,9.883378572923114,2.991894619283657,24.82890969415263,0.1076163622409208,10.36516868953692,13.686267042158493,19.90607718103164,1.2433512486406917,0.0305294998788109,1.2123272643766243
155946.85228388102,10.430160967188325,2.9391922662662315,28.136095630472767,0.103730891828137,9.22249542579608,14.493706693443707,19.68515232929296,0.0,0.0150618043804485,0.6342409875626296
156185.47739944197,10.028294944730664,2.977926660795766,25.705429113598328,0.1065865773010767,10.06232049018086,13.900266662382275,19.84752440337845,0.9138198779799144,0.0264300220328592,1.0591142737861017
154543.39807142605,10.229227955959493,2.958559463530999,26.920762372035547,0.1051587345646069,9.64240795798847,14.196986677912994,19.766338366335702,0.4569099389899571,0.0207459132066538,0.8466776306743655
642241.1529757283,11.269977702186363,2.971381586429014,33.353429136837995,0.1036074877392169,7.949502729741922,16.128102329854148,19.995133586850145,0.0,0.0,0.0
167736.5724812447,10.577291135344293,2.9628476306706264,29.072071516426163,0.1046399432759102,9.076241136159432,14.842819411489147,19.842855504263444,0.3041032468587131,0.0138077529658009,0.5635189663413653
154146.10462472998,10.278295668792676,2.9591639818088584,27.22404012608851,0.1050855986988163,9.562593393637584,14.288032031131324,19.77712526128188,0.4353682323902049,0.0197678159115292,0.8067597397550319
153208.4583245136,10.53387798667284,2.9634287662448,28.798241571588235,0.1052566281269659,9.15399864714838,14.763555692799306,19.83970582014504,0.0,0.0137933822159583,0.580834449029826
160387.75541311697,10.798565732773037,3.049179887546213,30.513550700460083,0.1105687514352282,9.082995792082672,15.532898127977212,20.369594620206733,0.0,0.011590488576636,0.4408330277837805
152778.6783449502,10.585650597298724,2.980201584326791,29.133754011965763,0.1062956731741485,9.140110572529125,14.914038164773496,19.943351443808425,0.0,0.0133624988210175,0.553450336330865
151287.1019878076,10.670724402149144,3.073353562321908,29.746833245732493,0.1076673821657944,9.406067125609487,15.37786629619974,20.48288344328527,0.0,0.0144054722820126,0.5859305498794475
150171.45835936102,10.88209870663284,3.289439621115177,31.330819250745893,0.1010567085373457,9.975544520237737,16.503780389194112,21.731286186330976,0.0,0.0151167467526659,0.6394998763570109
149965.1577205192,10.837955723897707,3.259259090124614,31.02957700057478,0.1013251147004521,9.91696970154035,16.323933613680868,21.55487007446368,0.0,0.0155294052241527,0.6406802750060904
149963.98005189563,10.83372106041687,3.254669899893604,30.99882550747144,0.1013532831054866,9.90399268465673,16.3009720011672,21.52838434330362,0.0,0.0154985425498039,0.6389529574466528
149963.6420060874,10.831353941894683,3.252903685423485,30.984237395802456,0.1012048683801919,9.899615251751955,16.29146043671525,21.51806211809653,0.0,0.0154872361433973,0.6384958758129101
149962.74324473046,10.826748884957398,3.25012485130573,30.957814665727817,0.1008558690070374,9.893201317101168,16.275469870279238,21.501392643525264,0.0,0.0154651620778059,0.6376440511251764
149960.97817179537,10.81966051704248,3.246545356514927,30.92051070941469,0.1003371177136838,9.88489157352076,16.25395108715194,21.479242239508963,0.0,0.0154194290862533,0.6358333236421371
149957.28294860056,10.808814562738313,3.2423400315852065,30.86984988056148,0.0995680864247354,9.874808246038343,16.22672841675626,21.451659703539203,0.0,0.0153215508819077,0.6318398512709327
149948.34839580557,10.789918962674475,3.2372917092712608,30.794456520527884,0.0983660680848924,9.861018871713195,16.18987330396963,21.41460460137948,0.0,0.0150802622702645,0.621741008794936
149927.06283410164,10.735027581183251,3.2184338551591347,30.5840160365474,0.0968731254862336,9.79338121301492,16.073656686735323,21.28260647722352,0.0,0.0139165725937729,0.5753815869802456
149880.27317961704,10.698776644510827,3.21701858095332,30.493579974351697,0.0954033154455527,9.777006485156353,16.04477722374996,21.25220830834393,0.0,0.013118268764042,0.5395354662500897
541732.4732502396,10.13857130101795,3.2228027821201213,29.301753717161887,0.0784856070246335,9.53917733900467,15.745356565387835,20.913778050853264,0.0,0.0,0.0
149932.6274310519,10.51726952736334,3.218892668180409,30.10742702062509,0.0899219602248453,9.69994959308444,15.947764617310224,21.1425565509908,0.0,0.0088679359655697,0.3647254109455659
149829.89118337125,10.6180751247926,3.217851835812344,30.32188901975349,0.0929662005633462,9.74274552397369,16.001643572053254,21.2034550495338,0.0,0.0112284898863012,0.4618115877222883
541253.9067747486,10.033066343963254,3.2418515706337443,29.19794168889624,0.0762698922800539,9.51586516451533,15.780522257976832,20.937942470848803,0.0,0.0,0.0
150170.93945916087,10.429714590889269,3.2255792460882864,29.96000159813332,0.0875903401566065,9.669694815949835,15.930447155620335,21.11796557874628,0.0,0.0076131521012624,0.3131179611021952
149829.10007460596,10.604327731092832,3.2184158167543258,30.295476858156206,0.0925738462417962,9.73741395677944,15.996447339347638,21.19721564583417,0.0,0.0109646263748818,0.4509592622195293
541817.1753982703,10.184708253290877,3.235690365381996,29.485721826097823,0.0806735164656528,9.576780554293917,15.836873178636845,21.007482982747696,0.0,0.0,0.0
150196.3593661645,10.469357480059196,3.2239721607471794,30.035019835223988,0.088746115208712,9.68574635838428,15.945120445175716,21.136188294815568,0.0,0.0074378635514308,0.3059085959669969
149828.8830548357,10.598065845525625,3.218673600895563,30.28339306887459,0.0923962603402538,9.73501686122538,15.994066050616505,21.19438430866452,0.0,0.0108010037613502,0.4442297002118673
261304.9370429597,10.24938028407005,3.235217705992957,29.621259649864005,0.0823130241594386,9.607116357054895,15.87170010899498,21.04851130705702,0.0,0.0009327132123237,0.0
149654.62292692278,10.4860162660208,3.223990024127165,30.07061749288998,0.0891560275947631,9.693916227029538,15.954743939752012,21.147508239512145,0.0,0.0076298434705886,0.3014771557574703
149518.657376897,10.536958043174751,3.273303961315939,30.4466390989416,0.0921351045199453,9.812082374038887,16.21377264437979,21.42867252125425,0.0,0.0074540899664567,0.2901633687579494
149453.8305142357,10.634520389396174,3.323306621384011,30.95184970845177,0.0982734948698119,9.937233761752058,16.511002737673902,21.74125657427997,0.0,0.0081506433851128,0.3230222291279911
149422.4228178921,10.606146246995722,3.332210387386345,30.97675640554601,0.10028682802491,9.917554443854668,16.548922788112396,21.76333234204921,0.0,0.006451621429036,0.2489668905417808
4261179.590148107,30.25752606962969,0.0,71.68300948604883,3.70420862950569,0.0,4.097425209750256,0.0,0.0,0.3110703037657844,11.869923377354414
149488.43543455476,10.647484161377031,3.325200873095871,31.06238457109028,0.1078679043773686,9.896692243837554,16.522730279216884,21.717551802609865,0.0,0.0070924060010629,0.2734123039741498
149407.22781110578,10.618432005733853,3.330127137596579,31.002205366840027,0.1025399478650283,9.911354132107135,16.54113829172808,21.74972622110985,0.0,0.0066420646280426,0.2562321446354824
149386.7928391571,10.606533790273376,3.3112361887685084,30.862282078817945,0.1002741209842315,9.877854119731658,16.44547124629763,21.652242581979085,0.0,0.0072774379099887,0.2838326806869902
149366.28104031133,10.575703518252888,3.321518801535155,30.8695198771291,0.1012253109376262,9.870869595060787,16.483240448222297,21.683035145688883,0.0,0.0072240147056688,0.2821236314039835
149291.78935985218,10.39930581575894,3.3811703352945632,30.89188996777339,0.1040627115464576,9.84865045322616,16.700845978182013,21.87249991422732,0.0,0.0070012122754446,0.2734714954995755
149223.47666985518,10.196386015841489,3.4560204499302696,30.92388761401114,0.105583912678515,9.85302258895956,16.967547818017916,22.120734927545392,0.0,0.0070323655148558,0.2749117979372512
149112.56045922302,9.807793707703706,3.589332827220475,30.89713949683549,0.1068336788565473,9.86301106119662,17.410731235156995,22.538288897853324,0.0,0.0072102703519572,0.2826634159726209
148746.94146700916,8.589716507820807,3.989938232138506,30.669480075385977,0.1113648244737539,9.887612278075888,18.671268937640686,23.728475192455303,0.0,0.007850942289835,0.314536313809784
3494125.3927504686,0.0,8.755126950197912,26.428124902173792,0.1528467500522582,9.848182223281274,33.2183893704893,37.37488979411852,0.0,0.015010104646199,0.6598080975900675
146697.21030725783,5.730943180816871,5.5758572078026205,29.257899957638266,0.1251705679215869,9.8744894248564,23.5127465161239,28.27018574098761,0.0,0.0102336079307126,0.429447413045649
141618.8012229001,2.865471590408436,7.165492079000266,27.84301242990603,0.1390086589869225,9.861335824068837,28.3655679433066,32.822537767553065,0.0,0.0126218562884558,0.5446277553178582
152849.18829147972,0.9692532342252392,8.217428811677571,26.906714296293018,0.1481659796808206,9.85263146303215,31.57690987400476,35.83504485555765,0.0,0.0142022734142915,0.6208480466022313
140147.1294279506,2.2061971784097425,7.531227896626037,27.517481670497244,0.1421924627910926,9.85830950461276,29.48208258740555,33.86992180568872,0.0,0.0131713333926883,0.5711279142025238
139952.067963684,1.8074796303857503,7.75241847489557,27.32060640302802,0.1441179712335325,9.85647923992919,30.15733097127412,34.503361217145425,0.0,0.0135036474635934,0.5871547433656752
133456.68263619917,1.6292707697624866,9.681876772572984,27.440939639901096,0.1555762326181691,10.58015129427774,36.50173243660518,40.74326616908661,0.0,0.0177333145118211,0.7620981700733831
78542494.06115003,0.0,52.39805878191928,227.8217535750552,0.2066629439743415,98.87967716938398,228.21151721886025,254.2952297168381,0.0,0.0733770514193821,0.0
941904.2473663216,1.1287514705503796,22.80447976842224,88.99882579837907,0.1712702998300729,37.706162287657484,95.39583948874748,106.34738865381752,0.0,0.034827320443429,0.5279781888553039
133993.10417931725,1.5998854660686417,10.452299960837252,31.054980461834404,0.1564976255233765,12.172709408016422,39.95938376839054,44.59486003533045,0.0,0.0187368973036044,0.748353072212581
131642.5910521722,1.6160461135243993,10.02860049300131,29.067414152413733,0.1559908992337853,11.296871251056071,38.05782492182948,42.4766498148874,0.0,0.0181849701273652,0.7559122821866415
1557668.9056834106,0.0,226.0147329898073,173.87864798829392,1.1479296981835785,141.0438542102844,782.9859237452272,792.2261641727026,0.0008541937642519,0.4259343217010941,15.320136713269
1894501.079737238,1.0859955462940842,80.87037356229777,76.56437354835066,0.4813391171100922,53.85287342105396,282.388452632708,288.38866435469595,0.0002801689168874,0.1519235888961699,5.532864719595082
131642.66721217157,1.6158905690409795,10.049389164267474,29.081352237702177,0.1560863733708011,11.309359401778227,38.12952427208104,42.54881322651838,8.221617359116624e-08,0.0182242160138065,0.757314089193621
131642.4705707064,1.615977835005843,10.037725983315104,29.07353247814336,0.1560328089980699,11.302353106870385,38.08929839687023,42.50832699643583,3.6089987962076294e-08,0.0182021976813532,0.7565276258081851
4161065.4042653134,0.0,2815.5079333256217,81.31253441992303,7.596163796808623,1063.890819368828,9272.133645211508,9139.180220117649,0.0121790170840427,4.2152511805661135,177.49769221998048
138741.81281293917,1.61414095941369,13.226692834683128,29.132912344343648,0.1644899763662597,12.498826239344512,48.5855999612166,52.84847783782213,1.387988935244525e-05,0.0229729666044945,0.9574286062170728
131596.89403851386,1.615842500407337,10.272677958463726,29.07790737995265,0.1566559036459388,11.390505081722823,38.86262935302012,43.27015331096029,1.0560529276367926e-06,0.0185536913260704,0.7713293106034076
3376493.1612170823,0.0,15.338064390090482,29.655196452871817,0.1730070484529893,13.438256978985624,55.65177372066624,59.85265968384557,2.323760634321686e-05,0.0258292554941347,1.0613292628564213
124327.9081544804,1.0815904210060152,11.947465713697069,29.268778635997084,0.1620621441127892,12.067560988430849,44.4136872609058,48.75288972194484,8.39002330757032e-06,0.0209592384537306,0.8672130848440279
141406.73809585546,0.5407952105030076,13.642765051893775,29.46198754443445,0.1675345962828892,12.752908983708236,50.03273049078602,54.302774702895206,1.5813814825393592e-05,0.0233942469739326,0.9642711738502244
123122.80135461965,0.932413261662609,12.415110275995822,29.32207488485572,0.1635717079061128,12.256612712838844,45.96368787293354,50.283813184397005,1.0437859731928578e-05,0.0216309301532241,0.8939863434233277
4022675.811187936,0.0,205.20636477296745,1526.041186843059,0.0,650.2350377509393,1054.0782844827354,1241.9155141815245,0.0156366019792663,1.85355636501069,49.36232688902431
1025812.9566877718,0.5161562469974318,98.48286086479249,697.5020064155536,0.0905484320517199,297.0691583362455,496.0160301968988,582.2636496283541,0.0069864223233882,0.8394569349477619,22.531695255147707
665665.1024851383,0.8684288105551946,25.64491202216852,132.03055703348826,0.1523470220533905,56.03623385598644,115.14294750983808,132.05645997680728,0.0010827430008235,0.1473420801748979,4.220000991013876
134792.91087455966,0.927699691448845,13.389715799141982,36.88834502983158,0.1627448141220991,15.481744985112051,51.059946291831935,56.307794097732966,8.943182601023718e-05,0.0308917477741399,1.1390053019685331
120968.96959231384,0.9311998680403852,12.665998683792596,31.26982648747883,0.163358844280819,13.0868443106576,47.27559523449954,51.83454006214564,3.0772928592547795e-05,0.0240149016500278,0.957060494892313
3348206.688936594,0.0,13.825968829622369,38.97887593802473,0.1652624083913109,16.42214593390935,52.99012881467367,58.47474861465224,6.922523216098647e-05,0.0340068157379636,1.2367791604054257
118756.78640238896,0.6258111526992682,13.04641303395189,33.79802348256394,0.1639831216440621,14.180662633617048,49.14968706882889,54.01220871207198,4.338343251517384e-05,0.0272917683161871,1.0487947474945445
102058.97900172604,0.5981889921879628,18.620667157288853,29.66996363496944,0.1207612985948761,15.268875929696794,66.50099911394526,70.88950749323544,0.0001206318897627,0.0322514640426375,1.3089763855744103
94987.73074712924,0.5815384786333408,25.78507964035335,25.194239453876847,0.041299214465632,17.074086916655787,89.11595199457597,93.06400763318692,0.0002766780013309,0.0402367644287019,1.6703671066445658
4127087.578376706,5.4874675024732005,118.1646428655637,0.0,0.6921883615133638,0.0,355.9961379768707,336.04824962334993,0.0,0.1851119169887944,3.397689322387712
210105.74131691377,1.884921096290981,50.3280186738053,18.500760275984995,0.2142241785573493,12.537929138709242,160.01934128460326,157.6188423720749,0.0002031715775994,0.0787264683481296,2.129273409641049
93450.5493781271,0.7314453476051568,28.60785408588256,24.424397588186583,0.0611879559471162,16.552366586461286,97.27081377036012,100.48869860389438,0.0002682237549096,0.0446636080309151,1.723147622589504
125376.52905699596,0.3982264154617614,50.18558927660153,32.96351111588941,0.0785939772105745,22.011121293677345,165.78334671916247,166.96342664819025,0.0002258875445113,0.0795194343913626,2.710855278112918
87096.55320220374,0.6246003713363051,35.52664645328566,27.162421434418164,0.0667691092053261,18.30268885476204,119.23901320592992,121.80348613617878,0.0002546488617718,0.0558399536135562,2.039851119405071
142885.1243277133,0.3034093077365986,41.88137629850309,22.06885731582978,0.015412098905929,20.405674625119765,139.73169556917992,142.07772468204942,0.000169012899381,0.0673156399435031,2.496816287755012
86380.77005755759,0.5625145353068253,36.7550078863843,26.17784177915589,0.0568418625233123,18.709193407682854,123.20022340508602,125.72247141514104,0.0002380955359737,0.0580581896124717,2.128181922246822
84639.99049561351,0.6286966735285553,48.44806293319306,23.857083586510704,0.0452300602450081,20.14281055874594,159.2295955651292,160.21147053483637,0.0005244493320135,0.0769109452895556,2.757110854876612
83313.3536640149,0.5888678632222113,47.885515532061554,25.31505697375144,0.0511356123492666,20.454736171391147,157.7609975773722,158.93734006333557,0.0009115062297375,0.0763182311600582,2.728534223102669
82303.63142675279,0.5532024737748309,55.1391041327837,27.096293995299703,0.0555062581693659,22.26007489154279,180.7810902846469,181.2854741306033,0.0012944798786355,0.0879873889138834,3.135134123933012
88253.67505194679,0.4617383443851481,70.11459995408678,24.84361239478128,0.0383375278498458,24.38877278955704,226.81233715040256,225.4954288542101,0.0,0.120337701581112,3.791901739681799
82008.73751121375,0.5365315337235003,57.8686506199343,26.6857033061676,0.0523769562690029,22.648067378673947,189.1710915026935,189.3435129463363,0.0010585382412046,0.093883800181512,3.254841528604798
80770.69397427213,0.5124073068478671,73.1513997553111,28.890812526058816,0.0562735314431111,25.833805808676622,237.1887496960071,235.74498766023453,0.0013115841373987,0.1191982261577791,4.069874694656873
84218.97162758055,0.4041736663024569,88.69047832400139,32.38298530546181,0.0327022235718901,30.83942701187395,287.0717175285411,284.6822498996207,0.0026221522206776,0.1521553738345865,5.1148027680154975
80609.24229215398,0.4920829468953775,76.0693633807476,29.54658069783249,0.0518472574740243,26.77377277834454,246.55588720166563,244.9345384120209,0.0015576856020873,0.12538699453899,4.266093672235214
80219.45422094504,0.4269000252938339,95.06223294053804,32.11759890034656,0.0544081361507479,30.97139858079279,306.2880619850849,302.76528942318043,0.0017556809753134,0.1575055300550078,5.289146606505919
80086.50461921144,0.4358729154770958,107.19541502244608,32.83888694093584,0.0550723808059488,32.941001421125335,343.98821767656034,338.9812641610965,0.0017043972169143,0.1767871194165323,5.86124051407925
79861.91280231552,0.4179927677015051,105.99127761559468,33.03324648435763,0.0526701191226597,33.117796152695206,340.50804956312425,335.7898526187457,0.0016937504870375,0.1769601761524861,5.856965258486206
79829.232814691,0.404354532730004,110.73722374690756,33.675410535689444,0.0524752263314719,34.21765241985681,355.47894035518203,350.30373343541714,0.0016869817562327,0.185982304410428,6.124735209889282
79802.33352121292,0.3948718984323927,114.69040362324408,34.32775159467427,0.0528965422246122,35.179557254644294,367.9789068704656,362.43788510830416,0.0013211444534481,0.1942682260249276,6.353001570116758
79785.1028812708,0.3873759747424387,118.1587063291743,34.830711569847715,0.0526243144590414,35.99390884095426,378.92512416644513,373.05367208905136,0.0008342216092348,0.2006536854758828,6.549792550839883
79746.48678889219,0.375494693449257,120.2553452491206,35.252183276278245,0.0518284758170895,36.7996194741241,385.7285374670629,379.7827089635135,0.0,0.2064624899619823,6.710692036905243
79633.80351426343,0.3519073143735678,120.64179995061124,35.89753635609576,0.0511723251171533,37.991361437575776,387.611931159724,382.0641289564753,0.0,0.2131308206964633,6.877882492935455
89691.57114683594,0.2077944811056394,115.32064921032756,39.14755918190072,0.0456473665850042,44.01668310294172,375.2239874538146,373.0505179744179,0.0,0.2364521488352861,7.537163312636219
79511.69238575287,0.3205725135420923,119.48480931445424,36.60419665577229,0.0499710200613767,39.30146165591513,384.9183906891503,380.1042777864545,0.0,0.2182016333075573,7.021231511262838
85834.50327973257,0.1602194665937346,78.599465468576,37.80975437983824,0.0420946862470296,42.45758155618529,263.59226400829635,267.7012097000339,0.0,0.2047793349869327,6.386145952115417
79160.36513573675,0.2731461302791824,107.392466674436,36.96075516061645,0.0476414975902126,40.23492288326628,349.03469846580487,346.85968974497894,0.0,0.2142318237121833,6.833397156343687
4008179.5076475386,0.0,0.0,35.85065640043306,0.0263214213454914,41.61212398050075,0.0,0.0,0.0,0.1134079804002052,3.1373387400106227
79448.37438261679,0.2054310523231648,80.76902798498556,36.685552930924,0.0423560826972249,40.576341886951326,262.5062464909962,260.870439570083,0.0,0.1892367985118712,5.917115151776467
79081.99591258254,0.2499554548478252,98.27462255241184,36.86650546351164,0.0458313787067498,40.351850125168,319.4009255174974,317.41057956767065,0.0,0.205671669396249,6.51959409780902
597562.4023892492,0.0138344127147811,0.0,35.54582292836835,0.0317673740415418,40.402575990206856,21.97886049981224,37.57933468051732,0.0,0.1342443848333071,3.94686635075163
77798.50409493172,0.1736980748745171,66.53596357474196,36.43997935217173,0.0412892839488551,40.36823249215147,223.34583775568743,227.03660282679311,0.0,0.1826035957922506,5.688708906032321
76799.43878795096,0.0937662437946491,33.267981787370985,35.99290114027004,0.0365283289951984,40.38540424117916,122.66234912774982,132.30796875365522,0.0,0.1584239903127788,4.817787628391976
77149.68894278344,0.1431264384545551,53.81191321971908,36.26898473887571,0.0394683550161802,40.37480019441573,184.83728657848388,190.8056129905925,0.0,0.1733555891156875,5.355606457474309
76615.30967573362,0.1087904886852967,39.52113899193495,36.0769354035934,0.0374232134507491,40.3821765838228,141.58714253176163,150.11346848065733,0.0,0.1629688669804963,4.981488801991636
229926.53465188656,0.023332051976028,0.0,35.35653719731493,0.0325700716124642,40.08965009525616,21.15611689511796,36.18297916851418,0.0,0.1302291264295541,3.878828352994909
76203.4856452998,0.0834869219453918,27.81924253059909,35.86363119638108,0.0359862365631302,40.29556180578962,105.9284690046632,116.37955231007084,0.0,0.1532748889254532,4.654999770164822
4383246.407872865,0.104295145942002,0.0,30.13760005795136,0.1976998065200024,35.17741615673103,0.0,0.0,0.0,0.0,0.0
143210.2181656913,0.0903898177856334,18.590519619195053,33.96408433774483,0.0896329067233398,38.597674166921806,70.78788285110356,77.77193603002522,0.0,0.1024276569200037,3.1107556023285428
76012.67106629444,0.0838451473351159,27.340318476389733,35.765054319446726,0.0387702274808996,40.20745002267456,104.10485027111564,114.37601224394206,0.0,0.1506361746926007,4.574861306300509
127272.879960415,0.0227239145086325,0.0,47.781546736289954,0.0,50.58825643852399,34.59603678295372,100.177853378983,0.0044784080781908,0.3152899866096746,12.632705056196569
75237.60558886071,0.0817119168781706,26.38609688465592,36.18444945308277,0.0374170834708672,40.56975705396122,101.67887960426036,113.8804734021575,0.0001563037273503,0.1563828605853869,4.8560931615771095
86137.28181178548,0.0922826549214198,30.46859037267212,37.50311211274487,0.0,41.54089441323152,141.65629387727128,160.47490535637945,0.0024424575659568,0.1840168556101133,5.908217560693843
74770.93102766303,0.0834885004658863,27.072225979719228,36.40607205212025,0.0311285370966635,40.73297240248639,108.39773100197344,121.7114217001974,0.0005405288753053,0.1610272006327027,5.032919692710362
76224.07656442017,0.0961441616153122,43.72757784113804,38.56762666726114,0.0485666373872325,42.22137645491782,191.20895478936225,220.0555037126809,0.00729036712171,0.2055328164270843,6.845461708933698
74212.14047214786,0.0873963150633854,32.215064932347886,37.07351680894533,0.0365130730812754,41.19256175261151,133.96817772397696,152.07810382991514,0.0026247436878404,0.1747696430873873,5.5925963517128325
75602.15482941338,0.0695713587576397,29.096142672794844,37.60957480935763,0.0304562207850963,41.598383078033216,139.5385318504034,166.61502088436873,0.005396035428635,0.1901060819644286,6.113980012857751
73904.17559511139,0.0815205211059742,31.18694770995616,37.25022222721496,0.0345165006626743,41.32633613336176,135.80438155838115,156.8700330735461,0.0035382684665539,0.179825125599447,5.764464541070512
73813.0886936964,0.0702988993946761,28.113204204543106,37.900887728887184,0.0317108918698058,41.86962867852896,136.86545188168,163.13476110045232,0.005862209461398,0.1909565345072558,6.1364532844380655
73718.13876305711,0.0768732815025197,29.914010257891217,37.51968403636936,0.0333546065417122,41.55133129868805,136.24380539170463,159.46446130687332,0.0045006882402001,0.1844350051382067,5.918517214088036
73353.84452939563,0.0649464828906093,25.40307681355836,38.40459472201376,0.0301014482344458,42.30467934587401,134.2760987734224,162.19755420080412,0.0076075152976285,0.196680054237925,6.291476782027522
72650.03753990191,0.0647455558965443,23.75960177269054,38.73915282109569,0.028653122585971,42.59380291555105,132.0501051349061,159.3483752269493,0.0089389406544936,0.1988700429909088,6.305063017275375
71634.92561230758,0.0560928331029146,19.491262333222195,39.91947492762606,0.0305880888777859,43.57735669718769,131.9813558668654,162.78211772777405,0.0133679669950321,0.2117913377539532,6.666517366721276
151718.24110242544,0.0253004401191366,4.974195638753482,45.78197898169741,0.044815780032321,48.37669052738609,152.8962143371166,201.28697055675,0.0353207697843261,0.2799706980355329,8.641627126503174
70969.80113449792,0.0486394562010578,15.977369481819885,41.33850891847818,0.0340319376450392,44.73904763602268,137.04385046122508,172.10231511665768,0.0186816986470977,0.2282943250136252,7.144597698767759
69751.44889039449,0.0462607195026938,14.666484806987816,43.84890306322434,0.0484151396811912,46.72713118521784,160.52028313723088,201.7207282462213,0.0285987287547873,0.2575016105096324,7.99307896353439
69376.87704482082,0.0404817916154934,10.813481463176815,45.59176278490109,0.0484555673340046,48.14870095477031,169.1960558592383,214.58800794970307,0.0351838628834931,0.2774408678490994,8.549872567424803
68871.01965663306,0.0421963127657045,10.604359469956698,46.30564549421986,0.0419372947331537,48.71590196300068,178.85885810716283,225.7085783026762,0.0376221675227275,0.2869920278209612,8.837153854691815
68537.20251264163,0.0406116362778212,9.89240472496656,47.10587408099969,0.0470449929519582,49.35395499162686,185.1852525538581,234.0868997237249,0.0407807115477265,0.2961338709778466,9.102908011512492
68451.45259616115,0.0385562178183331,8.370501782886402,48.332186182760736,0.0500647468066209,50.339000555531705,194.4792643511161,246.2411315406883,0.0454781489007673,0.3101711006763468,9.50749095736466
68405.07759054696,0.0385843148416264,8.249400936475654,48.71793110729279,0.0511896802308871,50.644113434447455,198.57851437852645,251.2531493409896,0.046939624843769,0.3146995252663787,9.64477092726499
68387.02132317363,0.0380299436999436,7.644912199548683,49.1595556104776,0.0514230155324311,50.99980559928641,201.91173590838864,255.53989098199943,0.0485993389336187,0.3196818719314992,9.78915125345454
68364.98053116305,0.0376448369666692,7.26553773324948,49.37358844854942,0.0514835906658938,51.17288907013905,203.41427575686683,257.6970222209757,0.0493198742512906,0.3218503835356179,9.86788513781242
68305.52230362492,0.0347644663488864,4.4653230690565175,48.851377988610885,0.0500401686120078,50.797899926075786,188.578850061233,243.29242665535705,0.0461672593837507,0.312652621791207,9.705197604001008
68260.79622256322,0.0358653512373315,5.5339397764065446,49.43443296247605,0.0508468409098189,51.24165944825513,198.8663639936941,254.4284299572257,0.0473281095934614,0.3194085426465178,9.907195592751922
68256.89200573093,0.0356121249410214,5.332001164299945,49.56722764010374,0.0511829960363267,51.34856724935128,199.8537800907285,255.9655318823132,0.0472977675212665,0.3209736971323133,9.963690000396571
68248.32204711455,0.0353933953551324,5.164004193645994,49.6487376967251,0.051289648871792,51.41424872908924,200.51762356352185,257.4438703338443,0.0460038406917773,0.3221801364837911,10.02420533699202
68237.09756677736,0.0351490619835937,5.0418432984746975,49.77064060830675,0.0512271250360412,51.51091669476861,201.9178581759461,259.95794717886577,0.0439452772497325,0.3242287629460864,10.112351784860223
68208.87103673545,0.034913013181058,5.099923939236944,49.9074342697571,0.0507944698344868,51.61586742295535,204.4778149770612,264.8130328346918,0.0376638046643881,0.3281616602720263,10.273966961197257
68148.36206577547,0.0342556235734912,5.085551338824748,50.22323763690529,0.0499432869556916,51.86064075815685,209.6020656431453,274.8071422871181,0.0236055666117969,0.3380957887505332,10.616660348762558
68054.26087541717,0.0339571691267951,6.021335706314193,50.41594361605239,0.047135882805152,51.99176137876932,217.76521864538017,292.12811861466884,0.0,0.3554992034205078,11.186661454296996
67996.16799351957,0.0344752415314914,6.454159404701317,50.29622424627552,0.0469423441014414,51.89182755455122,217.67009467655737,291.9748526637718,0.0,0.3561509948646457,11.163039077124948
67895.37169795147,0.0341832347238699,6.243403468081243,50.44854264710074,0.0467612764973997,52.013916544191765,219.05535383586,295.16368521936823,0.0,0.3641155068583293,11.291148773887944
67853.48424860573,0.0312858396311962,2.905270378914141,52.0387932246953,0.0485465579541541,53.30872773463546,227.9907995769273,310.61488974557125,0.0,0.3894070313112063,11.952056033937746
67816.50286893625,0.0325503266358059,4.435511371308037,51.04168325303217,0.0469061426489281,52.503895884288255,220.9409275723079,301.2151297074802,0.0,0.3794121665207117,11.621097018761754
67806.98239887219,0.0323989145873737,4.382619616844166,51.11775440682989,0.046861489449135,52.563772254298605,221.89863150055984,303.1864304155376,0.0,0.3820570870768753,11.692929740928191
67786.94043844636,0.0318019044310099,4.115007419095174,51.378212166343744,0.0465948808301497,52.76941076038047,225.1053876777573,310.6335503866226,0.0,0.3926160268056946,11.979378721133935
67771.28077037566,0.031715804213673,4.26207496236503,51.31272949149531,0.046024914790224,52.71410317042363,225.42715748634177,313.0787977397924,0.0,0.3964129840022676,12.083222742737274
67702.40046733024,0.0311481985121187,4.817501597718043,50.9920130090297,0.0432771937721921,52.44434373533375,226.8877981315781,326.18754665240374,0.0,0.4162233294451204,12.657852020034802
67847.7327645597,0.0301213066233233,5.837848510259068,50.59781681248725,0.0457620030245039,52.10695434978821,230.2978007046498,346.4977095108448,0.0,0.4499344319022271,13.51047479620282
67676.94037149005,0.0308622271392573,5.101650309532843,50.88223628498309,0.0439691695497162,52.3503867113996,227.8374240152008,331.8435706399736,0.0,0.4256112799738171,12.895292502810172
67649.84814604172,0.0307169301241069,5.259075580854949,50.68354612802244,0.0429712139850986,52.18829584530948,227.3203824018576,335.4620425984647,0.0,0.4316073133047047,13.079702927471232
67650.44601872559,0.0289920660309794,4.217143765403128,51.08697532556956,0.0410643927155946,52.507824597792464,233.12249449020985,357.2974663983129,0.0,0.4635762770851568,14.033280705693285
67622.46857679424,0.0298020598379735,4.706433513615034,50.89752552898804,0.041959833362482,52.35777433487668,230.3978306295751,347.0435813986548,0.0,0.4485636956409958,13.585481891905827
67589.04969047073,0.0291137718544507,3.894987643658596,51.1745299769788,0.042058189090287,52.58372610706976,232.26261370119963,353.497285363896,0.0,0.4587393759155059,13.88679047941722
67562.34139431572,0.0284368073754454,2.7714208119794685,51.56761233036444,0.0427625359109186,52.90677247459341,234.0118078752588,358.3399707946105,0.0,0.467303790104174,14.127226378177966
67582.05104852162,0.0270644950672496,1.5819673739915192,51.917711224636406,0.0422407336582506,53.1897821129817,237.60615701537256,374.0079288383871,0.0,0.4926492650786615,14.848914381408523
67554.32395584535,0.0279257945607801,2.328499805128847,51.6979799007088,0.0425682305503661,53.01215778012955,235.3502484474302,364.1743040525662,0.0,0.4767417747585351,14.39596390653688
67546.08436705115,0.0274808799449099,2.015539778706956,51.71167732516318,0.0420111223241575,53.0231714287385,236.03566607388748,370.1827284180493,0.0,0.4870547913856891,14.685705769501077
67532.16927287828,0.0270929538482206,1.807044312659125,51.73997694487576,0.0413285349643132,53.04321542859874,237.56068371129,378.4422172272587,0.0,0.5011746756591349,15.057150956495663
67525.95100791287,0.0267547046648984,1.611783369810352,51.814626583014686,0.0409204954566299,53.10023666783681,239.4076736882384,386.23471190350347,0.0,0.5142809474769058,15.396007921957898
67523.94774390191,0.0266866035358117,1.5002638215120787,52.05220114702188,0.0412392757663387,53.287506659759366,242.20265743400304,391.0560761521322,0.0,0.520856482377315,15.558433758670107
67522.95978206121,0.0266064037650493,1.511009443474106,52.01139629284163,0.0408768372846806,53.253676290471226,242.3327665820556,393.14134058624734,0.0,0.524399104917206,15.656424510846616
67523.81209699,0.0263923906596601,1.6097134282136163,51.86966366067886,0.0406266423532897,53.13647876656255,242.56858049593907,398.7757234189149,0.0,0.5339993685640132,15.921376826187782
67522.16106811116,0.0265201302686796,1.5507992397747532,51.9542606809634,0.0407759780804471,53.2064313325744,242.4278284746736,395.41268703475566,0.0,0.5282691871225706,15.763232748473824
67520.8738220202,0.0264084007271266,1.5090062691778556,52.01899367347589,0.0406156127874783,53.25603981547164,243.71227158220245,399.2209490315889,0.0,0.5336176381594778,15.915371423410413
67518.17696049181,0.0263885802592839,1.61513721824438,52.17970966466744,0.040257763917927,53.377978571156,246.91732383928704,406.38488290569023,0.0,0.541844775823159,16.17032391421272
67516.30795334464,0.0263022660975269,1.5046604406666146,52.30222256229559,0.040496414766121,53.4750302838106,248.28271730814177,408.9998996187319,0.0,0.5446328554929819,16.264837912873567
67515.60393011685,0.0263362068485553,1.4448899057558742,52.36955506827111,0.0408113265550222,53.52972357541327,248.5459110612022,408.1539685572982,0.0,0.5423543004882438,16.21860044727586
67515.50336125976,0.0262958893272037,1.3965927008448575,52.37180602816815,0.0407596790561842,53.531842583051954,248.54215518206613,408.5720896920976,0.0,0.5431742711094424,16.241467072065344
67515.38674540925,0.0261966232245381,1.266060147833179,52.38685503222443,0.0406758324144555,53.544736690485344,248.59373448279405,409.63705929469046,0.0,0.5452276516093841,16.298334664249563
67520.1878984705,0.0263127220927532,1.177801888278407,52.27785319614718,0.0409681099564669,53.46330274458452,245.9937129478647,403.0108181024596,0.0,0.5371222165503431,16.05159775284139
67515.3845097806,0.0261990187849494,1.264239044873171,52.38460591052944,0.0406818632097554,53.543056399023975,248.5400861677556,409.5003347829023,0.0,0.545060405712483,16.29324354505035
67515.37717371629,0.0261806076822041,1.2462581332197296,52.39433722933451,0.0406776125705935,53.55072417725611,248.6817045880656,409.9654133462696,0.0,0.5457606994276063,16.312865638863958
67515.3761263353,0.0261744623628891,1.24291983775233,52.39839670163414,0.0406755904649608,53.55385171931145,248.7579908404508,410.19380194558136,0.0,0.5460915861139687,16.32205292582768
67515.37611936414,0.0261743610561368,1.2432076482786494,52.39823841688644,0.0406749458162657,53.553718269591606,248.75881181481765,410.2006623496553,0.0,0.5461019839417421,16.322352268288505
67515.37611876706,0.026174364933246,1.243293348869078,52.398171884360615,0.0406747990579963,53.55366414317174,248.7585248873312,410.2010145782581,0.0,0.5461025964209171,16.322373585469933
67515.37611768676,0.0261743345131944,1.2432836898447277,52.39814971486722,0.0406747343261499,53.55364633878976,248.75842209550456,410.201484643866,0.0,0.5461031448778445,16.322399809956828
67515.3761140124,0.0261743489959107,1.2433730445653826,52.39804706972968,0.0406744290095435,53.5535639287453,248.7576828299535,410.201078715098,0.0,0.5461022552058157,16.32239605690315
67515.37611708613,0.0261738486229737,1.242740267948547,52.39800907287333,0.0406751941595756,53.55354068960895,248.75618554198311,410.20250216629887,0.0,0.5461049422040518,16.322535561374114
67515.37610940884,0.0261741306253636,1.243096890989139,52.398030487309455,0.040674762932941,53.55355378682405,248.7570293901508,410.2016999313839,0.0,0.5461034278537178,16.322456938828196
67515.37609438908,0.0261742518544867,1.2431850265803257,52.39804820677051,0.0406745948742275,53.55356766272664,248.75715841305865,410.2005113462671,0.0,0.5460995056127969,16.322388766670272
67515.37598886971,0.0261736493643576,1.2428655833573246,52.397402485718935,0.0406716582883604,53.55305864797592,248.7515237457229,410.2036250958619,0.0,0.5461083510177295,16.322701369382386
67515.37578797308,0.0261733162386684,1.241971081682075,52.39760860431899,0.0406703264576602,53.553237422663145,248.7512146656425,410.2040381685029,0.0,0.5461042126981,16.322741503653333
67515.37688360772,0.0261685119056798,1.2403039901844686,52.39966130086784,0.0406616531420259,53.55481068896679,248.7970192846872,410.35298854375327,0.0,0.546304340239131,16.328734455576402
67515.37572055362,0.0261723838404989,1.2416475418557336,52.39800698022451,0.0406686431889025,53.553542753418775,248.76010417081525,410.2329456271584,0.0,0.5461430523358548,16.323904582360917
67515.37520926751,0.0261709683878069,1.2387284972291093,52.39846236973286,0.040666945694049,53.55395017172776,248.7573054539391,410.23554796146544,0.0,0.5461485115992478,16.32417548086931
67515.37390329716,0.0261670367554174,1.2311831939508326,52.39939373875701,0.0406641265597527,53.55481492172324,248.7467763008252,410.2384860955427,0.0,0.5461679510866461,16.324764974622198
67515.3728986433,0.0261546903305216,1.2173629308521974,52.405294377515816,0.0406552036987877,53.55956431821452,248.8221122644251,410.5139195553895,0.0,0.5465836431711192,16.336416990385608
67515.37162636271,0.0261552139051034,1.214343371797851,52.40536586536816,0.0406619264723745,53.55973029859565,248.7945038101606,410.4207020738985,0.0,0.5464620685611683,16.332690322382618
67515.37071136855,0.0261544461815082,1.2123505892954702,52.40589169953031,0.0406665125483433,53.56019857287146,248.789559922028,410.4029404982156,0.0,0.5464510429436563,16.331975195589138
67515.36981347551,0.0261534801525824,1.211295171948604,52.40696500843698,0.0406703340787193,53.5610693587229,248.8000427591445,410.424680070054,0.0,0.5464892796232638,16.332696071021378
67515.36814879173,0.0261525883182117,1.2109307327220238,52.4084556827369,0.0406747154492389,53.56226971170695,248.8189583742697,410.464178605934,0.0,0.5465464128211416,16.333916813553248
67515.36344520189,0.0261519040153367,1.2119785971038337,52.41087721160197,0.0406821393689069,53.56424636456418,248.8522496482917,410.5302769601162,0.0,0.5466289800171747,16.335567773139335
67515.35151663068,0.0261516444648104,1.214637307442983,52.41545126707854,0.0406944175803458,53.56807975870967,248.90850090247727,410.63199180493706,0.0,0.546723144864469,16.337155375838098
67515.32057978469,0.0261533704469817,1.221104850918961,52.42460851311687,0.0407159777644478,53.57599754349798,249.0029180634837,410.774576384354,0.0,0.5467632956668206,16.336511238514145
67515.24384456892,0.0261585833407511,1.2312138924336116,52.44368890811357,0.0407547661958542,53.593041420422175,249.14859774827244,410.9418986790954,0.0,0.5465661554722133,16.327910275602754
67523.97378412054,0.0257307943112248,0.991179090694554,52.66728026534251,0.0402733559231166,53.77651114486583,252.7297799861944,422.89491309999454,0.0,0.561803405276802,16.76373909165335
67515.23820380983,0.0261474781828419,1.2249827266181534,52.44949321153834,0.0407422690612181,53.597804189265865,249.2415631856932,411.2521920795172,0.0,0.5469617057399915,16.339224141760038
67515.05261431148,0.0261687155271618,1.253095109828955,52.48618493599768,0.0408095123480302,53.63178685720344,249.4414699519641,411.2951253657579,0.0,0.5458845137221586,16.304193877700637
67520.14622538254,0.0254882933482477,0.2721480015386663,52.93168476056639,0.0407895332705101,54.01091652183005,252.65409212059,422.6667068906023,0.0,0.5607802541519642,16.699278803155437
67515.03434999469,0.0261266830729843,1.1924980045940443,52.513705277842185,0.0408082781588953,53.65520724347187,249.63992673111863,411.99759435366224,0.0,0.5468046843845199,16.328599885529375
67514.62907393718,0.0261938751807418,1.2583831813719002,52.57804803449582,0.0409360446040441,53.71756865049314,249.7469956673307,411.1633641056586,0.0,0.5429645005787458,16.214572830889395
67514.33643117902,0.026287354830547,1.4448066108975222,52.69296346760731,0.04094241906248,53.82628076357142,250.7219600427161,412.4717189531452,0.0,0.5397145499793249,16.12302556487205
67513.6751779934,0.0263441417082083,1.402180999297264,52.7386707075328,0.0411130528154871,53.876110266674615,249.92911963173307,409.3348635477124,0.0,0.5329534640192356,15.929266581495243
67513.28605927786,0.0263454353259053,1.3283490696091054,52.76531135432961,0.0411316796012832,53.905634907089336,249.41978461905168,407.81764852201314,0.0,0.5294561840629227,15.834587754430602
67513.53063160273,0.0264342299259557,1.337610647979354,52.995411366069646,0.0417085793125668,54.13439172870867,249.19860308148264,404.95124663290096,0.0,0.51536452878608,15.441640353367038
67512.97084042068,0.0263835923972427,1.3323289817475668,52.864190594257664,0.0413795866071763,54.0039369474892,249.32473785153715,406.58589004455615,0.0,0.523400677361443,15.665729265223892
67512.84458052089,0.0263028727586566,1.2413432308763834,52.80796165028286,0.0412623411152042,53.95059739583628,249.13797848931,407.35842477299775,0.0,0.526606582629257,15.766983807334702
67512.80584662901,0.0263364688229283,1.2901200148358063,52.82417271326742,0.0412771695539908,53.96648599614967,249.2311313810648,407.2025535829292,0.0,0.5255093486993244,15.734053766510623
67512.78832992705,0.0263453636534089,1.301809515380426,52.829198865942864,0.0412803066571827,53.97162076566097,249.2426316720302,407.135955263666,0.0,0.5251222094705319,15.722680868852038
67512.82598225497,0.0263048463684125,1.3083697168274164,52.90382317752794,0.0411819331053584,54.04023678800601,249.9324452375983,409.0348522793723,0.0,0.5255520353176727,15.73422570487743
67512.74673344305,0.0263283139829724,1.304570047649013,52.86060077056672,0.0412389110740774,54.00049438263084,249.53290516781337,407.93501098305785,0.0,0.5253030801542286,15.727538934971069
67512.59156787263,0.0263928793068636,1.3801140548595985,52.87833917084589,0.0412739932688139,54.02167976226218,249.40307799999104,407.047278405468,0.0,0.5223382588782838,15.640656266361564
67512.28278061713,0.0264627192826978,1.464102468823569,52.89305382987048,0.0413043715461646,54.04315830694828,249.1054826491128,405.8309091653952,0.0,0.5184381468992975,15.526786573708828
67510.86678582088,0.0266786586768944,1.7158942210063373,52.96160070367446,0.0414183208750564,54.14076973170407,247.7481031132557,401.23194215266034,0.0,0.5030338261052827,15.074565695674988
67506.8958489626,0.0270987350754629,2.1831335799543106,53.14815468247799,0.0416657731178322,54.40481322174258,244.0055825025325,390.29441571647294,0.0,0.4648680588447412,13.951680132448743
450517.9065968973,0.0288540253221364,4.259531885086068,60.05412548321976,0.0425731450289726,61.99202888026877,224.47015816132617,348.8796774033532,0.0,0.0,0.1071403346426596
67653.59530237113,0.0276815069942503,2.8725162200856538,55.44099819497702,0.0419670286342411,56.92383606480387,237.51964848152,376.54435554348726,0.0,0.3105277432477369,9.355170217358353
67506.10202235305,0.027136669333049,2.2280074282010776,53.29740229308487,0.0416853826837538,54.568783478910845,243.5833948783388,389.3993857611655,0.0,0.4548216151177298,13.652480418984494
67694.76251818535,0.0294668190149828,4.688988163312006,54.67595466639733,0.0432068621500239,56.46036137532177,218.6826573395378,321.6088979664221,0.0,0.2066893533272871,6.333357654590817
67496.6422240265,0.0277651366392192,2.891761325696788,53.66921321286716,0.0420957426314317,55.07896309277235,236.86738879341027,371.11553662535823,0.0,0.387897582146619,11.678431540094389
67495.45534129944,0.0282840836744256,3.439845711042307,53.97623025668791,0.0424345909312941,55.50023591864061,231.32175195282417,356.0179345575468,0.0,0.3326361100645638,10.048391595303723
67494.23192769014,0.027997261595121,3.1369194153430824,53.80654190524452,0.0422473094413889,55.26739838480252,234.38682600041423,364.3623807607713,0.0,0.3631791313224125,10.949314839095678
454464.82194206567,0.0317512428466186,7.006066331503577,56.68897016181143,0.0448956649285176,59.075291047344265,190.02710793509792,247.99802182039747,0.0,0.0,0.0
67589.8372972857,0.0292472442880907,4.425249419609381,54.76631905730087,0.0431291461640474,56.53533224114888,219.61613959260708,325.61593398617737,0.0,0.2422494840526871,7.30346443872798
67493.66069952994,0.0281292794676046,3.2729873682647934,53.907909498880365,0.0423404452973155,55.401312183054415,232.82680872525697,360.2701453256341,0.0,0.3504070546828507,10.564255577109964
67649.7336786463,0.0291636793890789,4.375097273107811,54.81922381120944,0.0429730452125734,56.59686092501193,219.51279261088376,326.7515090982575,0.0,0.1887396775111197,5.849593102169904
67490.16487777552,0.0283609248733226,3.519795871197864,54.11199088871186,0.0424821108765416,55.66904554965371,229.84524366466232,352.7639207728157,0.0,0.3142029672705754,9.508445460386238
67454.11100400955,0.0288639868216224,4.061272108808222,55.004279131711264,0.0428001925798498,56.78705605678162,219.6524587551244,330.255952443995,0.0,0.2171565511008181,6.604132614661082
449957.3319572933,0.0299896666972375,5.272909971424683,57.0009137843358,0.0435119501942461,59.28877961757431,196.8445065975104,279.8908491513262,0.0,0.0,0.1052778832071243
67425.67729920862,0.0292360443612676,4.461740316396731,55.66420296309352,0.0430354413326902,57.61392089914395,212.11401843303003,313.60937572092195,0.0,0.1453823869973188,4.456143693232582
4408958.179084647,0.2461958106591981,239.8909822767048,453.891287136302,0.1777912844839517,555.499669128591,0.0,0.0,0.0,0.0,0.0
2059064.1972434968,0.1026390973534272,84.11349058508833,190.39463829338845,0.0886267989591182,226.06143808139183,140.35040621545852,207.50728122811228,0.0,0.0961957970641573,2.9485160015348475
67372.5190592241,0.0295844354868417,4.839789481913331,56.30367075224424,0.0432518304848093,58.41341925403601,211.7734085453403,313.1057859297716,0.0,0.1451489338815227,4.448988076578417
449594.1642866202,0.0305906761438164,5.934654394862559,58.15975083674199,0.0438906102537483,60.73420876791941,196.20156244211023,279.07598963640146,0.0,0.0,0.1007949361056033
67325.78915416014,0.0299157490521456,5.20028336110711,56.9148014057534,0.0434621543285381,59.1775595646415,206.6462415847691,301.90117691465014,0.0,0.0973573738297503,3.017307332996568
449770.0374150274,0.0308563626116023,6.101057688375148,58.037077377187394,0.0442154673690657,60.75636527670211,190.2088548031548,265.92925664734616,0.0,0.0,0.0615086604905776
67268.24478862478,0.0302253554547831,5.496776534366032,57.284202657509645,0.0437101100784769,59.69722925477119,201.2358154442438,290.0608874376875,0.0,0.0653118371918613,2.044395360045731
458969.4084257429,0.0312460782693713,5.922669360589785,57.05061671360375,0.0454311523450013,60.6019915018054,148.95123801815484,185.824454335946,0.0,0.0,0.0
67346.16802670188,0.030563923357349,5.63804274183355,57.20672353980324,0.0442809699261032,59.99733370224823,183.89332102489672,255.48626049506672,0.0,0.0436482754347,1.366281146104683
67206.13856466491,0.030365651086532,5.555314368789253,57.252096891772304,0.0439466627533047,59.82158641541856,194.0494395585684,275.73386738459254,0.0,0.0563348991548609,1.7633986638978456
451193.0487661468,0.031662968488138,6.615756625676594,58.5764761993393,0.0451397176729222,61.89541138089357,168.47029401188752,222.3466904042828,0.0,0.0,0.0
66979.07157297584,0.0307953856703366,5.906584390565124,57.69079569426447,0.0443418605350528,60.508538049088834,185.57638319474103,258.049439308828,0.0,0.0376740422111228,1.1792753106045566
66482.16140061259,0.0312291770792373,6.261170508120859,58.13363594680189,0.0447407891039875,61.2019747149912,177.02333860331427,240.1980648565554,0.0,0.0188370211055614,0.5896376553022784
67229.51887102038,0.0315118207160591,6.492206687667253,58.422175500467645,0.0450007173073642,61.65379431569029,171.4504674499968,228.5667201735338,0.0,0.0065634627940755,0.2054499376984737
66277.6876072141,0.0313402307913061,6.351947097501483,58.24700622774495,0.0448429176789695,61.379499475170775,174.8336978407763,235.6279849569129,0.0,0.0140146085930779,0.4386861863398312
66299.494346898,0.0314430125090911,6.435962063029439,58.35193196146455,0.0449374390612453,61.54380105015404,172.807155596367,231.3983139828412,0.0,0.0095514003610626,0.2989785530413609
66277.6876072141,0.0313402307913061,6.351947097501483,58.24700622774495,0.0448429176789695,61.379499475170775,174.8336978407763,235.6279849569129,0.0,0.0140146085930779,0.4386861863398312
75698.2052567531,0.0237831351818703,0.0,50.30465429684332,0.0398749286311361,50.51968334775059,266.61079925130633,443.0342673347936,0.0,0.5189623260502866,15.736673201130822
67518.89166067724,0.0289648100688403,4.3553405249219175,55.75048794389215,0.0432813304312878,57.965935110703455,203.68198027698293,300.8219703968828,0.0,0.1727347484192861,5.247300136066042
67071.33046686648,0.0307286687490768,5.837912349253781,57.60426710970325,0.0444408804830828,60.50066299190243,182.2608093223915,252.41245033588973,0.0,0.0548777752468848,1.6766840448134748
66365.63816592016,0.0312188281623378,6.249904842572066,58.11941456364072,0.0447631083233304,61.2050395640993,176.30807132579793,238.959908919046,0.0,0.022126452555233,0.6844440723720127
66232.50885608443,0.0313033050172328,6.320909966893403,58.20819799927093,0.0448186428979346,61.32643581982971,175.28214267817586,236.64142158922223,0.0,0.0164819037415428,0.513435804642784
101013.73273331576,0.0316557723510997,6.529728389428677,58.39446737366928,0.0450677012447872,61.64142507065902,170.74440598140893,227.0480282235797,0.0,0.000817893189645,0.0
64707.50452193705,0.0314252096365928,6.393132064854241,58.27262126634464,0.044904782406633,61.43537824097152,173.71271762335806,233.3234432853049,0.0,0.011064337174361,0.3358585079210416
60195.684338914805,0.0315729722173359,6.480673649721115,58.35070976087983,0.0450091935124305,61.56742912948433,171.8103918739312,229.30166757565533,0.0,0.0044976162287847,0.120614165395489
60101.678205906224,0.0316202587987129,6.508688470901532,58.375699429663854,0.0450426068720654,61.60968769761544,171.20161473357965,228.01462979235592,0.0,0.0023961519554136,0.0517322531577804
59711.69878688428,0.0315849881538252,6.487792462336879,58.357059855647805,0.0450176841411792,61.57816740355713,171.6556962448207,228.9746199479117,0.0,0.0039636156622807,0.1031106652775407
59284.61657136649,0.0316037590079527,6.498913209628684,58.36697974018546,0.0450309478891887,61.59494234044047,171.41403642156934,228.46371817020977,0.0,0.0031294196138243,0.0757673410407498
4352001.442153255,0.051075644875886,13.832236056780095,66.27824715683167,0.0534297116016417,73.14614870454474,53.96164710197935,0.0,0.0,0.0,0.0
67206.7788041346,0.037621192262152,8.765143664322268,60.81181348452184,0.0476264335242348,65.16463321542383,135.11750520366775,157.86114868003943,0.0,0.0021623292262629,0.0523528181407522
59272.9624947944,0.0318803534354676,6.6030816629796805,58.47935778599294,0.0451502507269639,61.75902502524335,169.7456476170926,225.21843459758577,0.0,0.0030849668046608,0.074691080402123
4384103.551986552,0.0,0.0,0.0,0.0,0.0,2226.1676816587046,4209.153938539778,0.0,0.0,0.0
58666.45130743028,0.0314685867413887,6.5177962500496776,57.72403831075125,0.0445670900190279,60.96134536288773,196.30639777635275,276.67495170309815,0.0,0.0030451213686599,0.0737263702925998
58722.87763623412,0.0306960333678956,6.252661386206561,57.27931820033741,0.0441486054359731,60.38174357368263,206.41985136633988,296.2053089237142,0.0,0.002350691724142,0.0401318098716511
56431.82635783686,0.0310508309128574,6.374425398898634,57.48355729731597,0.0443407957852313,60.647927502096046,201.77521627972013,287.23593149057905,0.0,0.0026696107030465,0.0555602164651404
4239105.148764355,1.6655255701837255,590.4358483077284,1008.737383295851,0.9565903093840024,1298.8129037948297,0.0,0.0,0.0,2.527904203133439,73.27188999862052
9982837.008495374,0.7812768540010516,274.45937527312697,494.1102959550626,0.4630645045142205,628.9672558910837,109.16013057039724,155.39426676938547,0.0,1.161755560534805,33.66195045170587
491566.0675576446,0.0584942298688899,16.18101968793937,73.45543965689023,0.0596577821831403,81.43714779493833,198.38734026869395,282.41314036814174,0.0,0.0450691771891926,1.2848878408274953
58938.84452766745,0.0323034249456775,6.822025986144393,58.21255899891128,0.0450399061903799,61.59680607677682,201.6205840753732,287.015805718579,0.0,0.0046048463515095,0.1116701920962265
56146.57137781429,0.0313228247735721,6.47161938880535,57.64185598155771,0.0444926037399076,60.85397123223884,201.74163875248536,287.18813239765643,0.0,0.0030898364119564,0.0677441870866078
4084958.8930694754,0.0328619960667271,7.041873642299532,58.53716765083274,0.0453627823220316,62.01033053794308,53.9459800486741,0.0,3.427731206354603e-08,0.005680509535376,0.1395286563710033
63154.58902155845,0.0318009267026541,6.648753447811817,57.91996033427897,0.0447629011789318,61.213162972123655,155.83291510978196,197.98090723734032,1.064731982347096e-08,0.003894558942474,0.0900420907673906
55841.514761034894,0.0314195581569305,6.507458559897189,57.69812426522076,0.0445472924667239,60.92664576074404,192.4530207957393,269.1390173766316,2.154250396356393e-09,0.0032526542721378,0.0722556762349242
56179.64462488632,0.0298419997353073,6.094992131146589,57.20877691905128,0.0437232397937205,60.110507234609614,225.43271036529865,333.4337823011759,0.0,0.0032624378018544,0.0649199744420524
55573.54914398863,0.0307744904963731,6.338799985605624,57.49802888779015,0.0442103352278259,60.592924636677765,205.93849994183384,295.4293106725783,1.273371917065173e-09,0.0032566547823818,0.0692560890695844
55201.75444335449,0.0288472271145434,5.690038623794453,56.77674388950609,0.0431263875621987,59.40680393542005,238.40412853277024,358.87567653003845,0.0,0.0032701622938913,0.0685420325653641
55047.17052672209,0.0292037752312019,5.767650635714887,56.8060469286069,0.0433466124256216,59.541096906080966,233.9441612326984,350.2132461446333,0.0,0.0033271078045179,0.0716875063348824
54930.163025953225,0.0286138197483041,5.546295564426722,56.49472877032377,0.0430332320762398,59.11103715722504,248.70068742488337,379.0066712207114,0.0,0.0033426830472738,0.0725344608555563
54776.53991620925,0.0280332085577275,5.331028857253981,56.11723710923405,0.0427526709332322,58.649940007014905,268.4663353578566,417.50253507843297,0.0,0.003327389660175,0.0718251963506036
54490.121791660415,0.0274420989490942,5.082393898519013,55.37882146324508,0.0429029801743243,58.021264536890186,297.4733369685304,473.4443884187174,0.0,0.0032487537857397,0.0687590234999854
54269.56177917473,0.0267892848526746,4.790583736954532,54.44005432253839,0.0431786634829907,57.25856550595342,332.5237950166366,540.9846669439216,0.0,0.0032306279488086,0.0674876458969769
54077.09867799989,0.0263099967641707,4.507736333537792,53.22379341104312,0.0438735183426317,56.418386218856185,373.04466585729887,618.7914770218764,0.0,0.0032561080746415,0.0677469072909469
54617.581970913656,0.0245673048982561,3.621367050226283,50.5066925822823,0.0444849959263559,54.17161399566775,469.539305269453,804.8246541494755,0.0,0.0032540945160682,0.0667431385794885
54018.73287131608,0.0258782374016592,4.288134552983476,52.55062006086534,0.0440250145290216,55.86173879209878,396.9516254370437,664.8819922378008,0.0,0.0032556092068939,0.0674982193000032
53981.52505758319,0.0255813810952176,4.08257082593054,51.82748357694191,0.0442860425367055,55.31532217767904,420.4148133027281,710.0187966951383,0.0,0.0032865571085919,0.0682387627900611
53937.194123327645,0.0254199366294742,3.9017257864544295,51.22824932247101,0.0443079605892741,54.8467614696574,439.7072132717599,747.1245605739218,0.0,0.0032932978191273,0.0682560725133508
53847.7703161317,0.0250198099927556,3.4333131768232734,49.8162241135282,0.0440147455743414,53.675297046270096,486.6777800899736,837.5660424566593,0.0,0.0032520218336955,0.0669251500937433
54279.04891701148,0.0239229616248002,1.4707947047197096,44.889331497760125,0.0413970763878719,49.2170763221138,640.3084960275803,1134.492189297427,0.0,0.0040023902029659,0.0842305270654272
53796.949100625454,0.0247619378158428,2.9719194915901146,48.65789761976498,0.043399324089227,52.627156649763926,522.7967991968268,907.3742257070812,0.0,0.0034284355755794,0.0709936935336203
53627.18185159027,0.0242570394143782,2.109286743735826,46.39766136536674,0.0420247467887301,50.5922566024761,599.0177932751487,1054.475007708731,0.0,0.0033676379529675,0.0697367542672111
53469.832661667446,0.0239120280147366,1.051047470795723,43.90802479640706,0.039349682612224,48.18029595571687,685.7601773411011,1222.0997593920792,0.0,0.0031846057826501,0.064862432528607
53382.52402470606,0.0238105318534592,0.8085095911640128,43.60878306993042,0.0383981755325809,47.73081352163904,697.5158795253717,1245.1633226567546,7.62986165228302e-10,0.0032140933527511,0.0659314902517893
53283.814416520014,0.0242734162386108,1.000567850231031,45.21791130873139,0.0363894684028612,48.56958280301951,650.2434838429386,1155.086724395356,0.0,0.0032239202069659,0.0665580689979831
75973.10700136737,0.0227957816740808,0.4106882213823807,42.64586972609834,0.0366027733930394,46.60470526911221,765.8987885216533,1376.9319645500775,0.0,0.0020107763726656,0.0223275305307801
53418.57963584401,0.0240561503345852,0.9138341381857652,44.83972785725,0.0364208319772095,48.28067450055318,667.2490107367736,1187.7060254140208,0.0,0.0030455440385956,0.0600545747266023
53281.22531918356,0.0242469108279617,0.989986748400122,45.17177471989496,0.036393294610297,48.534337359280215,652.3180775333138,1159.0661245339254,0.0,0.0032021591597649,0.0657646735175002
53268.86962610958,0.0240610820377481,0.7721468321192719,44.44231403880638,0.0364339825997044,47.96982862476815,675.2633878265252,1203.1950450374743,0.0,0.0032300137856375,0.0664185265710865
53268.56593351577,0.0240560346596747,0.7821210337215048,44.442317124887104,0.0364540209879585,47.983797330642325,675.0988101953302,1202.8465551666316,0.0,0.0032239679527975,0.0662959419471608
53268.31415975834,0.0240553887221674,0.791398014972287,44.441839626529166,0.0364599502651105,47.99694353023882,674.8762274053461,1202.387366680546,0.0,0.0032212125287868,0.0662351027979049
53266.72637289133,0.0240539972613046,0.852047488211196,44.43553575391665,0.036445144561678,48.08274290930845,673.2556407355519,1199.0610731410404,0.0,0.003210220055989,0.065986731766107
53263.84874514882,0.0240514151582746,0.95718563388118,44.39981987715648,0.0363289294664001,48.22417710474611,670.6764454282333,1193.706923453342,0.0,0.0031985465567037,0.0657084875249381
53257.25120098831,0.0240540510345185,1.2154539050114774,44.318839939497146,0.0359492878633179,48.575791305621856,663.7294123271281,1179.3803482093729,0.0,0.0031845266505537,0.0653347364771213
53248.27565181752,0.0240640962895266,1.5910031544507133,44.182890759281534,0.0352537447348003,49.08333597341819,653.4054648663201,1158.0933221685564,0.0,0.0031819652113508,0.0651676192524902
3966645.430772286,0.0266149388735662,11.525652368260667,65.67251779943075,0.0624126933614969,71.38173945042752,0.0,0.0,0.0,0.0068422548306194,0.1661241676116769
55432.8485092799,0.0249130693687383,4.897459533495409,51.33508233454333,0.0442928035885401,56.50470504567301,435.9386352970686,772.6559533996204,0.0,0.0044001851706382,0.0987680429961435
53244.00688716854,0.0240995834983939,1.7292135535870077,44.48185349732975,0.0356315788232551,49.39355037337662,644.3153170258231,1141.9819792465037,0.0,0.0032328869981544,0.0665721222745747
53216.74091586693,0.0240003556076705,1.841474803076292,43.96074920311755,0.0339553309346819,49.38760645555166,661.8118920104102,1182.867621325376,0.0,0.0032375411461623,0.0667060382592768
53172.56184093613,0.0238374453767177,1.851027050233605,43.755744769227285,0.033317784590278,49.332645203470726,677.2026696754858,1219.8702702830917,0.0,0.003244545896546,0.0665214745237015
53358.24443732826,0.0225809961067868,1.0572706354830688,42.81619620029849,0.0302101629855784,47.85086588179727,822.683890050452,1567.0907058173416,0.0,0.0033136714088725,0.066410985807502
53085.31034875574,0.0233546603692726,1.5460297011356925,43.39472743752852,0.0321236949000162,48.76327813233903,733.1031773543297,1353.2881682963653,0.0,0.0032711070652154,0.0664790197291073
53051.20974136179,0.023042100134665,1.6466377525947369,43.48340018998552,0.0316196245106451,48.94744442044116,761.4051977639663,1429.7431514068426,0.0,0.003332794154169,0.0677954445390668
53013.26815793956,0.0229371980559644,2.2101496157309253,43.95161710346982,0.0322774998573768,49.92998401505453,761.0248352386117,1444.3304770870548,0.0,0.0033515665141721,0.0676594205001828
52953.41044438497,0.0227043313227617,2.3237709799450537,43.94533885069441,0.031884074162877,50.09718442110713,787.5178611747589,1514.466881018085,0.0,0.0033518814356516,0.0682052891190126
52905.60019995175,0.0224385105355335,2.1887982886195085,43.694259269373966,0.0316289884992979,49.8022854104044,834.6884137476404,1628.0134504108914,0.0,0.0032699985515235,0.0662080513574372
52865.65461711101,0.0223557681946829,1.915168824325041,43.40787921228267,0.0316407325187449,49.28958316019244,873.3486566312027,1716.5219297592223,0.0,0.0031734502114699,0.0638151863431409
52822.89986482474,0.0220060344378395,0.9554104175828316,43.12361948761461,0.0317327966785801,47.7694035047076,982.8223605255848,1974.484885758332,0.0,0.0031201683279057,0.0621350939892865
52751.08456614393,0.0221078495776697,0.1046674179673563,43.17191180998873,0.0322552026469486,46.53928921790586,1026.9839315286747,2073.7927336902258,0.0,0.0031666365042092,0.0634843585204597
52743.69201066146,0.0219652876873294,0.0,43.36041453033906,0.032568143311186,46.17478249562463,1087.1222925557058,2225.3185710574194,0.0,0.0032078355830744,0.064395011016004
52707.89123649229,0.0219807916485645,0.0,43.455772951789335,0.0327369134718231,46.25045711589836,1099.264537081642,2258.183906608477,0.0,0.0032176967110608,0.0646353365355863
52672.6929240914,0.0218716501611379,0.0,43.52386469030498,0.0327443972001291,46.24142089023895,1155.0154821064016,2401.4165737836474,0.0,0.0032328909039244,0.0651269348598688
52629.264211907765,0.0215913549368161,0.0,43.503503757248026,0.0325779840700524,46.14970546282334,1273.2011476875366,2702.0534398253426,0.0,0.0032313648869341,0.0650542110854536
52585.14357381646,0.0212055814834086,0.0,43.03985102051378,0.0314131115887087,46.12454779814191,1431.753083838723,3102.397285683564,0.0,0.0032073365418192,0.0641929303928244
52526.3485214002,0.0209791533936345,0.0,42.33343818665305,0.0297608714754661,46.36950893525088,1514.7629699169754,3310.5343743432645,0.0,0.0031644819868962,0.0627368592985379
52507.13633040283,0.0207000567893204,0.0,41.79101135402416,0.0283127299373698,46.57568674141806,1632.5012539346649,3608.8870777493576,0.0,0.0031664010563481,0.0621217775147492
52494.901873370094,0.0206884322691977,0.0,41.67925678972718,0.0278127340730969,46.79786513652749,1637.103956644904,3622.789483827527,0.0,0.00318297841013,0.062687831526376
52488.61483005926,0.0205236333270542,0.0,41.43963894269216,0.0271093679903065,46.93924634542381,1706.3280093137796,3799.2279888221015,0.0,0.0031691879080784,0.0625025250161424
52479.13934032235,0.0204762209432908,0.0,41.519247593696,0.0271357940240672,47.04549215570791,1736.3180650432996,3878.0997169961374,0.0,0.0031917359463165,0.062972141403866
52461.68176599987,0.0203507170399649,0.0,41.86993950221438,0.0274223079142734,47.42685924432737,1823.3533601211484,4109.056178537846,0.0,0.0032604840856306,0.0646232497381813
52455.41461317847,0.0202993963407174,0.0,41.92600668649008,0.0274278859949561,47.59537476838653,1857.306620005655,4198.391911984586,0.0,0.003269707838576,0.0648075233719034
52437.03041539278,0.0200015710893158,0.0,41.84716230244115,0.0268969553031498,48.238841966636166,2031.96938598844,4651.308476027427,0.0,0.0032637085664271,0.0643932749097928
52413.94638167759,0.0198131557029245,0.0,41.82455672124152,0.0268569600066783,48.82416463030324,2185.88242122903,5050.032968810767,0.0,0.0032075209166723,0.0626880697168907
52415.21399052385,0.0194641333117103,0.0,41.53684787877972,0.0260273068963421,49.5659204765967,2405.589999692429,5616.457486544866,3.5089607728679524e-08,0.0031497071193642,0.060869100946391
52408.759238536775,0.0196414807567236,0.0,41.68304029910219,0.026448875434835,49.18901484682836,2293.950807848617,5328.642310379286,1.7259656316244406e-08,0.0031790838284156,0.0617933667589221
52406.557510307095,0.0195738339857263,0.0,41.56224462783322,0.0262196049474146,49.362556270758304,2345.445932538341,5460.627386438795,5.95599150975404e-08,0.0031473639376422,0.0609118743351759
52406.30563487858,0.0195829127071916,0.0,41.56337031088237,0.0262252058648692,49.35978717338654,2342.58999075308,5453.2993802483625,9.928022254084013e-08,0.0031466749845532,0.0609005472018653
52406.09965182895,0.0195731608109801,0.0,41.559380238886106,0.0261861915930431,49.3988108900899,2350.3878543494066,5473.6560549246415,1.470377218809393e-07,0.0031473879351829,0.0609055111091757
52405.34260435921,0.0195124924087273,0.0,41.5521941043376,0.0259808295587691,49.62184117981242,2397.460815799608,5596.595726697301,4.0289035437292483e-07,0.0031526146418707,0.0610240017311448
52407.05619472227,0.0194141639302625,0.0,41.48167965058817,0.0256293896746579,49.928933743165125,2467.9367567231056,5779.551415339241,7.011696179290061e-07,0.0031552606569902,0.0607915893592966
52405.22878105095,0.0194927948978135,0.0,41.5380683978892,0.0259104278698493,49.68335905553506,2411.5788072215905,5633.246061676918,4.62642718499731e-07,0.0031531447010408,0.0609774440572901
4384103.551986552,0.0,0.0,82.17123093545823,0.0,39.34843083783717,2411.787902676409,5633.163898545158,129.7422208007613,0.0,0.0
53058.97636695706,0.0194724521714589,0.0,41.58047326136585,0.0258833876867125,49.67257350027076,2411.5790254340964,5633.2459759312815,0.1353997472912837,0.0031498540718547,0.0609138078540285
52405.0807601167,0.0194924973619257,0.0,41.53868861803471,0.0259100323759143,49.68320130432195,2411.5788104132007,5633.246060422789,0.0019808336931674,0.0031530965717852,0.0609765133042583
52407.70187502741,0.0194971060038993,0.0,41.53941102439031,0.0259075535575339,49.68301756336773,2411.5788141306334,5633.246058962041,0.0042874680727724,0.0031421330524982,0.0609752559427146
52405.02898026279,0.0194930604569582,0.0,41.538776883391975,0.0259097295078841,49.68317885440738,2411.578810867405,5633.246060244312,0.0022626638653657,0.0031517570224592,0.0609763596767811
52405.00837941608,0.0194936562849335,0.0,41.53882489691391,0.0259094519496747,49.68316664242759,2411.578811114477,5633.246060147226,0.0024159693986945,0.0031517441416235,0.0609762182188128
52404.93511034752,0.0194960395968348,0.0,41.53901695100164,0.0259083417168372,49.68311779450841,2411.5788121027654,5633.246059758882,0.0030291915320098,0.0031516926182809,0.0609756523869397
52404.73806505383,0.0195066486743223,0.0,41.53985033433334,0.0258991641000211,49.68290582872177,2411.5788163912434,5633.246058073744,0.0056901058261096,0.0031514273692345,0.0609718547369442
52404.67840247254,0.0195082027490249,0.0,41.53993941157516,0.0258928340660855,49.68288317343696,2411.578816849604,5633.246057893634,0.0059744594311776,0.0031513339851334,0.0609698014108176
52404.05528555763,0.0195174255271199,0.0,41.54017765960738,0.0258112807266615,49.68282259060928,2411.57881807532,5633.246057412007,0.0067342525377892,0.0031503004952372,0.0609443907863272
52403.00405355673,0.0195236270606175,0.0,41.53964583165816,0.0256515975771643,49.68295788733605,2411.5788153380213,5633.246058487641,0.0050342630338592,0.0031484620987731,0.0608957446949973
52401.17226688892,0.019523212821486,0.0,41.536897104390974,0.0252404118882276,49.68365708850228,2411.578801191872,5633.246064046373,0.0,0.0031439798812906,0.0607718708046912
52400.94478485287,0.0195184677814565,0.0,41.5369831175861,0.0253084663373347,49.68363520202758,2411.5788016346705,5633.2460638723705,0.0,0.0031439364440945,0.0607909708979412
52400.89955000934,0.0195145470892598,0.0,41.53700718209556,0.0253500261614744,49.68362907591318,2411.578801758609,5633.246063823665,0.0,0.0031441904678899,0.0608023936084551
52400.898033480735,0.0195144391603269,0.0,41.53701419124791,0.0253504649551506,49.68362729384512,2411.578801794664,5633.246063809499,0.0,0.003144193769995,0.0608020234061007
52400.89279417463,0.0195140074445954,0.0,41.53704222785733,0.0253522201298555,49.68362016557288,2411.5788019388824,5633.246063752834,0.0,0.0031442069784155,0.0608005425966833
52400.860974117415,0.0195126598342993,0.0,41.53729707127094,0.0253555322189367,49.68355536881421,2411.578803249846,5633.246063237734,0.0,0.0031439375359968,0.0607867749103411
52400.786322159416,0.0195104576452391,0.0,41.53808438209707,0.0253558506987591,49.68335518409401,2411.57880729997,5633.246061646367,0.0,0.0031422398809064,0.0607438692126158
52400.75156827054,0.0195073506124233,0.0,41.54108679556736,0.0253911678201915,49.68259174382318,2411.57882274584,5633.24605557735,0.0,0.0031399978358671,0.0606096921859208
52400.50772372192,0.0195080297601832,0.0,41.54156166273806,0.0253766878112228,49.682471001388855,2411.5788251886943,5633.246054617503,0.0,0.0031373799861075,0.0605816433193898
52400.153109115054,0.019510448859036,0.0,41.54435395927401,0.0253675253860216,49.68176098739651,2411.578839553652,5633.24604897319,0.0,0.0031309336109121,0.0604498783773444
52399.77312627175,0.0195146908303219,0.0,41.55005037039318,0.0253752763066863,49.680312517393766,2411.578868859001,5633.246037458452,0.0,0.0031206084806366,0.0601922431728919
52399.61273687205,0.0195174750815896,0.0,41.55432421571052,0.0253969706970159,49.679225769975226,2411.5788908460017,5633.246028819254,0.0,0.0031143163237825,0.0600049492972364
52399.58860799184,0.0195179691859648,0.0,41.55524234099932,0.0254091473198875,49.67899230853845,2411.578895569377,5633.246026963329,0.0,0.0031136328596008,0.0599679313029829
52399.587579401385,0.0195178442831847,0.0,41.55512527502472,0.0254113221547903,49.67902207510815,2411.5788949671414,5633.246027199961,0.0,0.003114023544341,0.0599743104172847
52399.58752857372,0.0195178080269628,0.0,41.55508367192287,0.0254114368921896,49.67903265379752,2411.578894753114,5633.246027284057,0.0,0.0031141113249394,0.0599763415897535
52399.5873837259,0.019517757735765,0.0,41.55503821575661,0.0254116571011907,49.67904421222878,2411.578894519265,5633.246027375943,0.0,0.0031142178231259,0.0599788339862872
52399.58673141249,0.0195176261763932,0.0,41.55493026121362,0.0254125213811348,49.67907166241191,2411.578893963895,5633.246027594163,0.0,0.0031145206406095,0.0599859811631195
52399.58523429913,0.0195173951279248,0.0,41.55485372475752,0.0254144717983593,49.67909112363764,2411.578893570158,5633.246027748879,0.0,0.0031149074398065,0.0599949961204043
52399.581482441885,0.0195169294584658,0.0,41.5549096804521,0.0254190079528261,49.67907689529531,2411.578893858028,5633.24602763579,0.0,0.0031154336778538,0.0600071330007132
52399.57361099911,0.01951621583208,0.0,41.55532270663007,0.0254267006982633,49.67897187326533,2411.5788959828324,5633.246026800954,0.0,0.0031159763608837,0.0600198603343063
52399.55550262355,0.0195152448155841,0.0,41.55647930758104,0.0254389793976159,49.67867778142996,2411.578901932893,5633.246024463155,0.0,0.0031167214770323,0.0600392856664364
52399.51198546452,0.0195142794214492,0.0,41.55980796574569,0.0254700929745107,49.67783139609848,2411.578919056941,5633.246017735028,0.0,0.0031180432762748,0.0600743596075988
52402.88333740999,0.0194999197674514,0.0,41.582587664042535,0.0252886075626662,49.67203933475719,2411.5790362419334,5633.245971693409,0.0,0.003136109764775,0.0606456566546463
52399.49190124497,0.0195132543335774,0.0,41.561434132535695,0.0254571373354252,49.6774179201307,2411.578927422388,5633.24601444827,0.0,0.0031193329827155,0.0601151426009919
52399.36888897744,0.019513230013904,0.0,41.57014823432648,0.0254959329087775,49.6752021748352,2411.57897225129,5633.245996834708,0.0,0.0031210767832812,0.0601503124815281
52398.86346441019,0.0195169705775717,0.0,41.6087327656685,0.0256260961997956,49.66539126067773,2411.5791707454623,5633.245918845129,0.0,0.0031267207309511,0.0603017265668547
52744.91251558239,0.0195865013742425,0.0,42.31099576181096,0.0264424775202869,49.48682604295098,2411.582783471348,5633.244499374565,0.0,0.0031280373889567,0.0577860140485188
52398.78557998297,0.0195180000266109,0.0,41.619130229831526,0.0256381832605831,49.66274748553612,2411.579224234238,5633.245897828937,0.0,0.0031267402249363,0.0602644797933559
52397.73955173932,0.0195307870908916,0.0,41.69624364138812,0.0258049925142301,49.643139829143394,2411.5796209358427,5633.24574196232,0.0,0.0031330761561669,0.0604433358208341
52433.937836352765,0.0195537960589339,0.0,42.1525376343717,0.0271160663855902,49.52711695665627,2411.5819683065297,5633.24481965719,0.0,0.0030101933941809,0.057412888865104
52397.48141884786,0.0195325754195961,0.0,41.731708232579294,0.0259068932615207,49.63412216990428,2411.579803380808,5633.245670277891,0.0,0.0031235253249368,0.0602078000389389
52394.34087884319,0.0195831368609682,0.0,41.977144042032805,0.0262739650903018,49.57171515916825,2411.581065997851,5633.245174187416,0.0,0.0031375675932042,0.0606230306844248
52388.62935835256,0.019691054873605,0.0,42.42634821613062,0.0266608954902727,49.4574957608783,2411.5833768816506,5633.244266225143,0.0,0.003142049847032,0.060847388207825
52386.51007169068,0.0197629944517188,0.0,42.68604935251958,0.026729564775243,49.39146134263687,2411.5847128881574,5633.243741298451,0.0,0.0031332965795146,0.0606915907844237
52386.39023121584,0.0197656898966918,0.0,42.680542834834746,0.0266598129767797,49.392861462088895,2411.584684560948,5633.243752428208,0.0,0.0031284020425177,0.0605657588206528
52386.38519227613,0.0197631830424778,0.0,42.667602655241176,0.026635087088263,49.396151764454096,2411.584617991632,5633.243778583718,0.0,0.00312732995716,0.060534983305288
52386.40405268792,0.0197626511460931,0.0,42.67110682462721,0.026623628961153,49.395260774628376,2411.5846360181176,5633.243771501141,0.0,0.0031286259778403,0.0605764424999882
52386.38519006269,0.0197631773362809,0.0,42.667640248052194,0.0266349641652078,49.39614220589444,2411.5846181850206,5633.243778507736,0.0,0.0031273438609001,0.0605354280804971
52386.38515263469,0.0197627758135195,0.0,42.665981045168216,0.0266332788441448,49.39656409231161,2411.5846096494256,5633.243781861431,0.0,0.0031272992501933,0.0605338060732324
52386.38515251633,0.0197627562132914,0.0,42.6659133315712,0.0266332643809038,49.39658131024939,2411.5846093010723,5633.243781998304,0.0,0.0031273004495365,0.0605338144441223
52386.38515251703,0.0197627565668333,0.0,42.6659155645518,0.0266332673403045,49.39658074265858,2411.584609312556,5633.243781993794,0.0,0.0031273004898971,0.0605338119166337
52386.38515251634,0.0197627562405643,0.0,42.66591350382804,0.0266332646091982,49.39658126646423,2411.584609301958,5633.243781997956,0.0,0.00312730045265,0.0605338142491465
52386.38515251629,0.019762756217098,0.0,42.665913355614215,0.0266332644127684,49.39658130413801,2411.584609301196,5633.243781998256,0.0,0.0031273004499711,0.0605338144169083
52386.38515251647,0.019762756255316,0.0,42.66591377589704,0.0266332656434307,49.39658119730817,2411.5846093033574,5633.243781997408,0.0,0.0031273004801983,0.0605338149704291
52386.38515251633,0.0197627562182169,0.0,42.66591336791803,0.0266332644487961,49.39658130101056,2411.584609301259,5633.243781998232,0.0,0.003127300450856,0.0605338144331126
52386.38515251636,0.0197627562171024,0.0,42.665913355661885,0.0266332644129079,49.396581304125895,2411.5846093011965,5633.243781998256,0.0,0.0031273004499745,0.0605338144169711
52386.38515251629,0.019762756217098,0.0,42.665913355614215,0.0266332644127684,49.39658130413801,2411.584609301196,5633.243781998256,0.0,0.0031273004499711,0.0605338144169083
52386.38515251631,0.019762756217098,0.0,42.665913355614215,0.0266332644127684,49.39658130413801,2411.584609301196,5633.243781998256,0.0,0.0031273004499711,0.0605338144169083
52386.38515251629,0.019762756217098,0.0,42.665913355614215,0.0266332644127684,49.39658130413801,2411.584609301196,5633.243781998256,0.0,0.0031273004499711,0.0605338144169083
52386.38515251631,0.019762756217098,0.0,42.665913355614215,0.0266332644127684,49.39658130413801,2411.584609301196,5633.243781998256,0.0,0.0031273004499711,0.0605338144169083
52386.38515251629,0.019762756217098,0.0,42.665913355614215,0.0266332644127684,49.39658130413801,2411.584609301196,5633.243781998256,0.0,0.0031273004499711,0.0605338144169083
52386.38515251631,0.019762756217098,0.0,42.665913355614215,0.0266332644127684,49.39658130413801,2411.584609301196,5633.243781998256,0.0,0.0031273004499711,0.0605338144169083
52386.38515251629,0.019762756217098082,0.0,42.665913355614215,0.02663326441276841,49.39658130413801,2411.584609301196,5633.243781998256,0.0,0.0031273004499711658,0.06053381441690832
