0,0
0.001,-0.022485743
0.002,0.000472391
0.003,0.008556241
0.004,-0.028629469
0.005,0.021813755
0.006,-0.025719283
0.007,-0.003084503
0.008,0.006292763
0.009,-0.027659407
0.01,0.025047295
0.011,-0.028306115
0.012,0.003705931
0.013,0.009202949
0.014,-0.030569593
0.015,0.024723941
0.016,-0.025072575
0.017,-0.000174317
0.018,0.007909533
0.019,-0.026689345
0.02,0.021813755
0.021,-0.028306115
0.022,0.003382577
0.023,0.006292763
0.024,-0.030569593
0.025,0.024400587
0.026,-0.028306115
0.027,0.000149037
0.028,0.009202949
0.029,-0.029599531
0.03,0.022137109
0.031,-0.024749221
0.032,0.000149037
0.033,0.005969409
0.034,-0.027012699
0.035,0.022137109
0.036,-0.028306115
0.037,0.003059223
0.038,0.005969409
0.039,-0.030246239
0.04,0.024077233
0.041,-0.023132451
0.042,0.000149037
0.043,0.008556241
0.044,-0.030246239
0.045,0.021813755
0.046,-0.025395929
0.047,-0.003731211
0.048,0.005322701
0.049,-0.027659407
0.05,0.025370649
0.051,-0.028306115
0.052,0.002412515
0.053,0.009849657
0.054,-0.029599531
0.055,0.024077233
0.056,-0.024102513
0.057,0.000472391
0.058,0.008879595
0.059,-0.027336053
0.06,0.021490401
0.061,-0.027659407
0.062,0.003382577
0.063,0.006616117
0.064,-0.030246239
0.065,0.024400587
0.066,-0.027982761
0.067,-0.001144379
0.068,0.009202949
0.069,-0.030246239
0.07,0.021490401
0.071,-0.025395929
0.072,0.000149037
0.073,0.005969409
0.074,-0.027336053
0.075,0.021813755
0.076,-0.027659407
0.077,0.003059223
0.078,0.006292763
0.079,-0.029922885
0.08,0.024723941
0.081,-0.022485743
0.082,-0.000497671
0.083,0.009526303
0.084,-0.028629469
0.085,0.021813755
0.086,-0.024749221
0.087,-0.003084503
0.088,0.006616117
0.089,-0.027336053
0.09,0.024400587
0.091,-0.027982761
0.092,0.002412515
0.093,0.009526303
0.094,-0.030246239
0.095,0.024077233
0.096,-0.024749221
0.097,-0.000821025
0.098,0.009202949
0.099,-0.027659407
0.1,0.021167047
0.101,-0.028306115
0.102,0.002412515
0.103,0.006292763
0.104,-0.031216301
0.105,0.024400587
0.106,-0.027012699
0.107,-0.000497671
0.108,0.009202949
0.109,-0.029922885
0.11,0.021813755
0.111,-0.024425867
0.112,-0.000497671
0.113,0.005969409
0.114,-0.026042637
0.115,0.021813755
0.116,-0.028306115
0.117,0.002089161
0.118,0.007262825
0.119,-0.030569593
0.12,0.024400587
0.121,-0.022162389
0.122,-0.000497671
0.123,0.009526303
0.124,-0.030569593
0.125,0.021813755
0.126,-0.024749221
0.127,-0.003407857
0.128,0.006292763
0.129,-0.027336053
0.13,0.025370649
0.131,-0.027659407
0.132,0.002735869
0.133,0.010173011
0.134,-0.030246239
0.135,0.025047295
0.136,-0.024102513
0.137,-0.000497671
0.138,0.009526303
0.139,-0.026689345
0.14,0.021813755
0.141,-0.027336053
0.142,0.002735869
0.143,0.006616117
0.144,-0.030246239
0.145,0.024077233
0.146,-0.027982761
0.147,-0.000821025
0.148,0.010173011
0.149,-0.030246239
0.15,0.020843693
0.151,-0.024425867
0.152,-0.000497671
0.153,0.006292763
0.154,-0.027982761
0.155,0.021490401
0.156,-0.027659407
0.157,0.002412515
0.158,0.006939471
0.159,-0.029599531
0.16,0.024723941
0.161,-0.022162389
0.162,-0.000497671
0.163,0.009526303
0.164,-0.029599531
0.165,0.021490401
0.166,-0.024749221
0.167,-0.005024627
0.168,0.006292763
0.169,-0.027659407
0.17,0.024723941
0.171,-0.027336053
0.172,0.002089161
0.173,0.010173011
0.174,-0.030246239
0.175,0.024400587
0.176,-0.024102513
0.177,-0.000821025
0.178,0.009526303
0.179,-0.027336053
0.18,0.022137109
0.181,-0.027659407
0.182,0.002735869
0.183,0.007262825
0.184,-0.031216301
0.185,0.025047295
0.186,-0.026689345
0.187,-0.001467733
0.188,0.009526303
0.189,-0.029599531
0.19,0.021813755
0.191,-0.024102513
0.192,-0.000821025
0.193,0.007262825
0.194,-0.027336053
0.195,0.021813755
0.196,-0.027659407
0.197,0.002412515
0.198,0.007586179
0.199,-0.030569593
0.2,0.024723941
0.201,-0.021515681
0.202,-0.001467733
0.203,0.009526303
0.204,-0.029922885
0.205,0.021490401
0.206,-0.025072575
0.207,-0.004054565
0.208,0.007586179
0.209,-0.027659407
0.21,0.025694003
0.211,-0.026689345
0.212,0.001765807
0.213,0.010173011
0.214,-0.030892947
0.215,0.024400587
0.216,-0.023779159
0.217,-0.001467733
0.218,0.009202949
0.219,-0.027012699
0.22,0.021490401
0.221,-0.027012699
0.222,0.001442453
0.223,0.007262825
0.224,-0.030569593
0.225,0.024077233
0.226,-0.026689345
0.227,-0.000821025
0.228,0.010496365
0.229,-0.030246239
0.23,0.021813755
0.231,-0.023779159
0.232,-0.000821025
0.233,0.006939471
0.234,-0.027336053
0.235,0.021813755
0.236,-0.027012699
0.237,0.001765807
0.238,0.007909533
0.239,-0.030892947
0.24,0.024723941
0.241,-0.021839035
0.242,-0.000821025
0.243,0.009849657
0.244,-0.029276177
0.245,0.021490401
0.246,-0.024102513
0.247,-0.004701273
0.248,0.007262825
0.249,-0.027336053
0.25,0.025047295
0.251,-0.027336053
0.252,0.001442453
0.253,0.010819719
0.254,-0.030569593
0.255,0.023430525
0.256,-0.024425867
0.257,-0.000497671
0.258,0.010173011
0.259,-0.027336053
0.26,0.021167047
0.261,-0.027012699
0.262,0.002089161
0.263,0.007586179
0.264,-0.030569593
0.265,0.024723941
0.266,-0.027336053
0.267,-0.001467733
0.268,0.010819719
0.269,-0.030569593
0.27,0.021490401
0.271,-0.024102513
0.272,-0.000497671
0.273,0.006939471
0.274,-0.027982761
0.275,0.021490401
0.276,-0.027012699
0.277,0.002089161
0.278,0.007586179
0.279,-0.030246239
0.28,0.024400587
0.281,-0.021192327
0.282,-0.002114441
0.283,0.010496365
0.284,-0.030569593
0.285,0.021490401
0.286,-0.023779159
0.287,-0.004054565
0.288,0.007586179
0.289,-0.027659407
0.29,0.026017357
0.291,-0.026689345
0.292,0.001765807
0.293,0.010496365
0.294,-0.030569593
0.295,0.024400587
0.296,-0.024102513
0.297,-0.001144379
0.298,0.010173011
0.299,-0.027336053
0.3,0.021813755
0.301,-0.027336053
0.302,0.001442453
0.303,0.008232887
0.304,-0.031216301
0.305,0.025047295
0.306,-0.027012699
0.307,-0.002114441
0.308,0.010819719
0.309,-0.030569593
0.31,0.021813755
0.311,-0.023779159
0.312,-0.001467733
0.313,0.007909533
0.314,-0.027659407
0.315,0.021490401
0.316,-0.027012699
0.317,0.001765807
0.318,0.008232887
0.319,-0.031216301
0.32,0.024723941
0.321,-0.020868973
0.322,-0.001144379
0.323,0.010173011
0.324,-0.029922885
0.325,0.022137109
0.326,-0.023779159
0.327,-0.005347981
0.328,0.007262825
0.329,-0.027982761
0.33,0.025047295
0.331,-0.027336053
0.332,0.001765807
0.333,0.011466427
0.334,-0.031216301
0.335,0.024400587
0.336,-0.024102513
0.337,-0.001467733
0.338,0.010173011
0.339,-0.028306115
0.34,0.021490401
0.341,-0.027012699
0.342,0.001119099
0.343,0.007909533
0.344,-0.030892947
0.345,0.024400587
0.346,-0.026689345
0.347,-0.002114441
0.348,0.011466427
0.349,-0.031216301
0.35,0.021167047
0.351,-0.023455805
0.352,-0.001791087
0.353,0.007586179
0.354,-0.028306115
0.355,0.021813755
0.356,-0.026689345
0.357,0.001119099
0.358,0.008556241
0.359,-0.031216301
0.36,0.025047295
0.361,-0.021192327
0.362,-0.001791087
0.363,0.011466427
0.364,-0.030892947
0.365,0.021167047
0.366,-0.024102513
0.367,-0.004701273
0.368,0.007909533
0.369,-0.028629469
0.37,0.026664065
0.371,-0.026365991
0.372,0.000472391
0.373,0.010819719
0.374,-0.031216301
0.375,0.024400587
0.376,-0.023455805
0.377,-0.002114441
0.378,0.011143073
0.379,-0.027659407
0.38,0.022460463
0.381,-0.026365991
0.382,0.001442453
0.383,0.008556241
0.384,-0.031216301
0.385,0.024723941
0.386,-0.026365991
0.387,-0.002437795
0.388,0.011143073
0.389,-0.030892947
0.39,0.021490401
0.391,-0.023132451
0.392,-0.001467733
0.393,0.008879595
0.394,-0.028306115
0.395,0.021490401
0.396,-0.027012699
0.397,0.001442453
0.398,0.008879595
0.399,-0.031863009
0.4,0.024723941
0.401,-0.020545619
0.402,-0.002114441
0.403,0.011143073
0.404,-0.030246239
0.405,0.022137109
0.406,-0.023455805
0.407,-0.006318043
0.408,0.008879595
0.409,-0.028306115
0.41,0.024400587
0.411,-0.026365991
0.412,0.000472391
0.413,0.011789781
0.414,-0.031216301
0.415,0.024400587
0.416,-0.022485743
0.417,-0.002114441
0.418,0.011466427
0.419,-0.027659407
0.42,0.022137109
0.421,-0.026689345
0.422,0.000472391
0.423,0.008556241
0.424,-0.031216301
0.425,0.024400587
0.426,-0.026365991
0.427,-0.002437795
0.428,0.011789781
0.429,-0.031216301
0.43,0.021167047
0.431,-0.023132451
0.432,-0.002437795
0.433,0.008232887
0.434,-0.028306115
0.435,0.022137109
0.436,-0.026689345
0.437,-0.000174317
0.438,0.008232887
0.439,-0.030892947
0.44,0.024077233
0.441,-0.020545619
0.442,-0.001791087
0.443,0.011789781
0.444,-0.031216301
0.445,0.021167047
0.446,-0.023132451
0.447,-0.005024627
0.448,0.008556241
0.449,-0.027659407
0.45,0.026664065
0.451,-0.025719283
0.452,0.000149037
0.453,0.012113135
0.454,-0.030569593
0.455,0.024077233
0.456,-0.023455805
0.457,-0.002761149
0.458,0.011466427
0.459,-0.028306115
0.46,0.021167047
0.461,-0.026365991
0.462,0.000472391
0.463,0.008556241
0.464,-0.031539655
0.465,0.024723941
0.466,-0.026042637
0.467,-0.003084503
0.468,0.011143073
0.469,-0.030569593
0.47,0.021490401
0.471,-0.023455805
0.472,-0.002761149
0.473,0.008879595
0.474,-0.027982761
0.475,0.021813755
0.476,-0.025719283
0.477,0.000472391
0.478,0.008879595
0.479,-0.031863009
0.48,0.024400587
0.481,-0.019575557
0.482,-0.002761149
0.483,0.011466427
0.484,-0.030246239
0.485,0.021813755
0.486,-0.023455805
0.487,-0.005994689
0.488,0.009202949
0.489,-0.028306115
0.49,0.024077233
0.491,-0.026689345
0.492,0.000149037
0.493,0.012436489
0.494,-0.030892947
0.495,0.024077233
0.496,-0.020868973
0.497,-0.002761149
0.498,0.011466427
0.499,-0.027659407
0.5,0.021490401
0.501,-0.026689345
0.502,0.000149037
0.503,0.008879595
0.504,-0.031539655
0.505,0.023753879
0.506,-0.025719283
0.507,-0.003084503
0.508,0.011466427
0.509,-0.031216301
0.51,0.021167047
0.511,-0.022485743
0.512,-0.003084503
0.513,0.008232887
0.514,-0.027982761
0.515,0.021167047
0.516,-0.026689345
0.517,-0.000174317
0.518,0.009526303
0.519,-0.031216301
0.52,0.023753879
0.521,-0.020222265
0.522,-0.002761149
0.523,0.012113135
0.524,-0.031539655
0.525,0.022137109
0.526,-0.023132451
0.527,-0.005671335
0.528,0.008879595
0.529,-0.027982761
0.53,0.026664065
0.531,-0.025719283
0.532,0.000149037
0.533,0.012436489
0.534,-0.031216301
0.535,0.023753879
0.536,-0.022809097
0.537,-0.002761149
0.538,0.011789781
0.539,-0.028629469
0.54,0.021490401
0.541,-0.025719283
0.542,0.000149037
0.543,0.009202949
0.544,-0.031216301
0.545,0.024723941
0.546,-0.025719283
0.547,-0.003731211
0.548,0.012436489
0.549,-0.030569593
0.55,0.021167047
0.551,-0.023132451
0.552,-0.002761149
0.553,0.008879595
0.554,-0.028629469
0.555,0.020843693
0.556,-0.026042637
0.557,-0.000174317
0.558,0.009202949
0.559,-0.031539655
0.56,0.024723941
0.561,-0.020545619
0.562,-0.003084503
0.563,0.012113135
0.564,-0.030892947
0.565,0.021167047
0.566,-0.023132451
0.567,-0.006641397
0.568,0.008879595
0.569,-0.028629469
0.57,0.024077233
0.571,-0.025395929
0.572,-0.000174317
0.573,0.012113135
0.574,-0.030892947
0.575,0.024723941
0.576,-0.022162389
0.577,-0.003407857
0.578,0.012113135
0.579,-0.028306115
0.58,0.021490401
0.581,-0.025719283
0.582,0.000472391
0.583,0.010173011
0.584,-0.031863009
0.585,0.024723941
0.586,-0.025719283
0.587,-0.003407857
0.588,0.012436489
0.589,-0.031216301
0.59,0.021167047
0.591,-0.023132451
0.592,-0.003731211
0.593,0.008879595
0.594,-0.027982761
0.595,0.021490401
0.596,-0.026365991
0.597,-0.000174317
0.598,0.010173011
0.599,-0.031539655
0.6,0.024077233
0.601,-0.019252203
0.602,-0.002761149
0.603,0.012759843
0.604,-0.031539655
0.605,0.022460463
0.606,-0.022485743
0.607,-0.006641397
0.608,0.009849657
0.609,-0.028629469
0.61,0.026664065
0.611,-0.025719283
0.612,-0.000497671
0.613,0.013083197
0.614,-0.031539655
0.615,0.024077233
0.616,-0.022809097
0.617,-0.003407857
0.618,0.012436489
0.619,-0.028629469
0.62,0.021490401
0.621,-0.025395929
0.622,-0.000174317
0.623,0.009202949
0.624,-0.031863009
0.625,0.024400587
0.626,-0.025395929
0.627,-0.003731211
0.628,0.012759843
0.629,-0.031216301
0.63,0.021490401
0.631,-0.022809097
0.632,-0.003407857
0.633,0.009849657
0.634,-0.028629469
0.635,0.022137109
0.636,-0.025395929
0.637,-0.000497671
0.638,0.009849657
0.639,-0.031863009
0.64,0.024400587
0.641,-0.019252203
0.642,-0.003731211
0.643,0.012759843
0.644,-0.030892947
0.645,0.020843693
0.646,-0.022485743
0.647,-0.007611459
0.648,0.009849657
0.649,-0.028952823
0.65,0.025047295
0.651,-0.025395929
0.652,-0.001144379
0.653,0.013083197
0.654,-0.031216301
0.655,0.024400587
0.656,-0.022485743
0.657,-0.003731211
0.658,0.013406551
0.659,-0.027982761
0.66,0.021813755
0.661,-0.025072575
0.662,-0.000497671
0.663,0.009849657
0.664,-0.031539655
0.665,0.024723941
0.666,-0.025072575
0.667,-0.003731211
0.668,0.012759843
0.669,-0.031863009
0.67,0.021167047
0.671,-0.022809097
0.672,-0.004054565
0.673,0.009526303
0.674,-0.028629469
0.675,0.021167047
0.676,-0.026042637
0.677,-0.000821025
0.678,0.009526303
0.679,-0.031539655
0.68,0.024077233
0.681,-0.019252203
0.682,-0.004377919
0.683,0.012759843
0.684,-0.031539655
0.685,0.021490401
0.686,-0.022162389
0.687,-0.006641397
0.688,0.010496365
0.689,-0.028629469
0.69,0.026664065
0.691,-0.024749221
0.692,-0.001791087
0.693,0.013083197
0.694,-0.031863009
0.695,0.023753879
0.696,-0.021192327
0.697,-0.003731211
0.698,0.012759843
0.699,-0.027982761
0.7,0.021490401
0.701,-0.025072575
0.702,-0.001467733
0.703,0.010496365
0.704,-0.031863009
0.705,0.024077233
0.706,-0.025072575
0.707,-0.004377919
0.708,0.013083197
0.709,-0.031216301
0.71,0.021167047
0.711,-0.022162389
0.712,-0.003731211
0.713,0.009849657
0.714,-0.028952823
0.715,0.021490401
0.716,-0.024749221
0.717,-0.001467733
0.718,0.010173011
0.719,-0.031216301
0.72,0.024400587
0.721,-0.018928849
0.722,-0.004701273
0.723,0.013083197
0.724,-0.030892947
0.725,0.021167047
0.726,-0.021839035
0.727,-0.008258167
0.728,0.009526303
0.729,-0.028952823
0.73,0.024723941
0.731,-0.024749221
0.732,-0.002114441
0.733,0.013406551
0.734,-0.031216301
0.735,0.024077233
0.736,-0.021839035
0.737,-0.003731211
0.738,0.012759843
0.739,-0.028306115
0.74,0.020520339
0.741,-0.024749221
0.742,-0.001467733
0.743,0.010496365
0.744,-0.032186363
0.745,0.024077233
0.746,-0.024102513
0.747,-0.005024627
0.748,0.013406551
0.749,-0.031863009
0.75,0.021490401
0.751,-0.021515681
0.752,-0.004054565
0.753,0.010496365
0.754,-0.028952823
0.755,0.020843693
0.756,-0.025072575
0.757,-0.001791087
0.758,0.010173011
0.759,-0.031539655
0.76,0.024077233
0.761,-0.018928849
0.762,-0.005024627
0.763,0.012436489
0.764,-0.031216301
0.765,0.021167047
0.766,-0.021839035
0.767,-0.007288105
0.768,0.010496365
0.769,-0.028629469
0.77,0.026664065
0.771,-0.025072575
0.772,-0.002114441
0.773,0.013406551
0.774,-0.031216301
0.775,0.023430525
0.776,-0.021515681
0.777,-0.004701273
0.778,0.012759843
0.779,-0.027982761
0.78,0.021490401
0.781,-0.025072575
0.782,-0.001467733
0.783,0.010819719
0.784,-0.031863009
0.785,0.024077233
0.786,-0.024425867
0.787,-0.004701273
0.788,0.013729905
0.789,-0.031539655
0.79,0.021167047
0.791,-0.021515681
0.792,-0.004701273
0.793,0.010173011
0.794,-0.027659407
0.795,0.021490401
0.796,-0.024425867
0.797,-0.001144379
0.798,0.010496365
0.799,-0.031216301
0.8,0.023753879
0.801,-0.018282141
0.802,-0.004377919
0.803,0.013083197
0.804,-0.030569593
0.805,0.020843693
0.806,-0.022485743
0.807,-0.008581521
0.808,0.010173011
0.809,-0.028952823
0.81,0.024400587
0.811,-0.024425867
0.812,-0.002761149
0.813,0.013406551
0.814,-0.032186363
0.815,0.023753879
0.816,-0.021515681
0.817,-0.005024627
0.818,0.013406551
0.819,-0.028952823
0.82,0.021167047
0.821,-0.025395929
0.822,-0.001467733
0.823,0.010496365
0.824,-0.031539655
0.825,0.024077233
0.826,-0.024102513
0.827,-0.005024627
0.828,0.013406551
0.829,-0.031539655
0.83,0.020520339
0.831,-0.021839035
0.832,-0.004701273
0.833,0.010173011
0.834,-0.028952823
0.835,0.021167047
0.836,-0.024749221
0.837,-0.001791087
0.838,0.010819719
0.839,-0.031216301
0.84,0.024077233
0.841,-0.018282141
0.842,-0.005347981
0.843,0.013406551
0.844,-0.031216301
0.845,0.020843693
0.846,-0.021515681
0.847,-0.007611459
0.848,0.010819719
0.849,-0.028952823
0.85,0.026017357
0.851,-0.024425867
0.852,-0.002437795
0.853,0.013406551
0.854,-0.031863009
0.855,0.023430525
0.856,-0.021192327
0.857,-0.005347981
0.858,0.013406551
0.859,-0.028306115
0.86,0.020520339
0.861,-0.025072575
0.862,-0.002114441
0.863,0.010819719
0.864,-0.031863009
0.865,0.024077233
0.866,-0.024102513
0.867,-0.005024627
0.868,0.013729905
0.869,-0.031539655
0.87,0.022137109
0.871,-0.021192327
0.872,-0.005024627
0.873,0.010496365
0.874,-0.028306115
0.875,0.021490401
0.876,-0.024425867
0.877,-0.002437795
0.878,0.010819719
0.879,-0.032186363
0.88,0.023753879
0.881,-0.017958787
0.882,-0.005671335
0.883,0.013406551
0.884,-0.031216301
0.885,0.020843693
0.886,-0.021839035
0.887,-0.009874937
0.888,0.010819719
0.889,-0.028952823
0.89,0.023753879
0.891,-0.025395929
0.892,-0.002761149
0.893,0.014053259
0.894,-0.031863009
0.895,0.024077233
0.896,-0.021192327
0.897,-0.005347981
0.898,0.013729905
0.899,-0.029276177
0.9,0.021813755
0.901,-0.024425867
0.902,-0.002761149
0.903,0.011143073
0.904,-0.032186363
0.905,0.025047295
0.906,-0.024102513
0.907,-0.005671335
0.908,0.014053259
0.909,-0.031863009
0.91,0.020843693
0.911,-0.021192327
0.912,-0.005671335
0.913,0.010496365
0.914,-0.029276177
0.915,0.021167047
0.916,-0.023779159
0.917,-0.002761149
0.918,0.011143073
0.919,-0.031863009
0.92,0.024077233
0.921,-0.017958787
0.922,-0.005671335
0.923,0.014053259
0.924,-0.031539655
0.925,0.021167047
0.926,-0.021515681
0.927,-0.008258167
0.928,0.010819719
0.929,-0.028952823
0.93,0.026987419
0.931,-0.024102513
0.932,-0.003407857
0.933,0.014699967
0.934,-0.032186363
0.935,0.023753879
0.936,-0.021192327
0.937,-0.005994689
0.938,0.013729905
0.939,-0.028952823
0.94,0.020843693
0.941,-0.024102513
0.942,-0.003084503
0.943,0.011789781
0.944,-0.032186363
0.945,0.023753879
0.946,-0.023455805
0.947,-0.005994689
0.948,0.014053259
0.949,-0.031539655
0.95,0.021167047
0.951,-0.021192327
0.952,-0.005994689
0.953,0.011466427
0.954,-0.028952823
0.955,0.021167047
0.956,-0.024102513
0.957,-0.003084503
0.958,0.011466427
0.959,-0.032509717
0.96,0.023430525
0.961,-0.017635433
0.962,-0.006318043
0.963,0.014376613
0.964,-0.031216301
0.965,0.020843693
0.966,-0.021839035
0.967,-0.010198291
0.968,0.011143073
0.969,-0.028952823
0.97,0.023753879
0.971,-0.023779159
0.972,-0.003407857
0.973,0.014376613
0.974,-0.031863009
0.975,0.023753879
0.976,-0.020868973
0.977,-0.006318043
0.978,0.014053259
0.979,-0.028629469
0.98,0.020520339
0.981,-0.024102513
0.982,-0.003084503
0.983,0.011143073
0.984,-0.031863009
0.985,0.023753879
0.986,-0.023779159
0.987,-0.006964751
0.988,0.014376613
0.989,-0.032509717
0.99,0.020520339
0.991,-0.020868973
0.992,-0.005994689
0.993,0.010496365
0.994,-0.029276177
0.995,0.021167047
0.996,-0.023779159
0.997,-0.003407857
0.998,0.011466427
0.999,-0.031539655
1,0.023430525
1.001,-0.017958787
1.002,-0.006318043
1.003,0.014699967
1.004,-0.031863009
1.005,0.020843693
1.006,-0.020545619
1.007,-0.009228229
1.008,0.011143073
1.009,-0.029599531
1.01,0.026017357
1.011,-0.023455805
1.012,-0.003731211
1.013,0.014376613
1.014,-0.031216301
1.015,0.023107171
1.016,-0.020545619
1.017,-0.007288105
1.018,0.014053259
1.019,-0.028952823
1.02,0.020520339
1.021,-0.023455805
1.022,-0.003407857
1.023,0.011143073
1.024,-0.032833071
1.025,0.023753879
1.026,-0.023455805
1.027,-0.006964751
1.028,0.014699967
1.029,-0.031539655
1.03,0.020843693
1.031,-0.020545619
1.032,-0.006318043
1.033,0.012113135
1.034,-0.028629469
1.035,0.021490401
1.036,-0.023455805
1.037,-0.003084503
1.038,0.011466427
1.039,-0.032186363
1.04,0.023430525
1.041,-0.017312079
1.042,-0.006964751
1.043,0.013729905
1.044,-0.030569593
1.045,0.020843693
1.046,-0.020868973
1.047,-0.010198291
1.048,0.011466427
1.049,-0.028952823
1.05,0.023753879
1.051,-0.023455805
1.052,-0.003407857
1.053,0.014699967
1.054,-0.031863009
1.055,0.023753879
1.056,-0.019898911
1.057,-0.006964751
1.058,0.014376613
1.059,-0.029276177
1.06,0.021167047
1.061,-0.024102513
1.062,-0.003407857
1.063,0.011789781
1.064,-0.031863009
1.065,0.024077233
1.066,-0.023455805
1.067,-0.006641397
1.068,0.014376613
1.069,-0.031863009
1.07,0.020520339
1.071,-0.020545619
1.072,-0.006641397
1.073,0.011466427
1.074,-0.029276177
1.075,0.021813755
1.076,-0.023779159
1.077,-0.003731211
1.078,0.011789781
1.079,-0.031863009
1.08,0.023430525
1.081,-0.016988725
1.082,-0.006318043
1.083,0.015023321
1.084,-0.032509717
1.085,0.020843693
1.086,-0.019898911
1.087,-0.009551583
1.088,0.011466427
1.089,-0.028952823
1.09,0.026340711
1.091,-0.023455805
1.092,-0.004054565
1.093,0.015670029
1.094,-0.031863009
1.095,0.024077233
1.096,-0.020222265
1.097,-0.006964751
1.098,0.014699967
1.099,-0.029276177
1.1,0.020843693
1.101,-0.023455805
1.102,-0.004054565
1.103,0.011789781
1.104,-0.032186363
1.105,0.024400587
1.106,-0.023455805
1.107,-0.006964751
1.108,0.014699967
1.109,-0.031539655
1.11,0.020843693
1.111,-0.019575557
1.112,-0.006641397
1.113,0.011466427
1.114,-0.028629469
1.115,0.021167047
1.116,-0.022809097
1.117,-0.004054565
1.118,0.012113135
1.119,-0.032186363
1.12,0.023753879
1.121,-0.016665371
1.122,-0.007288105
1.123,0.014699967
1.124,-0.031863009
1.125,0.020520339
1.126,-0.020868973
1.127,-0.010521645
1.128,0.012113135
1.129,-0.030246239
1.13,0.024723941
1.131,-0.022485743
1.132,-0.004054565
1.133,0.015346675
1.134,-0.032186363
1.135,0.024400587
1.136,-0.019898911
1.137,-0.006641397
1.138,0.015023321
1.139,-0.028952823
1.14,0.021167047
1.141,-0.022809097
1.142,-0.004377919
1.143,0.012436489
1.144,-0.032186363
1.145,0.023430525
1.146,-0.022809097
1.147,-0.007611459
1.148,0.015023321
1.149,-0.032186363
1.15,0.020843693
1.151,-0.019898911
1.152,-0.007934813
1.153,0.011789781
1.154,-0.029276177
1.155,0.021167047
1.156,-0.023455805
1.157,-0.004701273
1.158,0.012436489
1.159,-0.031863009
1.16,0.024077233
1.161,-0.016342017
1.162,-0.006641397
1.163,0.014699967
1.164,-0.031863009
1.165,0.021167047
1.166,-0.019575557
1.167,-0.010844999
1.168,0.012436489
1.169,-0.029276177
1.17,0.027310773
1.171,-0.022485743
1.172,-0.004701273
1.173,0.016316737
1.174,-0.032186363
1.175,0.023107171
1.176,-0.019575557
1.177,-0.007934813
1.178,0.015346675
1.179,-0.029599531
1.18,0.020520339
1.181,-0.022809097
1.182,-0.005024627
1.183,0.012113135
1.184,-0.031863009
1.185,0.024077233
1.186,-0.022809097
1.187,-0.008258167
1.188,0.015346675
1.189,-0.032833071
1.19,0.020520339
1.191,-0.019252203
1.192,-0.007611459
1.193,0.012436489
1.194,-0.029599531
1.195,0.020843693
1.196,-0.022485743
1.197,-0.004377919
1.198,0.012113135
1.199,-0.032186363
1.2,0.023753879
1.201,-0.016665371
1.202,-0.007611459
1.203,0.015670029
1.204,-0.031863009
1.205,0.020520339
1.206,-0.019898911
1.207,-0.011815061
1.208,0.012436489
1.209,-0.029922885
1.21,0.023753879
1.211,-0.021515681
1.212,-0.004701273
1.213,0.015346675
1.214,-0.032186363
1.215,0.023430525
1.216,-0.019252203
1.217,-0.008258167
1.218,0.014699967
1.219,-0.028952823
1.22,0.020520339
1.221,-0.022809097
1.222,-0.004377919
1.223,0.012759843
1.224,-0.033156425
1.225,0.023753879
1.226,-0.022809097
1.227,-0.008258167
1.228,0.015670029
1.229,-0.031863009
1.23,0.020520339
1.231,-0.018605495
1.232,-0.007934813
1.233,0.011789781
1.234,-0.028629469
1.235,0.020843693
1.236,-0.021839035
1.237,-0.005024627
1.238,0.012759843
1.239,-0.032186363
1.24,0.023430525
1.241,-0.015371955
1.242,-0.007934813
1.243,0.015023321
1.244,-0.032509717
1.245,0.021167047
1.246,-0.019252203
1.247,-0.011168353
1.248,0.012436489
1.249,-0.029276177
1.25,0.027310773
1.251,-0.021839035
1.252,-0.005024627
1.253,0.016316737
1.254,-0.032509717
1.255,0.023430525
1.256,-0.018928849
1.257,-0.007934813
1.258,0.015023321
1.259,-0.029276177
1.26,0.021167047
1.261,-0.022162389
1.262,-0.005671335
1.263,0.012436489
1.264,-0.032509717
1.265,0.024077233
1.266,-0.021839035
1.267,-0.008258167
1.268,0.015670029
1.269,-0.031539655
1.27,0.020520339
1.271,-0.019252203
1.272,-0.007611459
1.273,0.012113135
1.274,-0.029599531
1.275,0.020843693
1.276,-0.022485743
1.277,-0.005671335
1.278,0.012759843
1.279,-0.031863009
1.28,0.023753879
1.281,-0.015695309
1.282,-0.008258167
1.283,0.015670029
1.284,-0.031863009
1.285,0.020196985
1.286,-0.018928849
1.287,-0.011491707
1.288,0.013083197
1.289,-0.029276177
1.29,0.024400587
1.291,-0.021839035
1.292,-0.005671335
1.293,0.015670029
1.294,-0.032509717
1.295,0.023753879
1.296,-0.018928849
1.297,-0.007934813
1.298,0.015023321
1.299,-0.029276177
1.3,0.020520339
1.301,-0.022485743
1.302,-0.005024627
1.303,0.012436489
1.304,-0.032509717
1.305,0.023430525
1.306,-0.022162389
1.307,-0.008904875
1.308,0.015023321
1.309,-0.032186363
1.31,0.020520339
1.311,-0.019575557
1.312,-0.008581521
1.313,0.012436489
1.314,-0.029276177
1.315,0.021167047
1.316,-0.021515681
1.317,-0.005024627
1.318,0.012113135
1.319,-0.032509717
1.32,0.023430525
1.321,-0.015695309
1.322,-0.008258167
1.323,0.015346675
1.324,-0.032833071
1.325,0.020843693
1.326,-0.019575557
1.327,-0.011815061
1.328,0.012759843
1.329,-0.029276177
1.33,0.026664065
1.331,-0.022485743
1.332,-0.005994689
1.333,0.015670029
1.334,-0.032509717
1.335,0.023430525
1.336,-0.018605495
1.337,-0.007934813
1.338,0.015346675
1.339,-0.029276177
1.34,0.021490401
1.341,-0.022485743
1.342,-0.005994689
1.343,0.013406551
1.344,-0.032186363
1.345,0.023107171
1.346,-0.021515681
1.347,-0.008258167
1.348,0.015993383
1.349,-0.032186363
1.35,0.020520339
1.351,-0.018928849
1.352,-0.008258167
1.353,0.012436489
1.354,-0.029599531
1.355,0.021490401
1.356,-0.021515681
1.357,-0.005994689
1.358,0.013083197
1.359,-0.032833071
1.36,0.023753879
1.361,-0.016018663
1.362,-0.009228229
1.363,0.016316737
1.364,-0.032186363
1.365,0.021167047
1.366,-0.018605495
1.367,-0.011815061
1.368,0.013083197
1.369,-0.028952823
1.37,0.025047295
1.371,-0.021515681
1.372,-0.005994689
1.373,0.015993383
1.374,-0.031539655
1.375,0.024077233
1.376,-0.018605495
1.377,-0.008581521
1.378,0.015670029
1.379,-0.029922885
1.38,0.020843693
1.381,-0.021839035
1.382,-0.005671335
1.383,0.013406551
1.384,-0.032509717
1.385,0.024077233
1.386,-0.021515681
1.387,-0.009228229
1.388,0.015993383
1.389,-0.032186363
1.39,0.020520339
1.391,-0.018928849
1.392,-0.008904875
1.393,0.013406551
1.394,-0.029276177
1.395,0.020843693
1.396,-0.021192327
1.397,-0.005994689
1.398,0.013083197
1.399,-0.032833071
1.4,0.024077233
1.401,-0.014725247
1.402,-0.009228229
1.403,0.015993383
1.404,-0.032509717
1.405,0.020843693
1.406,-0.018282141
1.407,-0.012461769
1.408,0.013083197
1.409,-0.029599531
1.41,0.026987419
1.411,-0.021192327
1.412,-0.005994689
1.413,0.016640091
1.414,-0.032833071
1.415,0.024077233
1.416,-0.017958787
1.417,-0.009228229
1.418,0.015670029
1.419,-0.029599531
1.42,0.020843693
1.421,-0.021515681
1.422,-0.006318043
1.423,0.013406551
1.424,-0.032509717
1.425,0.023430525
1.426,-0.021192327
1.427,-0.009874937
1.428,0.015993383
1.429,-0.032509717
1.43,0.020520339
1.431,-0.017958787
1.432,-0.008904875
1.433,0.012759843
1.434,-0.029922885
1.435,0.020843693
1.436,-0.021515681
1.437,-0.006641397
1.438,0.013083197
1.439,-0.032509717
1.44,0.023430525
1.441,-0.016018663
1.442,-0.009551583
1.443,0.015670029
1.444,-0.032833071
1.445,0.020196985
1.446,-0.017958787
1.447,-0.012461769
1.448,0.013083197
1.449,-0.029276177
1.45,0.026987419
1.451,-0.020545619
1.452,-0.006964751
1.453,0.016640091
1.454,-0.032833071
1.455,0.023430525
1.456,-0.017635433
1.457,-0.009551583
1.458,0.016316737
1.459,-0.029922885
1.46,0.020520339
1.461,-0.021192327
1.462,-0.006964751
1.463,0.013406551
1.464,-0.033156425
1.465,0.023430525
1.466,-0.020868973
1.467,-0.010521645
1.468,0.016640091
1.469,-0.032509717
1.47,0.020196985
1.471,-0.017958787
1.472,-0.009551583
1.473,0.013083197
1.474,-0.029599531
1.475,0.020196985
1.476,-0.020868973
1.477,-0.006318043
1.478,0.013406551
1.479,-0.033156425
1.48,0.023753879
1.481,-0.014401893
1.482,-0.009874937
1.483,0.016316737
1.484,-0.032509717
1.485,0.020843693
1.486,-0.017635433
1.487,-0.012785123
1.488,0.014053259
1.489,-0.029599531
1.49,0.026340711
1.491,-0.020222265
1.492,-0.007611459
1.493,0.016640091
1.494,-0.032509717
1.495,0.023107171
1.496,-0.017312079
1.497,-0.010198291
1.498,0.016316737
1.499,-0.029599531
1.5,0.020520339
1.501,-0.021192327
1.502,-0.006641397
1.503,0.013406551
1.504,-0.033156425
1.505,0.023753879
1.506,-0.020545619
1.507,-0.009874937
1.508,0.016640091
1.509,-0.032833071
1.51,0.020196985
1.511,-0.017635433
1.512,-0.010198291
1.513,0.013729905
1.514,-0.029276177
1.515,0.020843693
1.516,-0.021192327
1.517,-0.007934813
1.518,0.013729905
1.519,-0.032186363
1.52,0.023107171
1.521,-0.014725247
1.522,-0.009228229
1.523,0.016640091
1.524,-0.032186363
1.525,0.020843693
1.526,-0.017312079
1.527,-0.013108477
1.528,0.013406551
1.529,-0.029599531
1.53,0.024400587
1.531,-0.020545619
1.532,-0.007611459
1.533,0.016963445
1.534,-0.032509717
1.535,0.023107171
1.536,-0.017635433
1.537,-0.010198291
1.538,0.016316737
1.539,-0.029599531
1.54,0.020843693
1.541,-0.020868973
1.542,-0.006964751
1.543,0.013406551
1.544,-0.032833071
1.545,0.024077233
1.546,-0.020222265
1.547,-0.010521645
1.548,0.016640091
1.549,-0.032509717
1.55,0.020520339
1.551,-0.017635433
1.552,-0.009551583
1.553,0.014053259
1.554,-0.029599531
1.555,0.020520339
1.556,-0.019898911
1.557,-0.007288105
1.558,0.013729905
1.559,-0.032186363
1.56,0.023430525
1.561,-0.014725247
1.562,-0.009874937
1.563,0.015993383
1.564,-0.033479779
1.565,0.020196985
1.566,-0.017635433
1.567,-0.013431831
1.568,0.013406551
1.569,-0.029922885
1.57,0.026017357
1.571,-0.019898911
1.572,-0.007934813
1.573,0.016640091
1.574,-0.032833071
1.575,0.023430525
1.576,-0.017312079
1.577,-0.010521645
1.578,0.016963445
1.579,-0.029276177
1.58,0.020520339
1.581,-0.020868973
1.582,-0.006964751
1.583,0.014053259
1.584,-0.032833071
1.585,0.023107171
1.586,-0.019898911
1.587,-0.010521645
1.588,0.016316737
1.589,-0.032186363
1.59,0.020196985
1.591,-0.017312079
1.592,-0.010844999
1.593,0.013729905
1.594,-0.029276177
1.595,0.019873631
1.596,-0.020222265
1.597,-0.007611459
1.598,0.014376613
1.599,-0.032186363
1.6,0.023753879
1.601,-0.015048601
1.602,-0.010844999
1.603,0.016640091
1.604,-0.032509717
1.605,0.021167047
1.606,-0.017635433
1.607,-0.013431831
1.608,0.014053259
1.609,-0.029599531
1.61,0.024723941
1.611,-0.020222265
1.612,-0.007611459
1.613,0.016963445
1.614,-0.032833071
1.615,0.023753879
1.616,-0.017312079
1.617,-0.010521645
1.618,0.016640091
1.619,-0.029922885
1.62,0.020843693
1.621,-0.019898911
1.622,-0.008904875
1.623,0.013729905
1.624,-0.033479779
1.625,0.023107171
1.626,-0.020545619
1.627,-0.011491707
1.628,0.016963445
1.629,-0.032833071
1.63,0.020196985
1.631,-0.016988725
1.632,-0.010521645
1.633,0.013729905
1.634,-0.029599531
1.635,0.020843693
1.636,-0.020222265
1.637,-0.007611459
1.638,0.014053259
1.639,-0.033479779
1.64,0.023107171
1.641,-0.014401893
1.642,-0.010844999
1.643,0.016640091
1.644,-0.033156425
1.645,0.020196985
1.646,-0.017958787
1.647,-0.014078539
1.648,0.013729905
1.649,-0.030569593
1.65,0.026664065
1.651,-0.019898911
1.652,-0.008258167
1.653,0.017286799
1.654,-0.032833071
1.655,0.023107171
1.656,-0.016988725
1.657,-0.011168353
1.658,0.016963445
1.659,-0.029599531
1.66,0.020196985
1.661,-0.019898911
1.662,-0.007934813
1.663,0.014376613
1.664,-0.032833071
1.665,0.023430525
1.666,-0.019252203
1.667,-0.011815061
1.668,0.016640091
1.669,-0.033479779
1.67,0.020196985
1.671,-0.016665371
1.672,-0.011168353
1.673,0.013729905
1.674,-0.030569593
1.675,0.020520339
1.676,-0.020222265
1.677,-0.008258167
1.678,0.014376613
1.679,-0.033479779
1.68,0.023753879
1.681,-0.014401893
1.682,-0.011168353
1.683,0.016963445
1.684,-0.032509717
1.685,0.020843693
1.686,-0.016988725
1.687,-0.014401893
1.688,0.014376613
1.689,-0.029922885
1.69,0.024400587
1.691,-0.019898911
1.692,-0.008258167
1.693,0.017610153
1.694,-0.033156425
1.695,0.022460463
1.696,-0.016342017
1.697,-0.012138415
1.698,0.016640091
1.699,-0.029599531
1.7,0.020520339
1.701,-0.019898911
1.702,-0.008581521
1.703,0.014053259
1.704,-0.033479779
1.705,0.022783817
1.706,-0.019252203
1.707,-0.010844999
1.708,0.017286799
1.709,-0.032833071
1.71,0.020520339
1.711,-0.016018663
1.712,-0.010521645
1.713,0.014053259
1.714,-0.029922885
1.715,0.021167047
1.716,-0.019575557
1.717,-0.008904875
1.718,0.014376613
1.719,-0.032509717
1.72,0.022783817
1.721,-0.013755185
1.722,-0.012138415
1.723,0.017286799
1.724,-0.033479779
1.725,0.020196985
1.726,-0.016988725
1.727,-0.014725247
1.728,0.014053259
1.729,-0.030246239
1.73,0.026340711
1.731,-0.018928849
1.732,-0.009228229
1.733,0.017610153
1.734,-0.031863009
1.735,0.022783817
1.736,-0.016665371
1.737,-0.011168353
1.738,0.017286799
1.739,-0.029922885
1.74,0.020196985
1.741,-0.018928849
1.742,-0.008258167
1.743,0.014376613
1.744,-0.033156425
1.745,0.022783817
1.746,-0.018605495
1.747,-0.011491707
1.748,0.016963445
1.749,-0.032186363
1.75,0.020196985
1.751,-0.016665371
1.752,-0.011815061
1.753,0.014053259
1.754,-0.029922885
1.755,0.019550277
1.756,-0.019575557
1.757,-0.008904875
1.758,0.014053259
1.759,-0.033156425
1.76,0.022783817
1.761,-0.014401893
1.762,-0.012138415
1.763,0.016963445
1.764,-0.032833071
1.765,0.020520339
1.766,-0.016018663
1.767,-0.014725247
1.768,0.014053259
1.769,-0.029922885
1.77,0.024400587
1.771,-0.018928849
1.772,-0.008581521
1.773,0.016963445
1.774,-0.033156425
1.775,0.022783817
1.776,-0.016018663
1.777,-0.012138415
1.778,0.016316737
1.779,-0.030246239
1.78,0.020196985
1.781,-0.019898911
1.782,-0.008904875
1.783,0.013729905
1.784,-0.033156425
1.785,0.022460463
1.786,-0.018928849
1.787,-0.011815061
1.788,0.016963445
1.789,-0.033479779
1.79,0.019873631
1.791,-0.015695309
1.792,-0.011815061
1.793,0.013729905
1.794,-0.029922885
1.795,0.020520339
1.796,-0.019252203
1.797,-0.008581521
1.798,0.014376613
1.799,-0.032833071
1.8,0.023107171
1.801,-0.013431831
1.802,-0.011815061
1.803,0.016963445
1.804,-0.033156425
1.805,0.019873631
1.806,-0.015371955
1.807,-0.015048601
1.808,0.013729905
1.809,-0.029922885
1.81,0.026664065
1.811,-0.018928849
1.812,-0.009228229
1.813,0.017933507
1.814,-0.032833071
1.815,0.022783817
1.816,-0.015371955
1.817,-0.011815061
1.818,0.017610153
1.819,-0.030246239
1.82,0.019873631
1.821,-0.018282141
1.822,-0.008581521
1.823,0.014376613
1.824,-0.033479779
1.825,0.022783817
1.826,-0.019575557
1.827,-0.012785123
1.828,0.017286799
1.829,-0.033156425
1.83,0.019873631
1.831,-0.016018663
1.832,-0.012138415
1.833,0.014376613
1.834,-0.030246239
1.835,0.020196985
1.836,-0.018928849
1.837,-0.008904875
1.838,0.014699967
1.839,-0.033803133
1.84,0.023430525
1.841,-0.014401893
1.842,-0.012461769
1.843,0.017933507
1.844,-0.033156425
1.845,0.020196985
1.846,-0.016342017
1.847,-0.015048601
1.848,0.014376613
1.849,-0.030569593
1.85,0.024400587
1.851,-0.018282141
1.852,-0.009228229
1.853,0.017286799
1.854,-0.033479779
1.855,0.022783817
1.856,-0.015371955
1.857,-0.012461769
1.858,0.016640091
1.859,-0.029922885
1.86,0.020520339
1.861,-0.018928849
1.862,-0.009551583
1.863,0.015023321
1.864,-0.033803133
1.865,0.022783817
1.866,-0.018282141
1.867,-0.012138415
1.868,0.017286799
1.869,-0.033479779
1.87,0.020196985
1.871,-0.015371955
1.872,-0.012138415
1.873,0.013729905
1.874,-0.030246239
1.875,0.020196985
1.876,-0.018928849
1.877,-0.009228229
1.878,0.014699967
1.879,-0.033803133
1.88,0.022783817
1.881,-0.013108477
1.882,-0.012461769
1.883,0.016640091
1.884,-0.033803133
1.885,0.019873631
1.886,-0.016018663
1.887,-0.015695309
1.888,0.014376613
1.889,-0.030569593
1.89,0.026017357
1.891,-0.018605495
1.892,-0.010198291
1.893,0.018256861
1.894,-0.032833071
1.895,0.022783817
1.896,-0.014401893
1.897,-0.012785123
1.898,0.017286799
1.899,-0.029922885
1.9,0.020196985
1.901,-0.017635433
1.902,-0.009874937
1.903,0.014699967
1.904,-0.033479779
1.905,0.022783817
1.906,-0.017958787
1.907,-0.013431831
1.908,0.017933507
1.909,-0.033156425
1.91,0.019550277
1.911,-0.015048601
1.912,-0.012138415
1.913,0.014376613
1.914,-0.030246239
1.915,0.020196985
1.916,-0.017635433
1.917,-0.010198291
1.918,0.014699967
1.919,-0.033479779
1.92,0.022783817
1.921,-0.012785123
1.922,-0.013108477
1.923,0.017933507
1.924,-0.033479779
1.925,0.019226923
1.926,-0.015371955
1.927,-0.015371955
1.928,0.015346675
1.929,-0.029922885
1.93,0.024400587
1.931,-0.016988725
1.932,-0.010198291
1.933,0.017286799
1.934,-0.033803133
1.935,0.022783817
1.936,-0.014725247
1.937,-0.013431831
1.938,0.017286799
1.939,-0.030246239
1.94,0.019873631
1.941,-0.017958787
1.942,-0.009551583
1.943,0.015023321
1.944,-0.033479779
1.945,0.022783817
1.946,-0.017312079
1.947,-0.013431831
1.948,0.017610153
1.949,-0.033156425
1.95,0.019550277
1.951,-0.015048601
1.952,-0.012785123
1.953,0.014699967
1.954,-0.029599531
1.955,0.018903569
1.956,-0.017635433
1.957,-0.010198291
1.958,0.015023321
1.959,-0.033479779
1.96,0.021813755
1.961,-0.012138415
1.962,-0.013108477
1.963,0.017286799
1.964,-0.033803133
1.965,0.019873631
1.966,-0.015048601
1.967,-0.016018663
1.968,0.014699967
1.969,-0.029922885
1.97,0.026017357
1.971,-0.017312079
1.972,-0.010198291
1.973,0.017933507
1.974,-0.033479779
1.975,0.022783817
1.976,-0.014078539
1.977,-0.012461769
1.978,0.017610153
1.979,-0.030246239
1.98,0.019226923
1.981,-0.017312079
1.982,-0.010198291
1.983,0.015023321
1.984,-0.033156425
1.985,0.021813755
1.986,-0.016665371
1.987,-0.013755185
1.988,0.017610153
1.989,-0.032833071
1.99,0.019226923
1.991,-0.014078539
1.992,-0.013108477
1.993,0.014376613
1.994,-0.030569593
1.995,0.019873631
1.996,-0.016988725
1.997,-0.010198291
1.998,0.015023321
1.999,-0.032833071
2,0.022783817
2.001,-0.012461769
2.002,-0.013108477
2.003,0.017933507
2.004,-0.033156425
2.005,0.019550277
2.006,-0.014401893
2.007,-0.015695309
2.008,0.015023321
2.009,-0.030246239
2.01,0.024077233
2.011,-0.016665371
2.012,-0.011491707
2.013,0.017610153
2.014,-0.033156425
2.015,0.022137109
2.016,-0.014078539
2.017,-0.013431831
2.018,0.018256861
2.019,-0.030246239
2.02,0.019226923
2.021,-0.017312079
2.022,-0.010198291
2.023,0.014699967
2.024,-0.033479779
2.025,0.022460463
2.026,-0.016665371
2.027,-0.012785123
2.028,0.017610153
2.029,-0.032833071
2.03,0.019226923
2.031,-0.014078539
2.032,-0.013108477
2.033,0.014699967
2.034,-0.030569593
2.035,0.019550277
2.036,-0.017635433
2.037,-0.010521645
2.038,0.015023321
2.039,-0.034126487
2.04,0.022460463
2.041,-0.012138415
2.042,-0.014078539
2.043,0.017610153
2.044,-0.033803133
2.045,0.018903569
2.046,-0.014401893
2.047,-0.016342017
2.048,0.014699967
2.049,-0.030569593
2.05,0.025370649
2.051,-0.016665371
2.052,-0.010521645
2.053,0.018256861
2.054,-0.033479779
2.055,0.021813755
2.056,-0.013755185
2.057,-0.013755185
2.058,0.017610153
2.059,-0.030246239
2.06,0.019873631
2.061,-0.017312079
2.062,-0.010844999
2.063,0.015346675
2.064,-0.033156425
2.065,0.022460463
2.066,-0.016342017
2.067,-0.013431831
2.068,0.017933507
2.069,-0.033479779
2.07,0.019550277
2.071,-0.013431831
2.072,-0.013755185
2.073,0.014699967
2.074,-0.030246239
2.075,0.019873631
2.076,-0.017312079
2.077,-0.011168353
2.078,0.015670029
2.079,-0.033156425
2.08,0.021813755
2.081,-0.011815061
2.082,-0.013108477
2.083,0.017610153
2.084,-0.033479779
2.085,0.019226923
2.086,-0.013431831
2.087,-0.016342017
2.088,0.014376613
2.089,-0.030569593
2.09,0.024400587
2.091,-0.016665371
2.092,-0.010844999
2.093,0.017933507
2.094,-0.033156425
2.095,0.021813755
2.096,-0.013755185
2.097,-0.013431831
2.098,0.017610153
2.099,-0.030892947
2.1,0.019226923
2.101,-0.017312079
2.102,-0.010521645
2.103,0.015023321
2.104,-0.033479779
2.105,0.022460463
2.106,-0.016018663
2.107,-0.011491707
2.108,0.028280835
2.109,-0.010198291
2.11,0.063203067
2.111,0.058999465
2.112,0.094245051
2.113,0.163442807
2.114,0.160532621
2.115,0.253658573
2.116,0.260449007
2.117,0.309922169
2.118,0.376856447
2.119,0.369742659
2.12,0.464808735
2.121,0.467395567
2.122,0.497790843
2.123,0.559874811
2.124,0.535623261
2.125,0.616785115
2.126,0.605144371
2.127,0.622928841
2.128,0.672402003
2.129,0.641036665
2.13,0.707324235
2.131,0.675635543
2.132,0.691479889
2.133,0.725108705
2.134,0.677899021
2.135,0.739336281
2.136,0.707000881
2.137,0.706677527
2.138,0.738689573
2.139,0.694713429
2.14,0.744833299
2.141,0.706354173
2.142,0.708294297
2.143,0.732545847
2.144,0.683719393
2.145,0.738042865
2.146,0.695683491
2.147,0.694713429
2.148,0.721551811
2.149,0.665934923
2.15,0.715731439
2.151,0.682102623
2.152,0.675958897
2.153,0.700210447
2.154,0.648473807
2.155,0.695683491
2.156,0.655264241
2.157,0.656557657
2.158,0.677899021
2.159,0.624222257
2.16,0.673695419
2.161,0.635216293
2.162,0.629072567
2.163,0.656557657
2.164,0.599970707
2.165,0.648150453
2.166,0.609024619
2.167,0.600940769
2.168,0.627779151
2.169,0.579599405
2.17,0.629395921
2.171,0.584773069
2.172,0.584773069
2.173,0.609994681
2.174,0.553084377
2.175,0.604497663
2.176,0.565371829
2.177,0.559551457
2.178,0.585096423
2.179,0.534976553
2.18,0.580569467
2.181,0.539826863
2.182,0.539826863
2.183,0.561168227
2.184,0.508138171
2.185,0.560521519
2.186,0.516222021
2.187,0.515251959
2.188,0.544677173
2.189,0.490030347
2.19,0.536916677
2.191,0.499730967
2.192,0.495204011
2.193,0.519132207
2.194,0.469335691
2.195,0.515575313
2.196,0.474832709
2.197,0.477096187
2.198,0.499407613
2.199,0.446700911
2.2,0.498437551
2.201,0.461251841
2.202,0.454138053
2.203,0.484533329
2.204,0.427946379
2.205,0.476772833
2.206,0.440880539
2.207,0.434413459
2.208,0.462221903
2.209,0.412102033
2.21,0.464162027
2.211,0.418892467
2.212,0.419862529
2.213,0.447347619
2.214,0.391730731
2.215,0.444114079
2.216,0.408545139
2.217,0.404018183
2.218,0.431503273
2.219,0.378796571
2.22,0.424066131
2.221,0.388173837
2.222,0.389790607
2.223,0.411778679
2.224,0.359071977
2.225,0.411778679
2.226,0.370066013
2.227,0.370066013
2.228,0.398197811
2.229,0.343550985
2.23,0.393347501
2.231,0.358748623
2.232,0.357131853
2.233,0.384293589
2.234,0.334820427
2.235,0.380413341
2.236,0.341610861
2.237,0.343227631
2.238,0.367479181
2.239,0.315742541
2.24,0.369419305
2.241,0.333203657
2.242,0.326736577
2.243,0.355191729
2.244,0.301191611
2.245,0.352604897
2.246,0.318329373
2.247,0.310892231
2.248,0.341287507
2.249,0.293754469
2.25,0.345491109
2.251,0.303778443
2.252,0.304425151
2.253,0.333527011
2.254,0.278556831
2.255,0.331910241
2.256,0.296341301
2.257,0.290844283
2.258,0.319622789
2.259,0.268532857
2.26,0.316065895
2.261,0.279526893
2.262,0.281790371
2.263,0.305718567
2.264,0.253335219
2.265,0.307011983
2.266,0.268532857
2.267,0.266916087
2.268,0.299251487
2.269,0.245251369
2.27,0.294724531
2.271,0.261742423
2.272,0.256245405
2.273,0.285347265
2.274,0.238460935
2.275,0.285023911
2.276,0.247838201
2.277,0.249454971
2.278,0.276293353
2.279,0.224233359
2.28,0.275969999
2.281,0.243634599
2.282,0.236844165
2.283,0.268856211
2.284,0.213886031
2.285,0.264975963
2.286,0.232317209
2.287,0.223910005
2.288,0.256892113
2.289,0.209035721
2.29,0.262712485
2.291,0.221323173
2.292,0.221323173
2.293,0.250101679
2.294,0.196748269
2.295,0.249131617
2.296,0.215179447
2.297,0.210652491
2.298,0.242664537
2.299,0.191574605
2.3,0.239107643
2.301,0.202891995
2.302,0.204508765
2.303,0.231023793
2.304,0.179610507
2.305,0.232963917
2.306,0.194808145
2.307,0.193191375
2.308,0.226173483
2.309,0.172173365
2.31,0.222293235
2.311,0.189957835
2.312,0.186400941
2.313,0.215502801
2.314,0.167969763
2.315,0.214856093
2.316,0.180580569
2.317,0.180903923
2.318,0.208712367
2.319,0.158269143
2.32,0.212592615
2.321,0.178317091
2.322,0.172173365
2.323,0.203862057
2.324,0.151802063
2.325,0.202568641
2.326,0.169263179
2.327,0.163119453
2.328,0.195778207
2.329,0.147275107
2.33,0.200305163
2.331,0.160532621
2.332,0.163119453
2.333,0.192868021
2.334,0.137897841
2.335,0.190604543
2.336,0.157945789
2.337,0.153742187
2.338,0.186400941
2.339,0.135957717
2.34,0.184137463
2.341,0.147921815
2.342,0.149215231
2.343,0.177023675
2.344,0.125287035
2.345,0.180257215
2.346,0.142424797
2.347,0.141131381
2.348,0.173790135
2.349,0.120113371
2.35,0.170879949
2.351,0.141131381
2.352,0.135311009
2.353,0.165382931
2.354,0.117526539
2.355,0.165382931
2.356,0.130784053
2.357,0.133370885
2.358,0.159885913
2.359,0.108472627
2.36,0.163119453
2.361,0.131107407
2.362,0.124963681
2.363,0.157622435
2.364,0.103298963
2.365,0.155035603
2.366,0.124316973
2.367,0.116879831
2.368,0.149861939
2.369,0.102328901
2.37,0.157622435
2.371,0.117203185
2.372,0.117203185
2.373,0.146951753
2.374,0.094245051
2.375,0.147921815
2.376,0.113322937
2.377,0.109766043
2.378,0.142424797
2.379,0.092304927
2.38,0.141131381
2.381,0.108149273
2.382,0.109442689
2.383,0.134987655
2.384,0.084221077
2.385,0.139837965
2.386,0.102652255
2.387,0.100712131
2.388,0.134664301
2.389,0.081634245
2.39,0.132400823
2.391,0.102652255
2.392,0.097801945
2.393,0.127550513
2.394,0.079047413
2.395,0.128843929
2.396,0.095215113
2.397,0.096831883
2.398,0.123346911
2.399,0.071933625
2.4,0.127873867
2.401,0.095861821
2.402,0.089394741
2.403,0.122700203
2.404,0.068376731
2.405,0.121083433
2.406,0.089718095
2.407,0.082280953
2.408,0.117203185
2.409,0.067730023
2.41,0.121083433
2.411,0.083251015
2.412,0.084221077
2.413,0.114616353
2.414,0.060616235
2.415,0.115909769
2.416,0.083251015
2.417,0.077753997
2.418,0.111706167
2.419,0.061909651
2.42,0.110089397
2.421,0.076460581
2.422,0.078077351
2.423,0.106532503
2.424,0.054472509
2.425,0.110089397
2.426,0.073550395
2.427,0.071933625
2.428,0.105885795
2.429,0.051238969
2.43,0.102975609
2.431,0.072256979
2.432,0.067730023
2.433,0.098448653
2.434,0.051562323
2.435,0.100065423
2.436,0.066436607
2.437,0.068053377
2.438,0.096831883
2.439,0.045095243
2.44,0.099742069
2.441,0.068376731
2.442,0.062879713
2.443,0.095861821
2.444,0.042508411
2.445,0.094245051
2.446,0.065143191
2.447,0.057382695
2.448,0.090688157
2.449,0.043801827
2.45,0.099095361
2.451,0.058999465
2.452,0.059969527
2.453,0.091981573
2.454,0.037011393
2.455,0.091981573
2.456,0.059322819
2.457,0.053825801
2.458,0.087454617
2.459,0.037334747
2.46,0.086484555
2.461,0.053825801
2.462,0.054149155
2.463,0.083251015
2.464,0.032484437
2.465,0.087454617
2.466,0.051562323
2.467,0.048652137
2.468,0.083251015
2.469,0.028927543
2.47,0.080017475
2.471,0.051238969
2.472,0.045741951
2.473,0.077430643
2.474,0.029574251
2.475,0.079370767
2.476,0.046712013
2.477,0.046388659
2.478,0.075813873
2.479,0.025370649
2.48,0.080017475
2.481,0.049622199
2.482,0.041861703
2.483,0.078077351
2.484,0.023430525
2.485,0.075167165
2.486,0.045418597
2.487,0.037011393
2.488,0.072580333
2.489,0.023430525
2.49,0.078400705
2.491,0.040891641
2.492,0.040891641
2.493,0.072903687
2.494,0.018903569
2.495,0.073550395
2.496,0.042185057
2.497,0.036688039
2.498,0.071286917
2.499,0.020520339
2.5,0.068053377
2.501,0.036041331
2.502,0.036688039
2.503,0.067406669
2.504,0.015670029
2.505,0.070316855
2.506,0.035394623
2.507,0.032161083
2.508,0.066436607
2.509,0.013406551
2.51,0.064819837
2.511,0.036688039
2.512,0.029897605
2.513,0.062233005
2.514,0.015023321
2.515,0.062556359
2.516,0.030867667
2.517,0.030867667
2.518,0.060939589
2.519,0.009202949
2.52,0.063203067
2.521,0.034101207
2.522,0.026017357
2.523,0.060616235
2.524,0.006616117
2.525,0.058999465
2.526,0.030220959
2.527,0.021167047
2.528,0.056735987
2.529,0.008879595
2.53,0.063526421
2.531,0.026664065
2.532,0.025694003
2.533,0.058676111
2.534,0.004675993
2.535,0.058999465
2.536,0.028604189
2.537,0.022137109
2.538,0.056735987
2.539,0.006292763
2.54,0.054795863
2.541,0.023753879
2.542,0.023430525
2.543,0.052855739
2.544,0.001442453
2.545,0.056089279
2.546,0.022137109
2.547,0.018580215
2.548,0.055119217
2.549,0.000472391
2.55,0.051885677
2.551,0.024400587
2.552,0.017933507
2.553,0.049945553
2.554,0.002735869
2.555,0.051562323
2.556,0.020196985
2.557,0.019873631
2.558,0.049622199
2.559,-0.002114441
2.56,0.052532385
2.561,0.022460463
2.562,0.015023321
2.563,0.050268907
2.564,-0.003407857
2.565,0.047682075
2.566,0.020196985
2.567,0.010496365
2.568,0.045741951
2.569,-0.002437795
2.57,0.052209031
2.571,0.016316737
2.572,0.015670029
2.573,0.048975491
2.574,-0.005024627
2.575,0.048975491
2.576,0.018903569
2.577,0.011789781
2.578,0.047035367
2.579,-0.004054565
2.58,0.044448535
2.581,0.013729905
2.582,0.013729905
2.583,0.042831765
2.584,-0.007934813
2.585,0.047035367
2.586,0.013729905
2.587,0.008556241
2.588,0.045741951
2.589,-0.008581521
2.59,0.043155119
2.591,0.015023321
2.592,0.007909533
2.593,0.040891641
2.594,-0.006964751
2.595,0.041861703
2.596,0.010819719
2.597,0.010173011
2.598,0.040244933
2.599,-0.010844999
2.6,0.043155119
2.601,0.015023321
2.602,0.005969409
2.603,0.042185057
2.604,-0.012138415
2.605,0.039921579
2.606,0.012759843
2.607,0.003059223
2.608,0.038304809
2.609,-0.009228229
2.61,0.045741951
2.611,0.008556241
2.612,0.008232887
2.613,0.041214995
2.614,-0.012785123
2.615,0.042185057
2.616,0.011466427
2.617,0.004029285
2.618,0.039598225
2.619,-0.010198291
2.62,0.037981455
2.621,0.007262825
2.622,0.005646055
2.623,0.036688039
2.624,-0.015048601
2.625,0.039598225
2.626,0.006616117
2.627,0.002412515
2.628,0.038951517
2.629,-0.015695309
2.63,0.035717977
2.631,0.008879595
2.632,0.001765807
2.633,0.034424561
2.634,-0.013108477
2.635,0.035717977
2.636,0.004999347
2.637,0.004352639
2.638,0.035071269
2.639,-0.016665371
2.64,0.037011393
2.641,0.008879595
2.642,0.000149037
2.643,0.037011393
2.644,-0.017312079
2.645,0.033777853
2.646,0.007586179
2.647,-0.002437795
2.648,0.033454499
2.649,-0.014725247
2.65,0.039274871
2.651,0.003059223
2.652,0.001765807
2.653,0.036041331
2.654,-0.018282141
2.655,0.036364685
2.656,0.005646055
2.657,-0.001467733
2.658,0.034747915
2.659,-0.016988725
2.66,0.031514375
2.661,0.002089161
2.662,0.000795745
2.663,0.031514375
2.664,-0.019898911
2.665,0.035394623
2.666,0.002412515
2.667,-0.003084503
2.668,0.033454499
2.669,-0.020222265
2.67,0.030220959
2.671,0.003382577
2.672,-0.003084503
2.673,0.030220959
2.674,-0.017958787
2.675,0.030544313
2.676,0.000149037
2.677,-0.000497671
2.678,0.029897605
2.679,-0.021515681
2.68,0.032807791
2.681,0.004675993
2.682,-0.005024627
2.683,0.032161083
2.684,-0.021839035
2.685,0.029250897
2.686,0.002089161
2.687,-0.006318043
2.688,0.028927543
2.689,-0.019575557
2.69,0.035717977
2.691,-0.000497671
2.692,-0.002761149
2.693,0.031514375
2.694,-0.023779159
2.695,0.031191021
2.696,0.001765807
2.697,-0.006964751
2.698,0.030544313
2.699,-0.020545619
2.7,0.028280835
2.701,-0.002114441
2.702,-0.003084503
2.703,0.027310773
2.704,-0.024425867
2.705,0.030544313
2.706,-0.001791087
2.707,-0.007288105
2.708,0.029574251
2.709,-0.024425867
2.71,0.026987419
2.711,0.001119099
2.712,-0.006964751
2.713,0.026017357
2.714,-0.021515681
2.715,0.026987419
2.716,-0.002437795
2.717,-0.004701273
2.718,0.026987419
2.719,-0.024749221
2.72,0.029250897
2.721,0.000472391
2.722,-0.007934813
2.723,0.028604189
2.724,-0.025395929
2.725,0.025694003
2.726,-0.000174317
2.727,-0.011491707
2.728,0.025694003
2.729,-0.022809097
2.73,0.031191021
2.731,-0.003407857
2.732,-0.006318043
2.733,0.028280835
2.734,-0.026689345
2.735,0.027634127
2.736,-0.001144379
2.737,-0.009228229
2.738,0.026664065
2.739,-0.023779159
2.74,0.025047295
2.741,-0.004701273
2.742,-0.006641397
2.743,0.024400587
2.744,-0.027659407
2.745,0.027957481
2.746,-0.004701273
2.747,-0.010198291
2.748,0.027310773
2.749,-0.027012699
2.75,0.023753879
2.751,-0.001791087
2.752,-0.009874937
2.753,0.024077233
2.754,-0.024749221
2.755,0.024723941
2.756,-0.005347981
2.757,-0.007611459
2.758,0.023430525
2.759,-0.028629469
2.76,0.025694003
2.761,-0.001467733
2.762,-0.010844999
2.763,0.026340711
2.764,-0.028952823
2.765,0.022460463
2.766,-0.002114441
2.767,-0.013431831
2.768,0.023430525
2.769,-0.026042637
2.77,0.029574251
2.771,-0.005347981
2.772,-0.008581521
2.773,0.025694003
2.774,-0.028629469
2.775,0.026017357
2.776,-0.003084503
2.777,-0.011815061
2.778,0.026017357
2.779,-0.026042637
2.78,0.021813755
2.781,-0.006641397
2.782,-0.008904875
2.783,0.022783817
2.784,-0.029599531
2.785,0.024723941
2.786,-0.005994689
2.787,-0.012138415
2.788,0.025370649
2.789,-0.029599531
2.79,0.022137109
2.791,-0.003731211
2.792,-0.012138415
2.793,0.022460463
2.794,-0.026689345
2.795,0.021813755
2.796,-0.007288105
2.797,-0.010521645
2.798,0.022137109
2.799,-0.030246239
2.8,0.023753879
2.801,-0.002437795
2.802,-0.013108477
2.803,0.024723941
2.804,-0.029922885
2.805,0.021490401
2.806,-0.004054565
2.807,-0.016018663
2.808,0.022137109
2.809,-0.027012699
2.81,0.026664065
2.811,-0.006964751
2.812,-0.010198291
2.813,0.025047295
2.814,-0.030246239
2.815,0.023753879
2.816,-0.003407857
2.817,-0.013108477
2.818,0.023430525
2.819,-0.027982761
2.82,0.020843693
2.821,-0.007288105
2.822,-0.010521645
2.823,0.021813755
2.824,-0.030892947
2.825,0.023753879
2.826,-0.007934813
2.827,-0.014401893
2.828,0.023753879
2.829,-0.031216301
2.83,0.019873631
2.831,-0.004377919
2.832,-0.013755185
2.833,0.020520339
2.834,-0.028629469
2.835,0.020196985
2.836,-0.007934813
2.837,-0.011815061
2.838,0.020843693
2.839,-0.031539655
2.84,0.022460463
2.841,-0.004054565
2.842,-0.015048601
2.843,0.023753879
2.844,-0.032186363
2.845,0.019873631
2.846,-0.004701273
2.847,-0.016988725
2.848,0.020520339
2.849,-0.028629469
2.85,0.026340711
2.851,-0.007288105
2.852,-0.011815061
2.853,0.024077233
2.854,-0.031539655
2.855,0.021490401
2.856,-0.005024627
2.857,-0.014401893
2.858,0.022783817
2.859,-0.028952823
2.86,0.019226923
2.861,-0.008258167
2.862,-0.011815061
2.863,0.020196985
2.864,-0.032186363
2.865,0.022137109
2.866,-0.008581521
2.867,-0.015048601
2.868,0.023430525
2.869,-0.031539655
2.87,0.017933507
2.871,-0.005671335
2.872,-0.014401893
2.873,0.019873631
2.874,-0.029276177
2.875,0.018903569
2.876,-0.008258167
2.877,-0.012461769
2.878,0.020196985
2.879,-0.031539655
2.88,0.021490401
2.881,-0.004701273
2.882,-0.015695309
2.883,0.022783817
2.884,-0.032186363
2.885,0.018580215
2.886,-0.005671335
2.887,-0.018605495
2.888,0.020520339
2.889,-0.029599531
2.89,0.024077233
2.891,-0.008258167
2.892,-0.013108477
2.893,0.022783817
2.894,-0.032833071
2.895,0.020843693
2.896,-0.005347981
2.897,-0.016018663
2.898,0.022137109
2.899,-0.028952823
2.9,0.018580215
2.901,-0.008904875
2.902,-0.012461769
2.903,0.019873631
2.904,-0.032833071
2.905,0.020843693
2.906,-0.008581521
2.907,-0.015695309
2.908,0.021813755
2.909,-0.032833071
2.91,0.017610153
2.911,-0.005994689
2.912,-0.016018663
2.913,0.018903569
2.914,-0.029276177
2.915,0.017610153
2.916,-0.009228229
2.917,-0.013755185
2.918,0.019550277
2.919,-0.032833071
2.92,0.020520339
2.921,-0.004701273
2.922,-0.016018663
2.923,0.022137109
2.924,-0.033479779
2.925,0.017286799
2.926,-0.005994689
2.927,-0.018928849
2.928,0.018256861
2.929,-0.029922885
2.93,0.024400587
2.931,-0.009228229
2.932,-0.013755185
2.933,0.022460463
2.934,-0.032509717
2.935,0.020196985
2.936,-0.005994689
2.937,-0.016342017
2.938,0.021490401
2.939,-0.029922885
2.94,0.017610153
2.941,-0.008581521
2.942,-0.014078539
2.943,0.018903569
2.944,-0.032833071
2.945,0.020196985
2.946,-0.009228229
2.947,-0.016988725
2.948,0.021813755
2.949,-0.033156425
2.95,0.016963445
2.951,-0.005994689
2.952,-0.016665371
2.953,0.018903569
2.954,-0.030246239
2.955,0.017610153
2.956,-0.009228229
2.957,-0.014401893
2.958,0.019226923
2.959,-0.033479779
2.96,0.020196985
2.961,-0.005347981
2.962,-0.016988725
2.963,0.021813755
2.964,-0.034126487
2.965,0.016640091
2.966,-0.006964751
2.967,-0.019898911
2.968,0.018580215
2.969,-0.030892947
2.97,0.023107171
2.971,-0.009551583
2.972,-0.014078539
2.973,0.021813755
2.974,-0.033479779
2.975,0.019550277
2.976,-0.006318043
2.977,-0.016988725
2.978,0.020843693
2.979,-0.029922885
2.98,0.016963445
2.981,-0.009551583
2.982,-0.013431831
2.983,0.018580215
2.984,-0.033156425
2.985,0.019550277
2.986,-0.008904875
2.987,-0.017312079
2.988,0.021490401
2.989,-0.033479779
2.99,0.016316737
2.991,-0.006318043
2.992,-0.017312079
2.993,0.018580215
2.994,-0.030569593
2.995,0.016316737
2.996,-0.009228229
2.997,-0.014401893
2.998,0.018903569
2.999,-0.033803133
3,0.019873631
3.001,-0.004701273
3.002,-0.017312079
3.003,0.021167047
3.004,-0.033803133
3.005,0.015993383
3.006,-0.007288105
3.007,-0.019898911
3.008,0.018256861
3.009,-0.031216301
3.01,0.022137109
3.011,-0.009551583
3.012,-0.014078539
3.013,0.021490401
3.014,-0.034449841
3.015,0.018903569
3.016,-0.005994689
3.017,-0.017312079
3.018,0.020843693
3.019,-0.030892947
3.02,0.016640091
3.021,-0.009874937
3.022,-0.014401893
3.023,0.018580215
3.024,-0.034126487
3.025,0.019226923
3.026,-0.009228229
3.027,-0.017958787
3.028,0.022137109
3.029,-0.034126487
3.03,0.016316737
3.031,-0.006641397
3.032,-0.017635433
3.033,0.017933507
3.034,-0.031216301
3.035,0.016316737
3.036,-0.010198291
3.037,-0.014725247
3.038,0.018256861
3.039,-0.034126487
3.04,0.018903569
3.041,-0.005347981
3.042,-0.017635433
3.043,0.021813755
3.044,-0.034773195
3.045,0.015670029
3.046,-0.005671335
3.047,-0.020545619
3.048,0.018580215
3.049,-0.031539655
3.05,0.022783817
3.051,-0.008581521
3.052,-0.015048601
3.053,0.021490401
3.054,-0.034126487
3.055,0.018256861
3.056,-0.005994689
3.057,-0.017312079
3.058,0.021490401
3.059,-0.031216301
3.06,0.015993383
3.061,-0.009551583
3.062,-0.015048601
3.063,0.017933507
3.064,-0.034773195
3.065,0.018580215
3.066,-0.009551583
3.067,-0.018605495
3.068,0.020843693
3.069,-0.034449841
3.07,0.015023321
3.071,-0.006318043
3.072,-0.017312079
3.073,0.018580215
3.074,-0.031539655
3.075,0.015670029
3.076,-0.009228229
3.077,-0.014725247
3.078,0.018256861
3.079,-0.034773195
3.08,0.018903569
3.081,-0.005347981
3.082,-0.017958787
3.083,0.021490401
3.084,-0.034449841
3.085,0.015670029
3.086,-0.006641397
3.087,-0.021192327
3.088,0.018903569
3.089,-0.031216301
3.09,0.021167047
3.091,-0.008904875
3.092,-0.015695309
3.093,0.021490401
3.094,-0.034773195
3.095,0.018256861
3.096,-0.005994689
3.097,-0.018928849
3.098,0.021167047
3.099,-0.031539655
3.1,0.015346675
3.101,-0.009874937
3.102,-0.015695309
3.103,0.018903569
3.104,-0.034449841
3.105,0.018256861
3.106,-0.008904875
3.107,-0.017635433
3.108,0.021167047
3.109,-0.034126487
3.11,0.015346675
3.111,-0.005671335
3.112,-0.017958787
3.113,0.018580215
3.114,-0.030892947
3.115,0.015346675
3.116,-0.009551583
3.117,-0.016018663
3.118,0.019226923
3.119,-0.034449841
3.12,0.017933507
3.121,-0.005671335
3.122,-0.018282141
3.123,0.021490401
3.124,-0.034773195
3.125,0.015346675
3.126,-0.005671335
3.127,-0.022162389
3.128,0.018256861
3.129,-0.031216301
3.13,0.021167047
3.131,-0.009228229
3.132,-0.015695309
3.133,0.021490401
3.134,-0.034449841
3.135,0.017610153
3.136,-0.006318043
3.137,-0.018282141
3.138,0.021167047
3.139,-0.031539655
3.14,0.015023321
3.141,-0.008904875
3.142,-0.015695309
3.143,0.018256861
3.144,-0.034449841
3.145,0.018256861
3.146,-0.008904875
3.147,-0.018605495
3.148,0.021490401
3.149,-0.034449841
3.15,0.014699967
3.151,-0.005994689
3.152,-0.018282141
3.153,0.017933507
3.154,-0.031539655
3.155,0.015346675
3.156,-0.008581521
3.157,-0.015371955
3.158,0.018580215
3.159,-0.034126487
3.16,0.018256861
3.161,-0.004377919
3.162,-0.018928849
3.163,0.021490401
3.164,-0.034449841
3.165,0.014376613
3.166,-0.005994689
3.167,-0.021192327
3.168,0.018256861
3.169,-0.031863009
3.17,0.020520339
3.171,-0.008581521
3.172,-0.016018663
3.173,0.021490401
3.174,-0.035096549
3.175,0.017610153
3.176,-0.005994689
3.177,-0.019575557
3.178,0.021167047
3.179,-0.031216301
3.18,0.014699967
3.181,-0.009228229
3.182,-0.015048601
3.183,0.018256861
3.184,-0.034773195
3.185,0.017286799
3.186,-0.008581521
3.187,-0.019575557
3.188,0.021813755
3.189,-0.033803133
3.19,0.014376613
3.191,-0.005994689
3.192,-0.019575557
3.193,0.017933507
3.194,-0.031216301
3.195,0.014376613
3.196,-0.008904875
3.197,-0.016988725
3.198,0.018256861
3.199,-0.035096549
3.2,0.016963445
3.201,-0.004701273
3.202,-0.018928849
3.203,0.020843693
3.204,-0.035743257
3.205,0.014699967
3.206,-0.005347981
3.207,-0.022162389
3.208,0.018580215
3.209,-0.031539655
3.21,0.020520339
3.211,-0.008581521
3.212,-0.016018663
3.213,0.022137109
3.214,-0.034449841
3.215,0.016316737
3.216,-0.005024627
3.217,-0.018282141
3.218,0.020843693
3.219,-0.031216301
3.22,0.014699967
3.221,-0.008904875
3.222,-0.016342017
3.223,0.018580215
3.224,-0.034449841
3.225,0.016963445
3.226,-0.008581521
3.227,-0.018928849
3.228,0.021167047
3.229,-0.034449841
3.23,0.013406551
3.231,-0.005347981
3.232,-0.018928849
3.233,0.018580215
3.234,-0.031863009
3.235,0.014699967
3.236,-0.008258167
3.237,-0.016342017
3.238,0.018903569
3.239,-0.034449841
3.24,0.016963445
3.241,-0.004701273
3.242,-0.019252203
3.243,0.021813755
3.244,-0.034449841
3.245,0.014053259
3.246,-0.005994689
3.247,-0.021839035
3.248,0.018580215
3.249,-0.032186363
3.25,0.019873631
3.251,-0.007934813
3.252,-0.016342017
3.253,0.020843693
3.254,-0.034449841
3.255,0.016640091
3.256,-0.005024627
3.257,-0.019575557
3.258,0.021167047
3.259,-0.031539655
3.26,0.013729905
3.261,-0.008258167
3.262,-0.015371955
3.263,0.018580215
3.264,-0.034773195
3.265,0.016640091
3.266,-0.007288105
3.267,-0.019898911
3.268,0.021490401
3.269,-0.034126487
3.27,0.013729905
3.271,-0.005671335
3.272,-0.019575557
3.273,0.018903569
3.274,-0.031863009
3.275,0.013406551
3.276,-0.008258167
3.277,-0.015695309
3.278,0.018903569
3.279,-0.034449841
3.28,0.016316737
3.281,-0.004054565
3.282,-0.018928849
3.283,0.021167047
3.284,-0.034773195
3.285,0.014053259
3.286,-0.004701273
3.287,-0.022485743
3.288,0.019226923
3.289,-0.031539655
3.29,0.019226923
3.291,-0.008581521
3.292,-0.016342017
3.293,0.021813755
3.294,-0.034773195
3.295,0.016640091
3.296,-0.004701273
3.297,-0.019898911
3.298,0.020520339
3.299,-0.031539655
3.3,0.014376613
3.301,-0.008904875
3.302,-0.016018663
3.303,0.018903569
3.304,-0.034449841
3.305,0.015993383
3.306,-0.008258167
3.307,-0.019575557
3.308,0.021490401
3.309,-0.035096549
3.31,0.013729905
3.311,-0.005347981
3.312,-0.019898911
3.313,0.017933507
3.314,-0.031539655
3.315,0.014376613
3.316,-0.007934813
3.317,-0.016988725
3.318,0.018580215
3.319,-0.034773195
3.32,0.016316737
3.321,-0.004377919
3.322,-0.018605495
3.323,0.021490401
3.324,-0.035096549
3.325,0.012759843
3.326,-0.004701273
3.327,-0.022485743
3.328,0.018580215
3.329,-0.031863009
3.33,0.018903569
3.331,-0.008258167
3.332,-0.016988725
3.333,0.021813755
3.334,-0.034449841
3.335,0.016640091
3.336,-0.005024627
3.337,-0.018928849
3.338,0.021813755
3.339,-0.032186363
3.34,0.013406551
3.341,-0.007934813
3.342,-0.016988725
3.343,0.018580215
3.344,-0.034773195
3.345,0.016640091
3.346,-0.007934813
3.347,-0.020222265
3.348,0.021490401
3.349,-0.033803133
3.35,0.013083197
3.351,-0.005347981
3.352,-0.019252203
3.353,0.018256861
3.354,-0.031216301
3.355,0.013083197
3.356,-0.007611459
3.357,-0.016988725
3.358,0.018903569
3.359,-0.034773195
3.36,0.016640091
3.361,-0.003731211
3.362,-0.019898911
3.363,0.021813755
3.364,-0.034773195
3.365,0.013729905
3.366,-0.005347981
3.367,-0.022809097
3.368,0.018903569
3.369,-0.031539655
3.37,0.019873631
3.371,-0.007611459
3.372,-0.016988725
3.373,0.021813755
3.374,-0.035096549
3.375,0.015993383
3.376,-0.004701273
3.377,-0.020222265
3.378,0.021490401
3.379,-0.031539655
3.38,0.013083197
3.381,-0.007934813
3.382,-0.016665371
3.383,0.019550277
3.384,-0.035419903
3.385,0.015670029
3.386,-0.007611459
3.387,-0.019575557
3.388,0.021813755
3.389,-0.034773195
3.39,0.013729905
3.391,-0.004377919
3.392,-0.019898911
3.393,0.018580215
3.394,-0.031539655
3.395,0.013406551
3.396,-0.007611459
3.397,-0.016342017
3.398,0.019226923
3.399,-0.035096549
3.4,0.016640091
3.401,-0.003731211
3.402,-0.019898911
3.403,0.021813755
3.404,-0.035419903
3.405,0.013083197
3.406,-0.004377919
3.407,-0.023132451
3.408,0.018903569
3.409,-0.031863009
3.41,0.018580215
3.411,-0.007288105
3.412,-0.017635433
3.413,0.022137109
3.414,-0.034773195
3.415,0.015670029
3.416,-0.004054565
3.417,-0.019898911
3.418,0.021490401
3.419,-0.031863009
3.42,0.013083197
3.421,-0.007288105
3.422,-0.017312079
3.423,0.018580215
3.424,-0.034449841
3.425,0.015670029
3.426,-0.007611459
3.427,-0.020545619
3.428,0.022783817
3.429,-0.034773195
3.43,0.012436489
3.431,-0.004377919
3.432,-0.019575557
3.433,0.018580215
3.434,-0.032509717
3.435,0.013729905
3.436,-0.007288105
3.437,-0.017312079
3.438,0.019550277
3.439,-0.034773195
3.44,0.016316737
3.441,-0.004054565
3.442,-0.020868973
3.443,0.021813755
3.444,-0.035419903
3.445,0.013083197
3.446,-0.004377919
3.447,-0.023132451
3.448,0.019226923
3.449,-0.031863009
3.45,0.019550277
3.451,-0.006318043
3.452,-0.017312079
3.453,0.023107171
3.454,-0.034449841
3.455,0.015346675
3.456,-0.004054565
3.457,-0.020222265
3.458,0.022460463
3.459,-0.031863009
3.46,0.012436489
3.461,-0.007611459
3.462,-0.017312079
3.463,0.019550277
3.464,-0.035419903
3.465,0.015670029
3.466,-0.005994689
3.467,-0.020545619
3.468,0.022137109
3.469,-0.034126487
3.47,0.013406551
3.471,-0.003731211
3.472,-0.019898911
3.473,0.019226923
3.474,-0.031539655
3.475,0.012759843
3.476,-0.006964751
3.477,-0.017635433
3.478,0.019873631
3.479,-0.035419903
3.48,0.015346675
3.481,-0.003407857
3.482,-0.020545619
3.483,0.021490401
3.484,-0.035096549
3.485,0.012436489
3.486,-0.004701273
3.487,-0.023455805
3.488,0.019226923
3.489,-0.031216301
3.49,0.017610153
3.491,-0.006641397
3.492,-0.017635433
3.493,0.022460463
3.494,-0.034773195
3.495,0.014699967
3.496,-0.003084503
3.497,-0.020545619
3.498,0.022137109
3.499,-0.031216301
3.5,0.013083197
3.501,-0.006318043
3.502,-0.017635433
3.503,0.019550277
3.504,-0.034449841
3.505,0.015346675
3.506,-0.006641397
3.507,-0.020868973
3.508,0.022460463
3.509,-0.034773195
3.51,0.012113135
3.511,-0.003731211
3.512,-0.019898911
3.513,0.019550277
3.514,-0.032186363
3.515,0.012436489
3.516,-0.006964751
3.517,-0.017958787
3.518,0.019873631
3.519,-0.034773195
3.52,0.014699967
3.521,-0.003084503
3.522,-0.020545619
3.523,0.022783817
3.524,-0.035419903
3.525,0.011789781
3.526,-0.004054565
3.527,-0.023455805
3.528,0.019226923
3.529,-0.031863009
3.53,0.018580215
3.531,-0.006641397
3.532,-0.018282141
3.533,0.022783817
3.534,-0.034126487
3.535,0.015346675
3.536,-0.003731211
3.537,-0.020545619
3.538,0.022137109
3.539,-0.031539655
3.54,0.011789781
3.541,-0.006641397
3.542,-0.017958787
3.543,0.019550277
3.544,-0.035419903
3.545,0.014699967
3.546,-0.005994689
3.547,-0.020868973
3.548,0.022783817
3.549,-0.034449841
3.55,0.011789781
3.551,-0.003407857
3.552,-0.020222265
3.553,0.019873631
3.554,-0.031216301
3.555,0.012436489
3.556,-0.005994689
3.557,-0.017312079
3.558,0.019226923
3.559,-0.034449841
3.56,0.015023321
3.561,-0.002761149
3.562,-0.021192327
3.563,0.021813755
3.564,-0.035096549
3.565,0.012113135
3.566,-0.003407857
3.567,-0.023132451
3.568,0.020196985
3.569,-0.031863009
3.57,0.017286799
3.571,-0.006641397
3.572,-0.017312079
3.573,0.022460463
3.574,-0.034126487
3.575,0.015023321
3.576,-0.002761149
3.577,-0.020545619
3.578,0.022137109
3.579,-0.031216301
3.58,0.012759843
3.581,-0.006641397
3.582,-0.017312079
3.583,0.020196985
3.584,-0.034773195
3.585,0.015023321
3.586,-0.005994689
3.587,-0.020545619
3.588,0.022783817
3.589,-0.034449841
3.59,0.011789781
3.591,-0.003407857
3.592,-0.020868973
3.593,0.019226923
3.594,-0.031216301
3.595,0.012113135
3.596,-0.006318043
3.597,-0.018282141
3.598,0.020196985
3.599,-0.034449841
3.6,0.014376613
3.601,-0.002114441
3.602,-0.020545619
3.603,0.023107171
3.604,-0.035096549
3.605,0.012113135
3.606,-0.002761149
3.607,-0.023455805
3.608,0.019873631
3.609,-0.031863009
3.61,0.018903569
3.611,-0.005671335
3.612,-0.017312079
3.613,0.023430525
3.614,-0.034126487
3.615,0.014053259
3.616,-0.003084503
3.617,-0.020222265
3.618,0.022460463
3.619,-0.031863009
3.62,0.012113135
3.621,-0.006641397
3.622,-0.017958787
3.623,0.019550277
3.624,-0.035419903
3.625,0.014699967
3.626,-0.006318043
3.627,-0.020868973
3.628,0.023107171
3.629,-0.034126487
3.63,0.011789781
3.631,-0.002761149
3.632,-0.020222265
3.633,0.020196985
3.634,-0.031539655
3.635,0.011789781
3.636,-0.005671335
3.637,-0.017958787
3.638,0.019873631
3.639,-0.034449841
3.64,0.014699967
3.641,-0.001791087
3.642,-0.021192327
3.643,0.022783817
3.644,-0.035096549
3.645,0.011143073
3.646,-0.003407857
3.647,-0.024102513
3.648,0.019226923
3.649,-0.032186363
3.65,0.016640091
3.651,-0.005671335
3.652,-0.018282141
3.653,0.022783817
3.654,-0.034773195
3.655,0.015023321
3.656,-0.002114441
3.657,-0.021515681
3.658,0.023107171
3.659,-0.031539655
3.66,0.011789781
3.661,-0.005347981
3.662,-0.017635433
3.663,0.020520339
3.664,-0.035419903
3.665,0.014699967
3.666,-0.005347981
3.667,-0.021515681
3.668,0.022783817
3.669,-0.034126487
3.67,0.011789781
3.671,-0.003407857
3.672,-0.021192327
3.673,0.019550277
3.674,-0.031539655
3.675,0.011789781
3.676,-0.006318043
3.677,-0.018605495
3.678,0.020196985
3.679,-0.034449841
3.68,0.014699967
3.681,-0.002761149
3.682,-0.020868973
3.683,0.022783817
3.684,-0.035096549
3.685,0.012436489
3.686,-0.002437795
3.687,-0.023455805
3.688,0.020196985
3.689,-0.031863009
3.69,0.018256861
3.691,-0.006641397
3.692,-0.018282141
3.693,0.023430525
3.694,-0.034449841
3.695,0.014053259
3.696,-0.002761149
3.697,-0.021839035
3.698,0.022460463
3.699,-0.031863009
3.7,0.011789781
3.701,-0.005994689
3.702,-0.017958787
3.703,0.019550277
3.704,-0.034449841
3.705,0.014376613
3.706,-0.005671335
3.707,-0.021515681
3.708,0.023430525
3.709,-0.034126487
3.71,0.010496365
3.711,-0.002761149
3.712,-0.020868973
3.713,0.019873631
3.714,-0.031539655
3.715,0.012113135
3.716,-0.005347981
3.717,-0.018605495
3.718,0.020520339
3.719,-0.034773195
3.72,0.014053259
3.721,-0.001791087
3.722,-0.021515681
3.723,0.023107171
3.724,-0.035096549
3.725,0.011143073
3.726,-0.003407857
3.727,-0.024425867
3.728,0.019873631
3.729,-0.032186363
3.73,0.016316737
3.731,-0.005671335
3.732,-0.018605495
3.733,0.023430525
3.734,-0.034126487
3.735,0.014053259
3.736,-0.002114441
3.737,-0.021839035
3.738,0.023107171
3.739,-0.031863009
3.74,0.010819719
3.741,-0.005024627
3.742,-0.018605495
3.743,0.020196985
3.744,-0.034449841
3.745,0.014053259
3.746,-0.005347981
3.747,-0.021515681
3.748,0.023430525
3.749,-0.034126487
3.75,0.011143073
3.751,-0.003084503
3.752,-0.021839035
3.753,0.019873631
3.754,-0.031539655
3.755,0.011466427
3.756,-0.005347981
3.757,-0.018605495
3.758,0.020843693
3.759,-0.035096549
3.76,0.013729905
3.761,-0.001467733
3.762,-0.021515681
3.763,0.023430525
3.764,-0.034773195
3.765,0.011143073
3.766,-0.002437795
3.767,-0.025395929
3.768,0.020196985
3.769,-0.031216301
3.77,0.016640091
3.771,-0.005347981
3.772,-0.018605495
3.773,0.023753879
3.774,-0.035096549
3.775,0.013406551
3.776,-0.002437795
3.777,-0.021839035
3.778,0.022783817
3.779,-0.031539655
3.78,0.010819719
3.781,-0.005347981
3.782,-0.018928849
3.783,0.020520339
3.784,-0.034449841
3.785,0.013729905
3.786,-0.005347981
3.787,-0.021515681
3.788,0.023753879
3.789,-0.034126487
3.79,0.010819719
3.791,-0.002114441
3.792,-0.021515681
3.793,0.020196985
3.794,-0.031216301
3.795,0.011143073
3.796,-0.005024627
3.797,-0.019252203
3.798,0.020843693
3.799,-0.034449841
3.8,0.013406551
3.801,-0.001467733
3.802,-0.022485743
3.803,0.023753879
3.804,-0.034773195
3.805,0.010173011
3.806,-0.002114441
3.807,-0.025395929
3.808,0.020520339
3.809,-0.031863009
3.81,0.015346675
3.811,-0.005024627
3.812,-0.019252203
3.813,0.023753879
3.814,-0.034126487
3.815,0.013083197
3.816,-0.001791087
3.817,-0.021515681
3.818,0.023753879
3.819,-0.031216301
3.82,0.010819719
3.821,-0.005994689
3.822,-0.018928849
3.823,0.020196985
3.824,-0.035096549
3.825,0.013406551
3.826,-0.004377919
3.827,-0.022809097
3.828,0.022783817
3.829,-0.034126487
3.83,0.009849657
3.831,-0.001791087
3.832,-0.022162389
3.833,0.019873631
3.834,-0.031863009
3.835,0.010173011
3.836,-0.005024627
3.837,-0.018605495
3.838,0.020196985
3.839,-0.034449841
3.84,0.013406551
3.841,-0.001144379
3.842,-0.022485743
3.843,0.023753879
3.844,-0.033803133
3.845,0.010496365
3.846,-0.002114441
3.847,-0.024425867
3.848,0.020843693
3.849,-0.030892947
3.85,0.016640091
3.851,-0.004701273
3.852,-0.018928849
3.853,0.023753879
3.854,-0.034449841
3.855,0.012759843
3.856,-0.001791087
3.857,-0.022162389
3.858,0.023107171
3.859,-0.031216301
3.86,0.010819719
3.861,-0.005024627
3.862,-0.018928849
3.863,0.020843693
3.864,-0.034773195
3.865,0.013406551
3.866,-0.004377919
3.867,-0.021515681
3.868,0.023430525
3.869,-0.034126487
3.87,0.009526303
3.871,-0.001467733
3.872,-0.021839035
3.873,0.019873631
3.874,-0.031216301
3.875,0.010496365
3.876,-0.005347981
3.877,-0.018928849
3.878,0.020196985
3.879,-0.034126487
3.88,0.012759843
3.881,-0.001467733
3.882,-0.021839035
3.883,0.023753879
3.884,-0.034449841
3.885,0.010173011
3.886,-0.001467733
3.887,-0.025395929
3.888,0.020196985
3.889,-0.030892947
3.89,0.015670029
3.891,-0.004701273
3.892,-0.018928849
3.893,0.024077233
3.894,-0.033479779
3.895,0.012436489
3.896,-0.001791087
3.897,-0.022162389
3.898,0.022783817
3.899,-0.030892947
3.9,0.010496365
3.901,-0.005024627
3.902,-0.018928849
3.903,0.020520339
3.904,-0.034449841
3.905,0.013406551
3.906,-0.004701273
3.907,-0.022809097
3.908,0.023430525
3.909,-0.034126487
3.91,0.009526303
3.911,-0.001791087
3.912,-0.021515681
3.913,0.020843693
3.914,-0.031539655
3.915,0.010496365
3.916,-0.004701273
3.917,-0.018928849
3.918,0.020843693
3.919,-0.034449841
3.92,0.013406551
3.921,-0.000821025
3.922,-0.022162389
3.923,0.023430525
3.924,-0.034126487
3.925,0.009849657
3.926,-0.001791087
3.927,-0.024425867
3.928,0.020843693
3.929,-0.031863009
3.93,0.016640091
3.931,-0.004701273
3.932,-0.019575557
3.933,0.023753879
3.934,-0.034773195
3.935,0.013083197
3.936,-0.001144379
3.937,-0.022809097
3.938,0.023107171
3.939,-0.030892947
3.94,0.009849657
3.941,-0.004377919
3.942,-0.019252203
3.943,0.021167047
3.944,-0.034126487
3.945,0.012113135
3.946,-0.004054565
3.947,-0.022485743
3.948,0.023753879
3.949,-0.034773195
3.95,0.009849657
3.951,-0.001144379
3.952,-0.022809097
3.953,0.020196985
3.954,-0.031216301
3.955,0.010173011
3.956,-0.004377919
3.957,-0.019898911
3.958,0.021167047
3.959,-0.033803133
3.96,0.012759843
3.961,-0.000821025
3.962,-0.022485743
3.963,0.023430525
3.964,-0.035743257
3.965,0.009526303
3.966,-0.000821025
3.967,-0.026042637
3.968,0.020196985
3.969,-0.030569593
3.97,0.014699967
3.971,-0.004377919
3.972,-0.020545619
3.973,0.024400587
3.974,-0.034126487
3.975,0.012436489
3.976,-0.001144379
3.977,-0.022485743
3.978,0.023430525
3.979,-0.031216301
3.98,0.009849657
3.981,-0.004377919
3.982,-0.019575557
3.983,0.020843693
3.984,-0.034449841
3.985,0.012113135
3.986,-0.004054565
3.987,-0.023132451
3.988,0.024077233
3.989,-0.033803133
3.99,0.008879595
3.991,-0.001467733
3.992,-0.022162389
3.993,0.020196985
3.994,-0.031216301
3.995,0.009849657
3.996,-0.004377919
3.997,-0.019898911
3.998,0.021167047
3.999,-0.034126487
4,0.012436489
4.001,-0.000821025
4.002,-0.023455805
4.003,0.024400587
4.004,-0.034773195
4.005,0.008879595
4.006,-0.000821025
4.007,-0.025395929
4.008,0.020843693
4.009,-0.031539655
4.01,0.016316737
4.011,-0.004054565
4.012,-0.020222265
4.013,0.023430525
4.014,-0.034449841
4.015,0.011789781
4.016,-0.000821025
4.017,-0.023132451
4.018,0.023753879
4.019,-0.030569593
4.02,0.009849657
4.021,-0.004054565
4.022,-0.019252203
4.023,0.021490401
4.024,-0.033803133
4.025,0.012436489
4.026,-0.003084503
4.027,-0.022809097
4.028,0.023430525
4.029,-0.034449841
4.03,0.009202949
4.031,-0.001144379
4.032,-0.023132451
4.033,0.020843693
4.034,-0.030892947
4.035,0.009202949
4.036,-0.003731211
4.037,-0.020545619
4.038,0.021490401
4.039,-0.034126487
4.04,0.011466427
4.041,-0.000174317
4.042,-0.023132451
4.043,0.023430525
4.044,-0.034126487
4.045,0.009202949
4.046,-0.001144379
4.047,-0.026042637
4.048,0.021167047
4.049,-0.030892947
4.05,0.013729905
4.051,-0.003731211
4.052,-0.020222265
4.053,0.024400587
4.054,-0.034126487
4.055,0.011466427
4.056,-0.000497671
4.057,-0.022809097
4.058,0.024077233
4.059,-0.031216301
4.06,0.009202949
4.061,-0.004377919
4.062,-0.020545619
4.063,0.020520339
4.064,-0.033803133
4.065,0.011466427
4.066,-0.003731211
4.067,-0.023779159
4.068,0.023753879
4.069,-0.033803133
4.07,0.008232887
4.071,-0.000174317
4.072,-0.022485743
4.073,0.020843693
4.074,-0.031216301
4.075,0.009202949
4.076,-0.003731211
4.077,-0.020545619
4.078,0.021490401
4.079,-0.033479779
4.08,0.012113135
4.081,-0.000174317
4.082,-0.023132451
4.083,0.024400587
4.084,-0.034126487
4.085,0.008879595
4.086,-0.001144379
4.087,-0.025395929
4.088,0.020843693
4.089,-0.030892947
4.09,0.015346675
4.091,-0.003084503
4.092,-0.021192327
4.093,0.023107171
4.094,-0.033803133
4.095,0.011143073
4.096,-0.000497671
4.097,-0.023132451
4.098,0.023430525
4.099,-0.031216301
4.1,0.008232887
4.101,-0.003084503
4.102,-0.019575557
4.103,0.020843693
4.104,-0.033803133
4.105,0.011789781
4.106,-0.003407857
4.107,-0.023779159
4.108,0.024077233
4.109,-0.033156425
4.11,0.009202949
4.111,-0.000821025
4.112,-0.023132451
4.113,0.021167047
4.114,-0.030246239
4.115,0.008556241
4.116,-0.003407857
4.117,-0.020545619
4.118,0.021167047
4.119,-0.033803133
4.12,0.012113135
4.121,0.000149037
4.122,-0.023132451
4.123,0.023753879
4.124,-0.033479779
4.125,0.008879595
4.126,-0.000821025
4.127,-0.026689345
4.128,0.021490401
4.129,-0.030246239
4.13,0.013083197
4.131,-0.003084503
4.132,-0.020222265
4.133,0.024400587
4.134,-0.033479779
4.135,0.011143073
4.136,0.000149037
4.137,-0.023455805
4.138,0.023107171
4.139,-0.030892947
4.14,0.008879595
4.141,-0.004377919
4.142,-0.020545619
4.143,0.020520339
4.144,-0.033803133
4.145,0.011466427
4.146,-0.002761149
4.147,-0.023455805
4.148,0.024077233
4.149,-0.033479779
4.15,0.008232887
4.151,0.000149037
4.152,-0.023455805
4.153,0.020843693
4.154,-0.030246239
4.155,0.008879595
4.156,-0.003407857
4.157,-0.020868973
4.158,0.021490401
4.159,-0.032833071
4.16,0.010819719
4.161,-0.000174317
4.162,-0.023132451
4.163,0.023753879
4.164,-0.033803133
4.165,0.008232887
4.166,-0.000174317
4.167,-0.025719283
4.168,0.020520339
4.169,-0.031216301
4.17,0.015670029
4.171,-0.003407857
4.172,-0.020868973
4.173,0.024400587
4.174,-0.033479779
4.175,0.010496365
4.176,-0.000497671
4.177,-0.023132451
4.178,0.023107171
4.179,-0.029922885
4.18,0.008556241
4.181,-0.003407857
4.182,-0.020545619
4.183,0.020520339
4.184,-0.033479779
4.185,0.011789781
4.186,-0.003084503
4.187,-0.024425867
4.188,0.024400587
4.189,-0.032833071
4.19,0.008232887
4.191,-0.000174317
4.192,-0.023455805
4.193,0.021167047
4.194,-0.030246239
4.195,0.008556241
4.196,-0.003084503
4.197,-0.020222265
4.198,0.021167047
4.199,-0.033803133
4.2,0.011466427
4.201,0.000472391
4.202,-0.023779159
4.203,0.024400587
4.204,-0.034126487
4.205,0.008232887
4.206,-0.000174317
4.207,-0.026689345
4.208,0.021813755
4.209,-0.031216301
4.21,0.012436489
4.211,-0.002437795
4.212,-0.020868973
4.213,0.024077233
4.214,-0.032833071
4.215,0.011466427
4.216,0.000149037
4.217,-0.023779159
4.218,0.023753879
4.219,-0.030246239
4.22,0.008556241
4.221,-0.003407857
4.222,-0.020545619
4.223,0.021813755
4.224,-0.033803133
4.225,0.011466427
4.226,-0.002437795
4.227,-0.023779159
4.228,0.023430525
4.229,-0.033156425
4.23,0.008232887
4.231,0.000472391
4.232,-0.023779159
4.233,0.021167047
4.234,-0.030246239
4.235,0.008232887
4.236,-0.003084503
4.237,-0.020868973
4.238,0.021813755
4.239,-0.033156425
4.24,0.010496365
4.241,0.001119099
4.242,-0.024102513
4.243,0.023430525
4.244,-0.034126487
4.245,0.008232887
4.246,-0.000821025
4.247,-0.026042637
4.248,0.020843693
4.249,-0.030246239
4.25,0.015023321
4.251,-0.003731211
4.252,-0.021839035
4.253,0.024723941
4.254,-0.033479779
4.255,0.010819719
4.256,0.000795745
4.257,-0.023779159
4.258,0.024077233
4.259,-0.030246239
4.26,0.008232887
4.261,-0.002437795
4.262,-0.020868973
4.263,0.021813755
4.264,-0.033156425
4.265,0.011466427
4.266,-0.002114441
4.267,-0.024425867
4.268,0.024723941
4.269,-0.033156425
4.27,0.007909533
4.271,-0.000174317
4.272,-0.023455805
4.273,0.021490401
4.274,-0.030569593
4.275,0.007909533
4.276,-0.002114441
4.277,-0.021192327
4.278,0.021167047
4.279,-0.033479779
4.28,0.010819719
4.281,0.000795745
4.282,-0.024102513
4.283,0.024400587
4.284,-0.033803133
4.285,0.007909533
4.286,0.000472391
4.287,-0.027659407
4.288,0.021490401
4.289,-0.030246239
4.29,0.012436489
4.291,-0.002114441
4.292,-0.020868973
4.293,0.024400587
4.294,-0.033156425
4.295,0.010496365
4.296,0.000472391
4.297,-0.024102513
4.298,0.024400587
4.299,-0.030246239
4.3,0.007262825
4.301,-0.002437795
4.302,-0.021192327
4.303,0.021813755
4.304,-0.033479779
4.305,0.010173011
4.306,-0.001791087
4.307,-0.024749221
4.308,0.024077233
4.309,-0.032833071
4.31,0.007262825
4.311,0.000149037
4.312,-0.024749221
4.313,0.021490401
4.314,-0.029922885
4.315,0.007262825
4.316,-0.002437795
4.317,-0.021192327
4.318,0.021813755
4.319,-0.033156425
4.32,0.010496365
4.321,0.001765807
4.322,-0.024425867
4.323,0.024077233
4.324,-0.033156425
4.325,0.007586179
4.326,0.001119099
4.327,-0.027012699
4.328,0.021167047
4.329,-0.030246239
4.33,0.013729905
4.331,-0.002761149
4.332,-0.021839035
4.333,0.024400587
4.334,-0.032833071
4.335,0.009849657
4.336,0.001119099
4.337,-0.024102513
4.338,0.023753879
4.339,-0.029599531
4.34,0.008232887
4.341,-0.001791087
4.342,-0.021515681
4.343,0.021813755
4.344,-0.032833071
4.345,0.009849657
4.346,-0.002114441
4.347,-0.024749221
4.348,0.024400587
4.349,-0.033156425
4.35,0.006616117
4.351,0.000795745
4.352,-0.024102513
4.353,0.020520339
4.354,-0.029599531
4.355,0.007262825
4.356,-0.002437795
4.357,-0.021839035
4.358,0.021490401
4.359,-0.033156425
4.36,0.009849657
4.361,0.001119099
4.362,-0.024425867
4.363,0.024400587
4.364,-0.033479779
4.365,0.006939471
4.366,0.000472391
4.367,-0.027982761
4.368,0.021490401
4.369,-0.030246239
4.37,0.011466427
4.371,-0.001467733
4.372,-0.021839035
4.373,0.024400587
4.374,-0.032509717
4.375,0.009849657
4.376,0.000795745
4.377,-0.025072575
4.378,0.023430525
4.379,-0.029922885
4.38,0.006616117
4.381,-0.002114441
4.382,-0.021839035
4.383,0.020843693
4.384,-0.032833071
4.385,0.009849657
4.386,-0.001791087
4.387,-0.025072575
4.388,0.024077233
4.389,-0.032509717
4.39,0.007262825
4.391,0.000795745
4.392,-0.024425867
4.393,0.021490401
4.394,-0.029276177
4.395,0.006939471
4.396,-0.001791087
4.397,-0.021515681
4.398,0.022137109
4.399,-0.032509717
4.4,0.010173011
4.401,0.001765807
4.402,-0.024102513
4.403,0.024077233
4.404,-0.032833071
4.405,0.006616117
4.406,0.001119099
4.407,-0.027336053
4.408,0.021490401
4.409,-0.029599531
4.41,0.013083197
4.411,-0.002114441
4.412,-0.021839035
4.413,0.024400587
4.414,-0.033156425
4.415,0.009526303
4.416,0.001765807
4.417,-0.024425867
4.418,0.023753879
4.419,-0.029599531
4.42,0.006939471
4.421,-0.001791087
4.422,-0.021192327
4.423,0.021490401
4.424,-0.032509717
4.425,0.009849657
4.426,-0.001791087
4.427,-0.024102513
4.428,0.024723941
4.429,-0.032509717
4.43,0.006292763
4.431,0.001442453
4.432,-0.024425867
4.433,0.021167047
4.434,-0.029599531
4.435,0.007586179
4.436,-0.001791087
4.437,-0.021839035
4.438,0.021813755
4.439,-0.033156425
4.44,0.009526303
4.441,0.001442453
4.442,-0.024425867
4.443,0.024077233
4.444,-0.033156425
4.445,0.006616117
4.446,0.001119099
4.447,-0.027982761
4.448,0.020843693
4.449,-0.029922885
4.45,0.011143073
4.451,-0.001467733
4.452,-0.022162389
4.453,0.024723941
4.454,-0.032186363
4.455,0.009202949
4.456,0.001442453
4.457,-0.024425867
4.458,0.023753879
4.459,-0.029922885
4.46,0.005969409
4.461,-0.001791087
4.462,-0.021192327
4.463,0.021490401
4.464,-0.032509717
4.465,0.009849657
4.466,-0.001467733
4.467,-0.025395929
4.468,0.024723941
4.469,-0.031863009
4.47,0.006616117
4.471,0.001442453
4.472,-0.024749221
4.473,0.021490401
4.474,-0.029276177
4.475,0.006616117
4.476,-0.001144379
4.477,-0.022162389
4.478,0.021167047
4.479,-0.032833071
4.48,0.009849657
4.481,0.001765807
4.482,-0.024749221
4.483,0.024077233
4.484,-0.033479779
4.485,0.006292763
4.486,0.001119099
4.487,-0.027336053
4.488,0.021490401
4.489,-0.029599531
4.49,0.012759843
4.491,-0.001467733
4.492,-0.022485743
4.493,0.025370649
4.494,-0.032833071
4.495,0.009202949
4.496,0.001765807
4.497,-0.024749221
4.498,0.024077233
4.499,-0.029599531
4.5,0.006939471
4.501,-0.001467733
4.502,-0.022162389
4.503,0.021813755
4.504,-0.032509717
4.505,0.009526303
4.506,-0.000821025
4.507,-0.026042637
4.508,0.024723941
4.509,-0.032509717
4.51,0.006616117
4.511,0.001442453
4.512,-0.025395929
4.513,0.021813755
4.514,-0.029276177
4.515,0.006939471
4.516,-0.001467733
4.517,-0.022162389
4.518,0.021490401
4.519,-0.032509717
4.52,0.009202949
4.521,0.001765807
4.522,-0.025072575
4.523,0.024400587
4.524,-0.032509717
4.525,0.006616117
4.526,0.001442453
4.527,-0.028952823
4.528,0.021490401
4.529,-0.029599531
4.53,0.011143073
4.531,-0.001791087
4.532,-0.022809097
4.533,0.025047295
4.534,-0.032186363
4.535,0.008879595
4.536,0.002412515
4.537,-0.025719283
4.538,0.024723941
4.539,-0.029599531
4.54,0.006292763
4.541,-0.000174317
4.542,-0.022485743
4.543,0.022460463
4.544,-0.032833071
4.545,0.009202949
4.546,-0.001467733
4.547,-0.025072575
4.548,0.024400587
4.549,-0.032186363
4.55,0.005646055
4.551,0.002412515
4.552,-0.024749221
4.553,0.021813755
4.554,-0.029276177
4.555,0.006616117
4.556,-0.001144379
4.557,-0.022485743
4.558,0.021490401
4.559,-0.031863009
4.56,0.009526303
4.561,0.002412515
4.562,-0.025719283
4.563,0.024723941
4.564,-0.032186363
4.565,0.005969409
4.566,0.002089161
4.567,-0.027982761
4.568,0.021813755
4.569,-0.029599531
4.57,0.012113135
4.571,-0.000174317
4.572,-0.022809097
4.573,0.024723941
4.574,-0.031863009
4.575,0.009202949
4.576,0.002412515
4.577,-0.025395929
4.578,0.025047295
4.579,-0.029276177
4.58,0.005969409
4.581,-0.001467733
4.582,-0.022485743
4.583,0.021813755
4.584,-0.032509717
4.585,0.009202949
4.586,-0.000497671
4.587,-0.025719283
4.588,0.024723941
4.589,-0.032186363
4.59,0.005322701
4.591,0.002412515
4.592,-0.025719283
4.593,0.021813755
4.594,-0.028629469
4.595,0.006292763
4.596,-0.000174317
4.597,-0.022485743
4.598,0.022137109
4.599,-0.032186363
4.6,0.009202949
4.601,0.003705931
4.602,-0.025719283
4.603,0.024400587
4.604,-0.032509717
4.605,0.005969409
4.606,0.002735869
4.607,-0.029599531
4.608,0.022137109
4.609,-0.029276177
4.61,0.009202949
4.611,-0.000497671
4.612,-0.023455805
4.613,0.025047295
4.614,-0.031539655
4.615,0.007909533
4.616,0.002735869
4.617,-0.026042637
4.618,0.024400587
4.619,-0.029276177
4.62,0.006292763
4.621,-0.000497671
4.622,-0.023132451
4.623,0.021813755
4.624,-0.031863009
4.625,0.008879595
4.626,0.000149037
4.627,-0.025719283
4.628,0.025047295
4.629,-0.031863009
4.63,0.005322701
4.631,0.002735869
4.632,-0.025395929
4.633,0.021490401
4.634,-0.028952823
4.635,0.005646055
4.636,-0.000497671
4.637,-0.022809097
4.638,0.021490401
4.639,-0.031863009
4.64,0.008556241
4.641,0.003059223
4.642,-0.026042637
4.643,0.024723941
4.644,-0.032509717
4.645,0.004999347
4.646,0.002412515
4.647,-0.027982761
4.648,0.021167047
4.649,-0.029276177
4.65,0.011466427
4.651,-0.000174317
4.652,-0.023779159
4.653,0.024400587
4.654,-0.031216301
4.655,0.008556241
4.656,0.002412515
4.657,-0.026365991
4.658,0.025047295
4.659,-0.028306115
4.66,0.005322701
4.661,-0.000497671
4.662,-0.023132451
4.663,0.022137109
4.664,-0.032186363
4.665,0.008232887
4.666,0.000149037
4.667,-0.026042637
4.668,0.024400587
4.669,-0.031216301
4.67,0.005322701
4.671,0.002735869
4.672,-0.025719283
4.673,0.021813755
4.674,-0.028629469
4.675,0.005646055
4.676,-0.000174317
4.677,-0.022809097
4.678,0.021813755
4.679,-0.031863009
4.68,0.008556241
4.681,0.003705931
4.682,-0.026042637
4.683,0.024400587
4.684,-0.031539655
4.685,0.005646055
4.686,0.002412515
4.687,-0.029599531
4.688,0.022460463
4.689,-0.028306115
4.69,0.009202949
4.691,-0.000821025
4.692,-0.022809097
4.693,0.024723941
4.694,-0.031863009
4.695,0.007909533
4.696,0.002735869
4.697,-0.026042637
4.698,0.024400587
4.699,-0.028306115
4.7,0.005646055
4.701,-0.000497671
4.702,-0.022809097
4.703,0.022137109
4.704,-0.031539655
4.705,0.007909533
4.706,0.000149037
4.707,-0.026042637
4.708,0.024723941
4.709,-0.031539655
4.71,0.004675993
4.711,0.003382577
4.712,-0.026042637
4.713,0.021490401
4.714,-0.028952823
4.715,0.005322701
4.716,-0.000821025
4.717,-0.023132451
4.718,0.022137109
4.719,-0.031539655
4.72,0.008232887
4.721,0.002735869
4.722,-0.025719283
4.723,0.025047295
4.724,-0.032186363
4.725,0.005322701
4.726,0.002735869
4.727,-0.028952823
4.728,0.021813755
4.729,-0.028629469
4.73,0.012113135
4.731,-0.000174317
4.732,-0.023132451
4.733,0.025694003
4.734,-0.030892947
4.735,0.007909533
4.736,0.003059223
4.737,-0.026042637
4.738,0.024723941
4.739,-0.028952823
4.74,0.005322701
4.741,-0.000497671
4.742,-0.023132451
4.743,0.022137109
4.744,-0.031216301
4.745,0.008556241
4.746,0.000149037
4.747,-0.026042637
4.748,0.025047295
4.749,-0.031539655
4.75,0.005646055
4.751,0.003382577
4.752,-0.026689345
4.753,0.021490401
4.754,-0.028952823
4.755,0.005322701
4.756,0.000149037
4.757,-0.023455805
4.758,0.021490401
4.759,-0.031863009
4.76,0.008556241
4.761,0.004029285
4.762,-0.026365991
4.763,0.024723941
4.764,-0.031539655
4.765,0.005322701
4.766,0.003382577
4.767,-0.030246239
4.768,0.022460463
4.769,-0.027982761
4.77,0.008879595
4.771,0.000472391
4.772,-0.023455805
4.773,0.024723941
4.774,-0.032186363
4.775,0.007262825
4.776,0.003382577
4.777,-0.027012699
4.778,0.024077233
4.779,-0.028306115
4.78,0.005646055
4.781,-0.000497671
4.782,-0.023455805
4.783,0.022460463
4.784,-0.031539655
4.785,0.007909533
4.786,0.000472391
4.787,-0.027012699
4.788,0.024400587
4.789,-0.031863009
4.79,0.005322701
4.791,0.004352639
4.792,-0.026365991
4.793,0.022137109
4.794,-0.028306115
4.795,0.004999347
4.796,0.000795745
4.797,-0.024425867
4.798,0.022137109
4.799,-0.031216301
4.8,0.007909533
4.801,0.003382577
4.802,-0.026689345
4.803,0.024723941
4.804,-0.031863009
4.805,0.004999347
4.806,0.003705931
4.807,-0.029922885
4.808,0.021813755
4.809,-0.028952823
4.81,0.010819719
4.811,0.000472391
4.812,-0.024749221
4.813,0.025370649
4.814,-0.031216301
4.815,0.006939471
4.816,0.004029285
4.817,-0.026365991
4.818,0.024723941
4.819,-0.028306115
4.82,0.004999347
4.821,0.000795745
4.822,-0.023455805
4.823,0.021813755
4.824,-0.031539655
4.825,0.007262825
4.826,0.000795745
4.827,-0.027012699
4.828,0.025047295
4.829,-0.031539655
4.83,0.004352639
4.831,0.003382577
4.832,-0.026689345
4.833,0.021813755
4.834,-0.028629469
4.835,0.004675993
4.836,0.001119099
4.837,-0.023779159
4.838,0.021813755
4.839,-0.031216301
4.84,0.007586179
4.841,0.004352639
4.842,-0.026689345
4.843,0.024723941
4.844,-0.030892947
4.845,0.004352639
4.846,0.003382577
4.847,-0.030569593
4.848,0.022137109
4.849,-0.028952823
4.85,0.008232887
4.851,0.001119099
4.852,-0.024425867
4.853,0.024723941
4.854,-0.031539655
4.855,0.007586179
4.856,0.003382577
4.857,-0.027336053
4.858,0.025047295
4.859,-0.027336053
4.86,0.004675993
4.861,0.000795745
4.862,-0.024102513
4.863,0.022137109
4.864,-0.030892947
4.865,0.007586179
4.866,0.001442453
4.867,-0.027982761
4.868,0.025047295
4.869,-0.031216301
4.87,0.004352639
4.871,0.004352639
4.872,-0.027336053
4.873,0.022137109
4.874,-0.028306115
4.875,0.004675993
4.876,0.000795745
4.877,-0.024749221
4.878,0.022137109
4.879,-0.031863009
4.88,0.007262825
4.881,0.004029285
4.882,-0.027336053
4.883,0.024723941
4.884,-0.031539655
4.885,0.004352639
4.886,0.003705931
4.887,-0.029922885
4.888,0.021813755
4.889,-0.027982761
4.89,0.009849657
4.891,0.000795745
4.892,-0.024102513
4.893,0.025694003
4.894,-0.030569593
4.895,0.006939471
4.896,0.004675993
4.897,-0.026689345
4.898,0.024400587
4.899,-0.027659407
4.9,0.004675993
4.901,0.001119099
4.902,-0.024102513
4.903,0.021813755
4.904,-0.030892947
4.905,0.007586179
4.906,0.001442453
4.907,-0.027336053
4.908,0.024077233
4.909,-0.030569593
4.91,0.004352639
4.911,0.003705931
4.912,-0.027012699
4.913,0.022137109
4.914,-0.028629469
4.915,0.004352639
4.916,0.001119099
4.917,-0.024102513
4.918,0.022460463
4.919,-0.030892947
4.92,0.007262825
4.921,0.004675993
4.922,-0.027659407
4.923,0.025370649
4.924,-0.030569593
4.925,0.004029285
4.926,0.004352639
4.927,-0.030246239
4.928,0.022137109
4.929,-0.028306115
4.93,0.007586179
4.931,0.001119099
4.932,-0.024749221
4.933,0.024077233
4.934,-0.030892947
4.935,0.006616117
4.936,0.004352639
4.937,-0.026689345
4.938,0.024723941
4.939,-0.027336053
4.94,0.004029285
4.941,0.001119099
4.942,-0.024425867
4.943,0.022460463
4.944,-0.031216301
4.945,0.007586179
4.946,0.001765807
4.947,-0.027012699
4.948,0.025047295
4.949,-0.030892947
4.95,0.003705931
4.951,0.004675993
4.952,-0.027659407
4.953,0.021813755
4.954,-0.027982761
4.955,0.004029285
4.956,0.000795745
4.957,-0.024425867
4.958,0.021813755
4.959,-0.031539655
4.96,0.006939471
4.961,0.004999347
4.962,-0.027659407
4.963,0.024400587
4.964,-0.030892947
4.965,0.003705931
4.966,0.004029285
4.967,-0.030246239
4.968,0.022137109
4.969,-0.027659407
4.97,0.009526303
4.971,0.001765807
4.972,-0.024749221
4.973,0.025694003
4.974,-0.030569593
4.975,0.006939471
4.976,0.004999347
4.977,-0.027012699
4.978,0.025047295
4.979,-0.027336053
4.98,0.004029285
4.981,0.001119099
4.982,-0.024425867
4.983,0.022137109
4.984,-0.030892947
4.985,0.007262825
4.986,0.001442453
4.987,-0.027982761
4.988,0.024723941
4.989,-0.031216301
4.99,0.003382577
4.991,0.004029285
4.992,-0.027659407
4.993,0.021167047
4.994,-0.027659407
4.995,0.004352639
4.996,0.001765807
4.997,-0.025072575
4.998,0.022460463
4.999,-0.030569593
5,0.006616117
5.001,0.004675993
5.002,-0.027336053
5.003,0.025047295
5.004,-0.031539655
5.005,0.003705931
5.006,0.004675993
5.007,-0.030569593
5.008,0.021813755
5.009,-0.028306115
5.01,0.007909533
5.011,0.001765807
5.012,-0.025395929
5.013,0.025370649
5.014,-0.030569593
5.015,0.006292763
5.016,0.004352639
5.017,-0.027659407
5.018,0.025047295
5.019,-0.027336053
5.02,0.003382577
5.021,0.001442453
5.022,-0.024102513
5.023,0.022460463
5.024,-0.031539655
5.025,0.006939471
5.026,0.001765807
5.027,-0.028306115
5.028,0.024723941
5.029,-0.030569593
5.03,0.003705931
5.031,0.004675993
5.032,-0.027659407
5.033,0.022137109
5.034,-0.027336053
5.035,0.003705931
5.036,0.001442453
5.037,-0.024749221
5.038,0.022137109
5.039,-0.030892947
5.04,0.006292763
5.041,0.005322701
5.042,-0.028306115
5.043,0.025047295
5.044,-0.031216301
5.045,0.003705931
5.046,0.004352639
5.047,-0.030892947
5.048,0.022460463
5.049,-0.027336053
5.05,0.008879595
5.051,0.002089161
5.052,-0.024749221
5.053,0.025370649
5.054,-0.030246239
5.055,0.006292763
5.056,0.005322701
5.057,-0.027659407
5.058,0.024400587
5.059,-0.027659407
5.06,0.004352639
5.061,0.002089161
5.062,-0.024425867
5.063,0.022137109
5.064,-0.029922885
5.065,0.006292763
5.066,0.002089161
5.067,-0.028306115
5.068,0.024723941
5.069,-0.030246239
5.07,0.003382577
5.071,0.005322701
5.072,-0.027659407
5.073,0.022137109
5.074,-0.027336053
5.075,0.003382577
5.076,0.002089161
5.077,-0.025072575
5.078,0.022460463
5.079,-0.030246239
5.08,0.006292763
5.081,0.005646055
5.082,-0.027982761
5.083,0.025047295
5.084,-0.031539655
5.085,0.003705931
5.086,0.005646055
5.087,-0.031216301
5.088,0.021490401
5.089,-0.027659407
5.09,0.006939471
5.091,0.002735869
5.092,-0.025395929
5.093,0.025047295
5.094,-0.029599531
5.095,0.005969409
5.096,0.005646055
5.097,-0.027659407
5.098,0.024723941
5.099,-0.027336053
